05/05 14:46:07 - mmengine - INFO - 
------------------------------------------------------------
System environment:
    sys.platform: linux
    Python: 3.9.19 (main, Apr  6 2024, 17:57:55) [GCC 9.4.0]
    CUDA available: True
    MUSA available: False
    numpy_random_seed: 580722447
    GPU 0: NVIDIA A100 80GB PCIe
    CUDA_HOME: /apps/cuda/cuda-11.8
    NVCC: Cuda compilation tools, release 11.8, V11.8.89
    GCC: x86_64-linux-gnu-gcc (Ubuntu 9.4.0-1ubuntu1~20.04.2) 9.4.0
    PyTorch: 2.0.0+cu118
    PyTorch compiling details: PyTorch built with:
  - GCC 9.3
  - C++ Version: 201703
  - Intel(R) oneAPI Math Kernel Library Version 2022.2-Product Build 20220804 for Intel(R) 64 architecture applications
  - Intel(R) MKL-DNN v2.7.3 (Git Hash 6dbeffbae1f23cbbeae17adb7b5b13f1f37c080e)
  - OpenMP 201511 (a.k.a. OpenMP 4.5)
  - LAPACK is enabled (usually provided by MKL)
  - NNPACK is enabled
  - CPU capability usage: AVX2
  - CUDA Runtime 11.8
  - NVCC architecture flags: -gencode;arch=compute_37,code=sm_37;-gencode;arch=compute_50,code=sm_50;-gencode;arch=compute_60,code=sm_60;-gencode;arch=compute_70,code=sm_70;-gencode;arch=compute_75,code=sm_75;-gencode;arch=compute_80,code=sm_80;-gencode;arch=compute_86,code=sm_86;-gencode;arch=compute_90,code=sm_90
  - CuDNN 8.7
  - Magma 2.6.1
  - Build settings: BLAS_INFO=mkl, BUILD_TYPE=Release, CUDA_VERSION=11.8, CUDNN_VERSION=8.7.0, CXX_COMPILER=/opt/rh/devtoolset-9/root/usr/bin/c++, CXX_FLAGS= -D_GLIBCXX_USE_CXX11_ABI=0 -fabi-version=11 -Wno-deprecated -fvisibility-inlines-hidden -DUSE_PTHREADPOOL -DNDEBUG -DUSE_KINETO -DLIBKINETO_NOROCTRACER -DUSE_FBGEMM -DUSE_QNNPACK -DUSE_PYTORCH_QNNPACK -DUSE_XNNPACK -DSYMBOLICATE_MOBILE_DEBUG_HANDLE -O2 -fPIC -Wall -Wextra -Werror=return-type -Werror=non-virtual-dtor -Werror=bool-operation -Wnarrowing -Wno-missing-field-initializers -Wno-type-limits -Wno-array-bounds -Wno-unknown-pragmas -Wunused-local-typedefs -Wno-unused-parameter -Wno-unused-function -Wno-unused-result -Wno-strict-overflow -Wno-strict-aliasing -Wno-error=deprecated-declarations -Wno-stringop-overflow -Wno-psabi -Wno-error=pedantic -Wno-error=redundant-decls -Wno-error=old-style-cast -fdiagnostics-color=always -faligned-new -Wno-unused-but-set-variable -Wno-maybe-uninitialized -fno-math-errno -fno-trapping-math -Werror=format -Werror=cast-function-type -Wno-stringop-overflow, LAPACK_INFO=mkl, PERF_WITH_AVX=1, PERF_WITH_AVX2=1, PERF_WITH_AVX512=1, TORCH_DISABLE_GPU_ASSERTS=ON, TORCH_VERSION=2.0.0, USE_CUDA=ON, USE_CUDNN=ON, USE_EXCEPTION_PTR=1, USE_GFLAGS=OFF, USE_GLOG=OFF, USE_MKL=ON, USE_MKLDNN=ON, USE_MPI=OFF, USE_NCCL=1, USE_NNPACK=ON, USE_OPENMP=ON, USE_ROCM=OFF, 

    TorchVision: 0.15.1+cu118
    OpenCV: 4.11.0
    MMEngine: 0.10.6

Runtime environment:
    cudnn_benchmark: False
    mp_cfg: {'mp_start_method': 'fork', 'opencv_num_threads': 0}
    dist_cfg: {'backend': 'nccl'}
    seed: 580722447
    Distributed launcher: none
    Distributed training: False
    GPU number: 1
------------------------------------------------------------

05/05 14:46:07 - mmengine - INFO - Config:
auto_scale_lr = dict(base_batch_size=16, enable=False)
backend_args = None
checkpoint_file = 'https://download.openmmlab.com/mmclassification/v0/convnext/downstream/convnext-tiny_3rdparty_32xb128-noema_in1k_20220301-795e9634.pth'
custom_hooks = [
    dict(
        calculate_pseudo_labels_from_epoch=1,
        type='PseudoLabelClusteringHook'),
]
custom_imports = dict(
    allow_failed_imports=False,
    imports=[
        'mmpretrain.models',
        'projects.OLN.oln',
        'projects.oln-ssos.oln-ssos',
    ])
data_root = '/home2/projects/datasets/dbf6/'
dataset_type = 'SSOSDB6SplitDataset'
default_hooks = dict(
    checkpoint=dict(_scope_='mmdet', interval=2, type='CheckpointHook'),
    logger=dict(_scope_='mmdet', interval=50, type='LoggerHook'),
    param_scheduler=dict(_scope_='mmdet', type='ParamSchedulerHook'),
    sampler_seed=dict(_scope_='mmdet', type='DistSamplerSeedHook'),
    timer=dict(_scope_='mmdet', type='IterTimerHook'),
    visualization=dict(_scope_='mmdet', type='DetVisualizationHook'))
default_scope = 'mmdet'
env_cfg = dict(
    cudnn_benchmark=False,
    dist_cfg=dict(backend='nccl'),
    mp_cfg=dict(mp_start_method='fork', opencv_num_threads=0))
launcher = 'none'
load_from = '/home3/qljx17/MMOln-ssos/mmdetection/work_dirs/oln_box_convnext-t-p4-w7_fpn_amp-ms-crop-3x_dbf6/epoch_36.pth'
log_level = 'INFO'
log_processor = dict(
    _scope_='mmdet', by_epoch=True, type='LogProcessor', window_size=50)
model = dict(
    _scope_='mmdet',
    backbone=dict(
        arch='tiny',
        drop_path_rate=0.4,
        gap_before_final_norm=False,
        init_cfg=dict(
            checkpoint=
            'https://download.openmmlab.com/mmclassification/v0/convnext/downstream/convnext-tiny_3rdparty_32xb128-noema_in1k_20220301-795e9634.pth',
            prefix='backbone.',
            type='Pretrained'),
        layer_scale_init_value=1.0,
        out_indices=[
            0,
            1,
            2,
            3,
        ],
        type='mmpretrain.ConvNeXt'),
    data_preprocessor=dict(
        bgr_to_rgb=True,
        mean=[
            123.675,
            116.28,
            103.53,
        ],
        pad_size_divisor=32,
        std=[
            58.395,
            57.12,
            57.375,
        ],
        type='DetDataPreprocessor'),
    neck=dict(
        in_channels=[
            96,
            192,
            384,
            768,
        ],
        num_outs=5,
        out_channels=256,
        type='FPN'),
    roi_head=dict(
        bbox_head=dict(
            bbox_coder=dict(
                target_means=[
                    0.0,
                    0.0,
                    0.0,
                    0.0,
                ],
                target_stds=[
                    0.1,
                    0.1,
                    0.2,
                    0.2,
                ],
                type='DeltaXYWHBBoxCoder'),
            bbox_score_type='BoxIoU',
            fc_out_channels=1024,
            in_channels=256,
            loss_bbox=dict(loss_weight=1.0, type='L1Loss'),
            loss_bbox_score=dict(loss_weight=1.0, type='L1Loss'),
            loss_cls=dict(
                loss_weight=0.0, type='CrossEntropyLoss', use_sigmoid=False),
            num_classes=1,
            reg_class_agnostic=True,
            roi_feat_size=7,
            type='OODShared2FCBBoxScoreHead'),
        bbox_roi_extractor=dict(
            featmap_strides=[
                4,
                8,
                16,
                32,
            ],
            out_channels=256,
            roi_layer=dict(output_size=7, sampling_ratio=0, type='RoIAlign'),
            type='SingleRoIExtractor'),
        bottomk_epsilon_dist=1,
        k=10,
        logistic_regression_hidden_dim=512,
        negative_sampling_size=10000,
        ood_loss_weight=0.1,
        pseudo_bbox_roi_extractor=dict(
            featmap_strides=[
                4,
                8,
                16,
                32,
            ],
            out_channels=256,
            roi_layer=dict(output_size=3, sampling_ratio=0, type='RoIAlign'),
            type='SingleRoIExtractor'),
        pseudo_label_loss_weight=1.0,
        repeat_ood_sampling=1,
        start_epoch=3,
        type='OLNKMeansVOSRoIHead'),
    rpn_head=dict(
        anchor_generator=dict(
            ratios=[
                1.0,
            ],
            scales=[
                8,
            ],
            strides=[
                4,
                8,
                16,
                32,
                64,
            ],
            type='AnchorGenerator'),
        bbox_coder=dict(
            normalizer=1.0,
            target_means=[
                0.0,
                0.0,
                0.0,
                0.0,
            ],
            target_stds=[
                1.0,
                1.0,
                1.0,
                1.0,
            ],
            type='TBLRBBoxCoder'),
        feat_channels=256,
        in_channels=256,
        loss_bbox=dict(loss_weight=10.0, type='IoULoss'),
        loss_cls=dict(
            loss_weight=0.0, type='CrossEntropyLoss', use_sigmoid=True),
        loss_objectness=dict(loss_weight=1.0, type='L1Loss'),
        objectness_type='Centerness',
        reg_decoded_bbox=True,
        type='OLNRPNHead'),
    test_cfg=dict(
        rcnn=dict(
            max_per_img=1500,
            nms=dict(iou_threshold=0.7, type='nms'),
            ood_threshold=0.0,
            score_thr=0.0),
        rpn=dict(
            max_num=2000,
            max_per_img=1000,
            min_bbox_size=0,
            nms=dict(iou_threshold=0.7, type='nms'),
            nms_across_levels=False,
            nms_post=2000,
            nms_pre=2000,
            nms_thr=0.0)),
    train_cfg=dict(
        rcnn=dict(
            assigner=dict(
                ignore_iof_thr=-1,
                match_low_quality=False,
                min_pos_iou=0.5,
                neg_iou_thr=0.5,
                pos_iou_thr=0.5,
                type='MaxIoUAssigner'),
            debug=False,
            pos_weight=-1,
            sampler=dict(
                add_gt_as_proposals=True,
                neg_pos_ub=-1,
                num=512,
                pos_fraction=0.25,
                type='RandomSampler')),
        rpn=dict(
            allowed_border=-1,
            assigner=dict(
                ignore_iof_thr=-1,
                match_low_quality=True,
                min_pos_iou=0.3,
                neg_iou_thr=0.3,
                pos_iou_thr=0.7,
                type='MaxIoUAssigner'),
            debug=False,
            objectness_assigner=dict(
                ignore_iof_thr=-1,
                min_pos_iou=0.3,
                neg_iou_thr=0.1,
                pos_iou_thr=0.3,
                type='MaxIoUAssigner'),
            objectness_sampler=dict(
                add_gt_as_proposals=False,
                neg_pos_ub=-1,
                num=256,
                pos_fraction=1.0,
                type='RandomSampler'),
            pos_weight=-1,
            sampler=dict(
                add_gt_as_proposals=False,
                neg_pos_ub=-1,
                num=256,
                pos_fraction=0.5,
                type='RandomSampler')),
        rpn_proposal=dict(
            max_num=2000,
            max_per_img=1000,
            min_bbox_size=0,
            nms=dict(iou_threshold=0.7, type='nms'),
            nms_across_levels=False,
            nms_post=2000,
            nms_pre=2000,
            nms_thr=0.7)),
    type='FasterRCNN')
optim_wrapper = dict(
    _scope_='mmdet',
    constructor='LearningRateDecayOptimizerConstructor',
    optimizer=dict(
        betas=(
            0.9,
            0.999,
        ), lr=0.0001, type='AdamW', weight_decay=0.05),
    paramwise_cfg=dict(decay_rate=0.95, decay_type='layer_wise', num_layers=6),
    type='OptimWrapper')
param_scheduler = [
    dict(
        begin=0, by_epoch=False, end=1000, start_factor=0.001,
        type='LinearLR'),
    dict(
        begin=0,
        by_epoch=True,
        end=18,
        gamma=0.1,
        milestones=[
            27,
            33,
        ],
        type='MultiStepLR'),
]
resume = False
test_cfg = dict(_scope_='mmdet', type='TestLoop')
test_dataloader = dict(
    batch_size=2,
    dataset=dict(
        _scope_='mmdet',
        ann_file=
        '/home2/projects/datasets/dbf6/annotations/test_db6_no_firearms.json',
        backend_args=None,
        data_prefix=dict(img='/home2/projects/datasets/dbf6/images/'),
        data_root='/home2/projects/datasets/dbf6/',
        eval_class='all',
        is_class_agnostic=True,
        pipeline=[
            dict(backend_args=None, type='LoadImageFromFile'),
            dict(keep_ratio=True, scale=(
                1333,
                800,
            ), type='Resize'),
            dict(type='LoadAnnotations', with_bbox=True),
            dict(
                meta_keys=(
                    'img_id',
                    'img_path',
                    'ori_shape',
                    'img_shape',
                    'scale_factor',
                ),
                type='PackDetInputs'),
        ],
        serialize_data=False,
        test_mode=True,
        train_class='all',
        type='SSOSDB6SplitDataset'),
    drop_last=False,
    num_workers=0,
    persistent_workers=False,
    sampler=dict(_scope_='mmdet', shuffle=False, type='DefaultSampler'))
test_evaluator = dict(
    _scope_='mmdet',
    ann_file=
    '/home2/projects/datasets/dbf6/annotations/test_db6_no_firearms.json',
    backend_args=None,
    eval_class='all',
    format_only=False,
    metric='bbox',
    train_class='all',
    type='PseudoLabelDBF6SplitMetric')
test_pipeline = [
    dict(_scope_='mmdet', backend_args=None, type='LoadImageFromFile'),
    dict(_scope_='mmdet', keep_ratio=True, scale=(
        1333,
        800,
    ), type='Resize'),
    dict(_scope_='mmdet', type='LoadAnnotations', with_bbox=True),
    dict(
        _scope_='mmdet',
        meta_keys=(
            'img_id',
            'img_path',
            'ori_shape',
            'img_shape',
            'scale_factor',
        ),
        type='PackDetInputs'),
]
train_cfg = dict(
    _scope_='mmdet', max_epochs=18, type='EpochBasedTrainLoop', val_interval=1)
train_dataloader = dict(
    batch_sampler=dict(_scope_='mmdet', type='AspectRatioBatchSampler'),
    batch_size=16,
    dataset=dict(
        _scope_='mmdet',
        ann_file=
        '/home2/projects/datasets/dbf6/annotations/train_db6_no_firearms.json',
        backend_args=None,
        data_prefix=dict(img='/home2/projects/datasets/dbf6/images/'),
        data_root='/home2/projects/datasets/dbf6/',
        eval_class='all',
        filter_cfg=dict(filter_empty_gt=True, min_size=32),
        is_class_agnostic=True,
        pipeline=[
            dict(backend_args=None, type='LoadImageFromFile'),
            dict(type='LoadAnnotationsWithAnnID', with_bbox=True),
            dict(
                keep_ratio=True,
                scales=[
                    (
                        480,
                        1333,
                    ),
                    (
                        512,
                        1333,
                    ),
                    (
                        544,
                        1333,
                    ),
                    (
                        576,
                        1333,
                    ),
                    (
                        608,
                        1333,
                    ),
                    (
                        640,
                        1333,
                    ),
                    (
                        672,
                        1333,
                    ),
                    (
                        704,
                        1333,
                    ),
                    (
                        736,
                        1333,
                    ),
                    (
                        768,
                        1333,
                    ),
                    (
                        800,
                        1333,
                    ),
                ],
                type='RandomChoiceResize'),
            dict(prob=0.5, type='RandomFlip'),
            dict(type='PackPseudoLabelDetInputs'),
        ],
        serialize_data=False,
        train_class='all',
        type='SSOSDB6SplitDataset'),
    num_workers=0,
    persistent_workers=False,
    sampler=dict(_scope_='mmdet', shuffle=True, type='DefaultSampler'))
train_pipeline = [
    dict(backend_args=None, type='LoadImageFromFile'),
    dict(type='LoadAnnotationsWithAnnID', with_bbox=True),
    dict(
        keep_ratio=True,
        scales=[
            (
                480,
                1333,
            ),
            (
                512,
                1333,
            ),
            (
                544,
                1333,
            ),
            (
                576,
                1333,
            ),
            (
                608,
                1333,
            ),
            (
                640,
                1333,
            ),
            (
                672,
                1333,
            ),
            (
                704,
                1333,
            ),
            (
                736,
                1333,
            ),
            (
                768,
                1333,
            ),
            (
                800,
                1333,
            ),
        ],
        type='RandomChoiceResize'),
    dict(prob=0.5, type='RandomFlip'),
    dict(type='PackPseudoLabelDetInputs'),
]
val_cfg = dict(_scope_='mmdet', type='ValLoop')
val_dataloader = dict(
    batch_size=2,
    dataset=dict(
        _scope_='mmdet',
        ann_file=
        '/home2/projects/datasets/dbf6/annotations/test_db6_no_firearms.json',
        backend_args=None,
        data_prefix=dict(img='/home2/projects/datasets/dbf6/images/'),
        data_root='/home2/projects/datasets/dbf6/',
        eval_class='all',
        is_class_agnostic=True,
        pipeline=[
            dict(backend_args=None, type='LoadImageFromFile'),
            dict(keep_ratio=True, scale=(
                1333,
                800,
            ), type='Resize'),
            dict(type='LoadAnnotations', with_bbox=True),
            dict(
                meta_keys=(
                    'img_id',
                    'img_path',
                    'ori_shape',
                    'img_shape',
                    'scale_factor',
                ),
                type='PackDetInputs'),
        ],
        serialize_data=False,
        test_mode=True,
        train_class='all',
        type='SSOSDB6SplitDataset'),
    drop_last=False,
    num_workers=0,
    persistent_workers=False,
    sampler=dict(_scope_='mmdet', shuffle=False, type='DefaultSampler'))
val_evaluator = dict(
    _scope_='mmdet',
    ann_file=
    '/home2/projects/datasets/dbf6/annotations/test_db6_no_firearms.json',
    backend_args=None,
    eval_class='all',
    format_only=False,
    metric='bbox',
    train_class='all',
    type='PseudoLabelDBF6SplitMetric')
vis_backends = [
    dict(_scope_='mmdet', type='LocalVisBackend'),
]
visualizer = dict(
    _scope_='mmdet',
    name='visualizer',
    type='DetLocalVisualizer',
    vis_backends=[
        dict(type='LocalVisBackend'),
    ])
work_dir = './work_dirs/oln_ssos_box_convnext-t-p4-w7_fpn_amp-ms-crop-3x_dbf6_oodsampling1_startepoch3_k10'

/home3/qljx17/MMOln-ssos/mmdetection/mmdet/models/dense_heads/anchor_head.py:108: UserWarning: DeprecationWarning: `num_anchors` is deprecated, for consistency or also use `num_base_priors` instead
  warnings.warn('DeprecationWarning: `num_anchors` is deprecated, '
/home3/qljx17/MMOln-ssos/mmdetection/mmdet/models/task_modules/builder.py:39: UserWarning: ``build_assigner`` would be deprecated soon, please use ``mmdet.registry.TASK_UTILS.build()`` 
  warnings.warn('``build_assigner`` would be deprecated soon, please use '
/home3/qljx17/MMOln-ssos/mmdetection/mmdet/models/task_modules/builder.py:46: UserWarning: ``build_sampler`` would be deprecated soon, please use ``mmdet.registry.TASK_UTILS.build()`` 
  warnings.warn('``build_sampler`` would be deprecated soon, please use '
05/05 14:46:09 - mmengine - INFO - Distributed training is not used, all SyncBatchNorm (SyncBN) layers in the model will be automatically reverted to BatchNormXd layers if they are used.
05/05 14:46:09 - mmengine - INFO - Hooks will be executed in the following order:
before_run:
(VERY_HIGH   ) RuntimeInfoHook                    
(BELOW_NORMAL) LoggerHook                         
 -------------------- 
before_train:
(VERY_HIGH   ) RuntimeInfoHook                    
(NORMAL      ) IterTimerHook                      
(VERY_LOW    ) CheckpointHook                     
 -------------------- 
before_train_epoch:
(VERY_HIGH   ) RuntimeInfoHook                    
(NORMAL      ) IterTimerHook                      
(NORMAL      ) DistSamplerSeedHook                
(NORMAL      ) PseudoLabelClusteringHook          
 -------------------- 
before_train_iter:
(VERY_HIGH   ) RuntimeInfoHook                    
(NORMAL      ) IterTimerHook                      
 -------------------- 
after_train_iter:
(VERY_HIGH   ) RuntimeInfoHook                    
(NORMAL      ) IterTimerHook                      
(BELOW_NORMAL) LoggerHook                         
(LOW         ) ParamSchedulerHook                 
(VERY_LOW    ) CheckpointHook                     
 -------------------- 
after_train_epoch:
(NORMAL      ) IterTimerHook                      
(LOW         ) ParamSchedulerHook                 
(VERY_LOW    ) CheckpointHook                     
 -------------------- 
before_val:
(VERY_HIGH   ) RuntimeInfoHook                    
 -------------------- 
before_val_epoch:
(NORMAL      ) IterTimerHook                      
 -------------------- 
before_val_iter:
(NORMAL      ) IterTimerHook                      
 -------------------- 
after_val_iter:
(NORMAL      ) IterTimerHook                      
(NORMAL      ) DetVisualizationHook               
(BELOW_NORMAL) LoggerHook                         
 -------------------- 
after_val_epoch:
(VERY_HIGH   ) RuntimeInfoHook                    
(NORMAL      ) IterTimerHook                      
(BELOW_NORMAL) LoggerHook                         
(LOW         ) ParamSchedulerHook                 
(VERY_LOW    ) CheckpointHook                     
 -------------------- 
after_val:
(VERY_HIGH   ) RuntimeInfoHook                    
 -------------------- 
after_train:
(VERY_HIGH   ) RuntimeInfoHook                    
(VERY_LOW    ) CheckpointHook                     
 -------------------- 
before_test:
(VERY_HIGH   ) RuntimeInfoHook                    
 -------------------- 
before_test_epoch:
(NORMAL      ) IterTimerHook                      
 -------------------- 
before_test_iter:
(NORMAL      ) IterTimerHook                      
 -------------------- 
after_test_iter:
(NORMAL      ) IterTimerHook                      
(NORMAL      ) DetVisualizationHook               
(BELOW_NORMAL) LoggerHook                         
 -------------------- 
after_test_epoch:
(VERY_HIGH   ) RuntimeInfoHook                    
(NORMAL      ) IterTimerHook                      
(BELOW_NORMAL) LoggerHook                         
 -------------------- 
after_test:
(VERY_HIGH   ) RuntimeInfoHook                    
 -------------------- 
after_run:
(BELOW_NORMAL) LoggerHook                         
 -------------------- 
Initializing CocoSplitDataset with train_class=all, eval_class=all
loading annotations into memory...
Done (t=0.04s)
creating index...
index created!
05/05 14:46:09 - mmengine - INFO - self.paramwise_cfg is {'decay_rate': 0.95, 'decay_type': 'layer_wise', 'num_layers': 6}
05/05 14:46:09 - mmengine - INFO - Build LearningRateDecayOptimizerConstructor  layer_wise 0.95 - 8
05/05 14:46:09 - mmengine - INFO - set param backbone.downsample_layers.0.0.weight as id 0
05/05 14:46:09 - mmengine - INFO - set param backbone.downsample_layers.0.0.bias as id 0
05/05 14:46:09 - mmengine - INFO - set param backbone.downsample_layers.0.1.weight as id 0
05/05 14:46:09 - mmengine - INFO - set param backbone.downsample_layers.0.1.bias as id 0
05/05 14:46:09 - mmengine - INFO - set param backbone.downsample_layers.1.0.weight as id 2
05/05 14:46:09 - mmengine - INFO - set param backbone.downsample_layers.1.0.bias as id 2
05/05 14:46:09 - mmengine - INFO - set param backbone.downsample_layers.1.1.weight as id 2
05/05 14:46:09 - mmengine - INFO - set param backbone.downsample_layers.1.1.bias as id 2
05/05 14:46:09 - mmengine - INFO - set param backbone.downsample_layers.2.0.weight as id 3
05/05 14:46:09 - mmengine - INFO - set param backbone.downsample_layers.2.0.bias as id 3
05/05 14:46:09 - mmengine - INFO - set param backbone.downsample_layers.2.1.weight as id 3
05/05 14:46:09 - mmengine - INFO - set param backbone.downsample_layers.2.1.bias as id 3
05/05 14:46:09 - mmengine - INFO - set param backbone.downsample_layers.3.0.weight as id 6
05/05 14:46:09 - mmengine - INFO - set param backbone.downsample_layers.3.0.bias as id 6
05/05 14:46:09 - mmengine - INFO - set param backbone.downsample_layers.3.1.weight as id 6
05/05 14:46:09 - mmengine - INFO - set param backbone.downsample_layers.3.1.bias as id 6
05/05 14:46:09 - mmengine - INFO - set param backbone.stages.0.0.gamma as id 1
05/05 14:46:09 - mmengine - INFO - set param backbone.stages.0.0.depthwise_conv.weight as id 1
05/05 14:46:09 - mmengine - INFO - set param backbone.stages.0.0.depthwise_conv.bias as id 1
05/05 14:46:09 - mmengine - INFO - set param backbone.stages.0.0.norm.weight as id 1
05/05 14:46:09 - mmengine - INFO - set param backbone.stages.0.0.norm.bias as id 1
05/05 14:46:09 - mmengine - INFO - set param backbone.stages.0.0.pointwise_conv1.weight as id 1
05/05 14:46:09 - mmengine - INFO - set param backbone.stages.0.0.pointwise_conv1.bias as id 1
05/05 14:46:09 - mmengine - INFO - set param backbone.stages.0.0.pointwise_conv2.weight as id 1
05/05 14:46:09 - mmengine - INFO - set param backbone.stages.0.0.pointwise_conv2.bias as id 1
05/05 14:46:09 - mmengine - INFO - set param backbone.stages.0.1.gamma as id 1
05/05 14:46:09 - mmengine - INFO - set param backbone.stages.0.1.depthwise_conv.weight as id 1
05/05 14:46:09 - mmengine - INFO - set param backbone.stages.0.1.depthwise_conv.bias as id 1
05/05 14:46:09 - mmengine - INFO - set param backbone.stages.0.1.norm.weight as id 1
05/05 14:46:09 - mmengine - INFO - set param backbone.stages.0.1.norm.bias as id 1
05/05 14:46:09 - mmengine - INFO - set param backbone.stages.0.1.pointwise_conv1.weight as id 1
05/05 14:46:09 - mmengine - INFO - set param backbone.stages.0.1.pointwise_conv1.bias as id 1
05/05 14:46:09 - mmengine - INFO - set param backbone.stages.0.1.pointwise_conv2.weight as id 1
05/05 14:46:09 - mmengine - INFO - set param backbone.stages.0.1.pointwise_conv2.bias as id 1
05/05 14:46:09 - mmengine - INFO - set param backbone.stages.0.2.gamma as id 1
05/05 14:46:09 - mmengine - INFO - set param backbone.stages.0.2.depthwise_conv.weight as id 1
05/05 14:46:09 - mmengine - INFO - set param backbone.stages.0.2.depthwise_conv.bias as id 1
05/05 14:46:09 - mmengine - INFO - set param backbone.stages.0.2.norm.weight as id 1
05/05 14:46:09 - mmengine - INFO - set param backbone.stages.0.2.norm.bias as id 1
05/05 14:46:09 - mmengine - INFO - set param backbone.stages.0.2.pointwise_conv1.weight as id 1
05/05 14:46:09 - mmengine - INFO - set param backbone.stages.0.2.pointwise_conv1.bias as id 1
05/05 14:46:09 - mmengine - INFO - set param backbone.stages.0.2.pointwise_conv2.weight as id 1
05/05 14:46:09 - mmengine - INFO - set param backbone.stages.0.2.pointwise_conv2.bias as id 1
05/05 14:46:09 - mmengine - INFO - set param backbone.stages.1.0.gamma as id 2
05/05 14:46:09 - mmengine - INFO - set param backbone.stages.1.0.depthwise_conv.weight as id 2
05/05 14:46:09 - mmengine - INFO - set param backbone.stages.1.0.depthwise_conv.bias as id 2
05/05 14:46:09 - mmengine - INFO - set param backbone.stages.1.0.norm.weight as id 2
05/05 14:46:09 - mmengine - INFO - set param backbone.stages.1.0.norm.bias as id 2
05/05 14:46:09 - mmengine - INFO - set param backbone.stages.1.0.pointwise_conv1.weight as id 2
05/05 14:46:09 - mmengine - INFO - set param backbone.stages.1.0.pointwise_conv1.bias as id 2
05/05 14:46:09 - mmengine - INFO - set param backbone.stages.1.0.pointwise_conv2.weight as id 2
05/05 14:46:09 - mmengine - INFO - set param backbone.stages.1.0.pointwise_conv2.bias as id 2
05/05 14:46:09 - mmengine - INFO - set param backbone.stages.1.1.gamma as id 2
05/05 14:46:09 - mmengine - INFO - set param backbone.stages.1.1.depthwise_conv.weight as id 2
05/05 14:46:09 - mmengine - INFO - set param backbone.stages.1.1.depthwise_conv.bias as id 2
05/05 14:46:09 - mmengine - INFO - set param backbone.stages.1.1.norm.weight as id 2
05/05 14:46:09 - mmengine - INFO - set param backbone.stages.1.1.norm.bias as id 2
05/05 14:46:09 - mmengine - INFO - set param backbone.stages.1.1.pointwise_conv1.weight as id 2
05/05 14:46:09 - mmengine - INFO - set param backbone.stages.1.1.pointwise_conv1.bias as id 2
05/05 14:46:09 - mmengine - INFO - set param backbone.stages.1.1.pointwise_conv2.weight as id 2
05/05 14:46:09 - mmengine - INFO - set param backbone.stages.1.1.pointwise_conv2.bias as id 2
05/05 14:46:09 - mmengine - INFO - set param backbone.stages.1.2.gamma as id 2
05/05 14:46:09 - mmengine - INFO - set param backbone.stages.1.2.depthwise_conv.weight as id 2
05/05 14:46:09 - mmengine - INFO - set param backbone.stages.1.2.depthwise_conv.bias as id 2
05/05 14:46:09 - mmengine - INFO - set param backbone.stages.1.2.norm.weight as id 2
05/05 14:46:09 - mmengine - INFO - set param backbone.stages.1.2.norm.bias as id 2
05/05 14:46:09 - mmengine - INFO - set param backbone.stages.1.2.pointwise_conv1.weight as id 2
05/05 14:46:09 - mmengine - INFO - set param backbone.stages.1.2.pointwise_conv1.bias as id 2
05/05 14:46:09 - mmengine - INFO - set param backbone.stages.1.2.pointwise_conv2.weight as id 2
05/05 14:46:09 - mmengine - INFO - set param backbone.stages.1.2.pointwise_conv2.bias as id 2
05/05 14:46:09 - mmengine - INFO - set param backbone.stages.2.0.gamma as id 3
05/05 14:46:09 - mmengine - INFO - set param backbone.stages.2.0.depthwise_conv.weight as id 3
05/05 14:46:09 - mmengine - INFO - set param backbone.stages.2.0.depthwise_conv.bias as id 3
05/05 14:46:09 - mmengine - INFO - set param backbone.stages.2.0.norm.weight as id 3
05/05 14:46:09 - mmengine - INFO - set param backbone.stages.2.0.norm.bias as id 3
05/05 14:46:09 - mmengine - INFO - set param backbone.stages.2.0.pointwise_conv1.weight as id 3
05/05 14:46:09 - mmengine - INFO - set param backbone.stages.2.0.pointwise_conv1.bias as id 3
05/05 14:46:09 - mmengine - INFO - set param backbone.stages.2.0.pointwise_conv2.weight as id 3
05/05 14:46:09 - mmengine - INFO - set param backbone.stages.2.0.pointwise_conv2.bias as id 3
05/05 14:46:09 - mmengine - INFO - set param backbone.stages.2.1.gamma as id 3
05/05 14:46:09 - mmengine - INFO - set param backbone.stages.2.1.depthwise_conv.weight as id 3
05/05 14:46:09 - mmengine - INFO - set param backbone.stages.2.1.depthwise_conv.bias as id 3
05/05 14:46:09 - mmengine - INFO - set param backbone.stages.2.1.norm.weight as id 3
05/05 14:46:09 - mmengine - INFO - set param backbone.stages.2.1.norm.bias as id 3
05/05 14:46:09 - mmengine - INFO - set param backbone.stages.2.1.pointwise_conv1.weight as id 3
05/05 14:46:09 - mmengine - INFO - set param backbone.stages.2.1.pointwise_conv1.bias as id 3
05/05 14:46:09 - mmengine - INFO - set param backbone.stages.2.1.pointwise_conv2.weight as id 3
05/05 14:46:09 - mmengine - INFO - set param backbone.stages.2.1.pointwise_conv2.bias as id 3
05/05 14:46:09 - mmengine - INFO - set param backbone.stages.2.2.gamma as id 3
05/05 14:46:09 - mmengine - INFO - set param backbone.stages.2.2.depthwise_conv.weight as id 3
05/05 14:46:09 - mmengine - INFO - set param backbone.stages.2.2.depthwise_conv.bias as id 3
05/05 14:46:09 - mmengine - INFO - set param backbone.stages.2.2.norm.weight as id 3
05/05 14:46:09 - mmengine - INFO - set param backbone.stages.2.2.norm.bias as id 3
05/05 14:46:09 - mmengine - INFO - set param backbone.stages.2.2.pointwise_conv1.weight as id 3
05/05 14:46:09 - mmengine - INFO - set param backbone.stages.2.2.pointwise_conv1.bias as id 3
05/05 14:46:09 - mmengine - INFO - set param backbone.stages.2.2.pointwise_conv2.weight as id 3
05/05 14:46:09 - mmengine - INFO - set param backbone.stages.2.2.pointwise_conv2.bias as id 3
05/05 14:46:09 - mmengine - INFO - set param backbone.stages.2.3.gamma as id 4
05/05 14:46:09 - mmengine - INFO - set param backbone.stages.2.3.depthwise_conv.weight as id 4
05/05 14:46:09 - mmengine - INFO - set param backbone.stages.2.3.depthwise_conv.bias as id 4
05/05 14:46:09 - mmengine - INFO - set param backbone.stages.2.3.norm.weight as id 4
05/05 14:46:09 - mmengine - INFO - set param backbone.stages.2.3.norm.bias as id 4
05/05 14:46:09 - mmengine - INFO - set param backbone.stages.2.3.pointwise_conv1.weight as id 4
05/05 14:46:09 - mmengine - INFO - set param backbone.stages.2.3.pointwise_conv1.bias as id 4
05/05 14:46:09 - mmengine - INFO - set param backbone.stages.2.3.pointwise_conv2.weight as id 4
05/05 14:46:09 - mmengine - INFO - set param backbone.stages.2.3.pointwise_conv2.bias as id 4
05/05 14:46:09 - mmengine - INFO - set param backbone.stages.2.4.gamma as id 4
05/05 14:46:09 - mmengine - INFO - set param backbone.stages.2.4.depthwise_conv.weight as id 4
05/05 14:46:09 - mmengine - INFO - set param backbone.stages.2.4.depthwise_conv.bias as id 4
05/05 14:46:09 - mmengine - INFO - set param backbone.stages.2.4.norm.weight as id 4
05/05 14:46:09 - mmengine - INFO - set param backbone.stages.2.4.norm.bias as id 4
05/05 14:46:09 - mmengine - INFO - set param backbone.stages.2.4.pointwise_conv1.weight as id 4
05/05 14:46:09 - mmengine - INFO - set param backbone.stages.2.4.pointwise_conv1.bias as id 4
05/05 14:46:09 - mmengine - INFO - set param backbone.stages.2.4.pointwise_conv2.weight as id 4
05/05 14:46:09 - mmengine - INFO - set param backbone.stages.2.4.pointwise_conv2.bias as id 4
05/05 14:46:09 - mmengine - INFO - set param backbone.stages.2.5.gamma as id 4
05/05 14:46:09 - mmengine - INFO - set param backbone.stages.2.5.depthwise_conv.weight as id 4
05/05 14:46:09 - mmengine - INFO - set param backbone.stages.2.5.depthwise_conv.bias as id 4
05/05 14:46:09 - mmengine - INFO - set param backbone.stages.2.5.norm.weight as id 4
05/05 14:46:09 - mmengine - INFO - set param backbone.stages.2.5.norm.bias as id 4
05/05 14:46:09 - mmengine - INFO - set param backbone.stages.2.5.pointwise_conv1.weight as id 4
05/05 14:46:09 - mmengine - INFO - set param backbone.stages.2.5.pointwise_conv1.bias as id 4
05/05 14:46:09 - mmengine - INFO - set param backbone.stages.2.5.pointwise_conv2.weight as id 4
05/05 14:46:09 - mmengine - INFO - set param backbone.stages.2.5.pointwise_conv2.bias as id 4
05/05 14:46:09 - mmengine - INFO - set param backbone.stages.2.6.gamma as id 5
05/05 14:46:09 - mmengine - INFO - set param backbone.stages.2.6.depthwise_conv.weight as id 5
05/05 14:46:09 - mmengine - INFO - set param backbone.stages.2.6.depthwise_conv.bias as id 5
05/05 14:46:09 - mmengine - INFO - set param backbone.stages.2.6.norm.weight as id 5
05/05 14:46:09 - mmengine - INFO - set param backbone.stages.2.6.norm.bias as id 5
05/05 14:46:09 - mmengine - INFO - set param backbone.stages.2.6.pointwise_conv1.weight as id 5
05/05 14:46:09 - mmengine - INFO - set param backbone.stages.2.6.pointwise_conv1.bias as id 5
05/05 14:46:09 - mmengine - INFO - set param backbone.stages.2.6.pointwise_conv2.weight as id 5
05/05 14:46:09 - mmengine - INFO - set param backbone.stages.2.6.pointwise_conv2.bias as id 5
05/05 14:46:09 - mmengine - INFO - set param backbone.stages.2.7.gamma as id 5
05/05 14:46:09 - mmengine - INFO - set param backbone.stages.2.7.depthwise_conv.weight as id 5
05/05 14:46:09 - mmengine - INFO - set param backbone.stages.2.7.depthwise_conv.bias as id 5
05/05 14:46:09 - mmengine - INFO - set param backbone.stages.2.7.norm.weight as id 5
05/05 14:46:09 - mmengine - INFO - set param backbone.stages.2.7.norm.bias as id 5
05/05 14:46:09 - mmengine - INFO - set param backbone.stages.2.7.pointwise_conv1.weight as id 5
05/05 14:46:09 - mmengine - INFO - set param backbone.stages.2.7.pointwise_conv1.bias as id 5
05/05 14:46:09 - mmengine - INFO - set param backbone.stages.2.7.pointwise_conv2.weight as id 5
05/05 14:46:09 - mmengine - INFO - set param backbone.stages.2.7.pointwise_conv2.bias as id 5
05/05 14:46:09 - mmengine - INFO - set param backbone.stages.2.8.gamma as id 5
05/05 14:46:09 - mmengine - INFO - set param backbone.stages.2.8.depthwise_conv.weight as id 5
05/05 14:46:09 - mmengine - INFO - set param backbone.stages.2.8.depthwise_conv.bias as id 5
05/05 14:46:09 - mmengine - INFO - set param backbone.stages.2.8.norm.weight as id 5
05/05 14:46:09 - mmengine - INFO - set param backbone.stages.2.8.norm.bias as id 5
05/05 14:46:09 - mmengine - INFO - set param backbone.stages.2.8.pointwise_conv1.weight as id 5
05/05 14:46:09 - mmengine - INFO - set param backbone.stages.2.8.pointwise_conv1.bias as id 5
05/05 14:46:09 - mmengine - INFO - set param backbone.stages.2.8.pointwise_conv2.weight as id 5
05/05 14:46:09 - mmengine - INFO - set param backbone.stages.2.8.pointwise_conv2.bias as id 5
05/05 14:46:09 - mmengine - INFO - set param backbone.stages.3.0.gamma as id 6
05/05 14:46:09 - mmengine - INFO - set param backbone.stages.3.0.depthwise_conv.weight as id 6
05/05 14:46:09 - mmengine - INFO - set param backbone.stages.3.0.depthwise_conv.bias as id 6
05/05 14:46:09 - mmengine - INFO - set param backbone.stages.3.0.norm.weight as id 6
05/05 14:46:09 - mmengine - INFO - set param backbone.stages.3.0.norm.bias as id 6
05/05 14:46:09 - mmengine - INFO - set param backbone.stages.3.0.pointwise_conv1.weight as id 6
05/05 14:46:09 - mmengine - INFO - set param backbone.stages.3.0.pointwise_conv1.bias as id 6
05/05 14:46:09 - mmengine - INFO - set param backbone.stages.3.0.pointwise_conv2.weight as id 6
05/05 14:46:09 - mmengine - INFO - set param backbone.stages.3.0.pointwise_conv2.bias as id 6
05/05 14:46:09 - mmengine - INFO - set param backbone.stages.3.1.gamma as id 6
05/05 14:46:09 - mmengine - INFO - set param backbone.stages.3.1.depthwise_conv.weight as id 6
05/05 14:46:09 - mmengine - INFO - set param backbone.stages.3.1.depthwise_conv.bias as id 6
05/05 14:46:09 - mmengine - INFO - set param backbone.stages.3.1.norm.weight as id 6
05/05 14:46:09 - mmengine - INFO - set param backbone.stages.3.1.norm.bias as id 6
05/05 14:46:09 - mmengine - INFO - set param backbone.stages.3.1.pointwise_conv1.weight as id 6
05/05 14:46:09 - mmengine - INFO - set param backbone.stages.3.1.pointwise_conv1.bias as id 6
05/05 14:46:09 - mmengine - INFO - set param backbone.stages.3.1.pointwise_conv2.weight as id 6
05/05 14:46:09 - mmengine - INFO - set param backbone.stages.3.1.pointwise_conv2.bias as id 6
05/05 14:46:09 - mmengine - INFO - set param backbone.stages.3.2.gamma as id 6
05/05 14:46:09 - mmengine - INFO - set param backbone.stages.3.2.depthwise_conv.weight as id 6
05/05 14:46:09 - mmengine - INFO - set param backbone.stages.3.2.depthwise_conv.bias as id 6
05/05 14:46:09 - mmengine - INFO - set param backbone.stages.3.2.norm.weight as id 6
05/05 14:46:09 - mmengine - INFO - set param backbone.stages.3.2.norm.bias as id 6
05/05 14:46:09 - mmengine - INFO - set param backbone.stages.3.2.pointwise_conv1.weight as id 6
05/05 14:46:09 - mmengine - INFO - set param backbone.stages.3.2.pointwise_conv1.bias as id 6
05/05 14:46:09 - mmengine - INFO - set param backbone.stages.3.2.pointwise_conv2.weight as id 6
05/05 14:46:09 - mmengine - INFO - set param backbone.stages.3.2.pointwise_conv2.bias as id 6
05/05 14:46:09 - mmengine - INFO - set param backbone.norm0.weight as id 7
05/05 14:46:09 - mmengine - INFO - set param backbone.norm0.bias as id 7
05/05 14:46:09 - mmengine - INFO - set param backbone.norm1.weight as id 7
05/05 14:46:09 - mmengine - INFO - set param backbone.norm1.bias as id 7
05/05 14:46:09 - mmengine - INFO - set param backbone.norm2.weight as id 7
05/05 14:46:09 - mmengine - INFO - set param backbone.norm2.bias as id 7
05/05 14:46:09 - mmengine - INFO - set param backbone.norm3.weight as id 7
05/05 14:46:09 - mmengine - INFO - set param backbone.norm3.bias as id 7
05/05 14:46:09 - mmengine - INFO - set param neck.lateral_convs.0.conv.weight as id 7
05/05 14:46:09 - mmengine - INFO - set param neck.lateral_convs.0.conv.bias as id 7
05/05 14:46:09 - mmengine - INFO - set param neck.lateral_convs.1.conv.weight as id 7
05/05 14:46:09 - mmengine - INFO - set param neck.lateral_convs.1.conv.bias as id 7
05/05 14:46:09 - mmengine - INFO - set param neck.lateral_convs.2.conv.weight as id 7
05/05 14:46:09 - mmengine - INFO - set param neck.lateral_convs.2.conv.bias as id 7
05/05 14:46:09 - mmengine - INFO - set param neck.lateral_convs.3.conv.weight as id 7
05/05 14:46:09 - mmengine - INFO - set param neck.lateral_convs.3.conv.bias as id 7
05/05 14:46:09 - mmengine - INFO - set param neck.fpn_convs.0.conv.weight as id 7
05/05 14:46:09 - mmengine - INFO - set param neck.fpn_convs.0.conv.bias as id 7
05/05 14:46:09 - mmengine - INFO - set param neck.fpn_convs.1.conv.weight as id 7
05/05 14:46:09 - mmengine - INFO - set param neck.fpn_convs.1.conv.bias as id 7
05/05 14:46:09 - mmengine - INFO - set param neck.fpn_convs.2.conv.weight as id 7
05/05 14:46:09 - mmengine - INFO - set param neck.fpn_convs.2.conv.bias as id 7
05/05 14:46:09 - mmengine - INFO - set param neck.fpn_convs.3.conv.weight as id 7
05/05 14:46:09 - mmengine - INFO - set param neck.fpn_convs.3.conv.bias as id 7
05/05 14:46:09 - mmengine - INFO - set param rpn_head.rpn_conv.weight as id 7
05/05 14:46:09 - mmengine - INFO - set param rpn_head.rpn_conv.bias as id 7
05/05 14:46:09 - mmengine - INFO - set param rpn_head.rpn_cls.weight as id 7
05/05 14:46:09 - mmengine - INFO - set param rpn_head.rpn_cls.bias as id 7
05/05 14:46:09 - mmengine - INFO - set param rpn_head.rpn_reg.weight as id 7
05/05 14:46:09 - mmengine - INFO - set param rpn_head.rpn_reg.bias as id 7
05/05 14:46:09 - mmengine - INFO - set param rpn_head.rpn_obj.weight as id 7
05/05 14:46:09 - mmengine - INFO - set param rpn_head.rpn_obj.bias as id 7
05/05 14:46:09 - mmengine - INFO - set param roi_head.bbox_head.fc_cls.weight as id 7
05/05 14:46:09 - mmengine - INFO - set param roi_head.bbox_head.fc_cls.bias as id 7
05/05 14:46:09 - mmengine - INFO - set param roi_head.bbox_head.fc_reg.weight as id 7
05/05 14:46:09 - mmengine - INFO - set param roi_head.bbox_head.fc_reg.bias as id 7
05/05 14:46:09 - mmengine - INFO - set param roi_head.bbox_head.shared_fcs.0.weight as id 7
05/05 14:46:09 - mmengine - INFO - set param roi_head.bbox_head.shared_fcs.0.bias as id 7
05/05 14:46:09 - mmengine - INFO - set param roi_head.bbox_head.shared_fcs.1.weight as id 7
05/05 14:46:09 - mmengine - INFO - set param roi_head.bbox_head.shared_fcs.1.bias as id 7
05/05 14:46:09 - mmengine - INFO - set param roi_head.bbox_head.fc_bbox_score.weight as id 7
05/05 14:46:09 - mmengine - INFO - set param roi_head.bbox_head.fc_bbox_score.bias as id 7
05/05 14:46:09 - mmengine - INFO - set param roi_head.logistic_regression_layer.0.weight as id 7
05/05 14:46:09 - mmengine - INFO - set param roi_head.logistic_regression_layer.0.bias as id 7
05/05 14:46:09 - mmengine - INFO - set param roi_head.logistic_regression_layer.2.weight as id 7
05/05 14:46:09 - mmengine - INFO - set param roi_head.logistic_regression_layer.2.bias as id 7
05/05 14:46:09 - mmengine - INFO - set param roi_head.pseudo_score.0.weight as id 7
05/05 14:46:09 - mmengine - INFO - set param roi_head.pseudo_score.0.bias as id 7
05/05 14:46:09 - mmengine - INFO - set param roi_head.pseudo_score.2.weight as id 7
05/05 14:46:09 - mmengine - INFO - set param roi_head.pseudo_score.2.bias as id 7
05/05 14:46:09 - mmengine - INFO - Param groups = {
  "layer_0_decay": {
    "param_names": [
      "backbone.downsample_layers.0.0.weight"
    ],
    "lr_scale": 0.6983372960937497,
    "lr": 6.983372960937497e-05,
    "weight_decay": 0.05
  },
  "layer_0_no_decay": {
    "param_names": [
      "backbone.downsample_layers.0.0.bias",
      "backbone.downsample_layers.0.1.weight",
      "backbone.downsample_layers.0.1.bias"
    ],
    "lr_scale": 0.6983372960937497,
    "lr": 6.983372960937497e-05,
    "weight_decay": 0.0
  },
  "layer_2_no_decay": {
    "param_names": [
      "backbone.downsample_layers.1.0.weight",
      "backbone.downsample_layers.1.0.bias",
      "backbone.downsample_layers.1.1.bias",
      "backbone.stages.1.0.gamma",
      "backbone.stages.1.0.depthwise_conv.bias",
      "backbone.stages.1.0.norm.weight",
      "backbone.stages.1.0.norm.bias",
      "backbone.stages.1.0.pointwise_conv1.bias",
      "backbone.stages.1.0.pointwise_conv2.bias",
      "backbone.stages.1.1.gamma",
      "backbone.stages.1.1.depthwise_conv.bias",
      "backbone.stages.1.1.norm.weight",
      "backbone.stages.1.1.norm.bias",
      "backbone.stages.1.1.pointwise_conv1.bias",
      "backbone.stages.1.1.pointwise_conv2.bias",
      "backbone.stages.1.2.gamma",
      "backbone.stages.1.2.depthwise_conv.bias",
      "backbone.stages.1.2.norm.weight",
      "backbone.stages.1.2.norm.bias",
      "backbone.stages.1.2.pointwise_conv1.bias",
      "backbone.stages.1.2.pointwise_conv2.bias"
    ],
    "lr_scale": 0.7737809374999998,
    "lr": 7.737809374999998e-05,
    "weight_decay": 0.0
  },
  "layer_2_decay": {
    "param_names": [
      "backbone.downsample_layers.1.1.weight",
      "backbone.stages.1.0.depthwise_conv.weight",
      "backbone.stages.1.0.pointwise_conv1.weight",
      "backbone.stages.1.0.pointwise_conv2.weight",
      "backbone.stages.1.1.depthwise_conv.weight",
      "backbone.stages.1.1.pointwise_conv1.weight",
      "backbone.stages.1.1.pointwise_conv2.weight",
      "backbone.stages.1.2.depthwise_conv.weight",
      "backbone.stages.1.2.pointwise_conv1.weight",
      "backbone.stages.1.2.pointwise_conv2.weight"
    ],
    "lr_scale": 0.7737809374999998,
    "lr": 7.737809374999998e-05,
    "weight_decay": 0.05
  },
  "layer_3_no_decay": {
    "param_names": [
      "backbone.downsample_layers.2.0.weight",
      "backbone.downsample_layers.2.0.bias",
      "backbone.downsample_layers.2.1.bias",
      "backbone.stages.2.0.gamma",
      "backbone.stages.2.0.depthwise_conv.bias",
      "backbone.stages.2.0.norm.weight",
      "backbone.stages.2.0.norm.bias",
      "backbone.stages.2.0.pointwise_conv1.bias",
      "backbone.stages.2.0.pointwise_conv2.bias",
      "backbone.stages.2.1.gamma",
      "backbone.stages.2.1.depthwise_conv.bias",
      "backbone.stages.2.1.norm.weight",
      "backbone.stages.2.1.norm.bias",
      "backbone.stages.2.1.pointwise_conv1.bias",
      "backbone.stages.2.1.pointwise_conv2.bias",
      "backbone.stages.2.2.gamma",
      "backbone.stages.2.2.depthwise_conv.bias",
      "backbone.stages.2.2.norm.weight",
      "backbone.stages.2.2.norm.bias",
      "backbone.stages.2.2.pointwise_conv1.bias",
      "backbone.stages.2.2.pointwise_conv2.bias"
    ],
    "lr_scale": 0.8145062499999999,
    "lr": 8.1450625e-05,
    "weight_decay": 0.0
  },
  "layer_3_decay": {
    "param_names": [
      "backbone.downsample_layers.2.1.weight",
      "backbone.stages.2.0.depthwise_conv.weight",
      "backbone.stages.2.0.pointwise_conv1.weight",
      "backbone.stages.2.0.pointwise_conv2.weight",
      "backbone.stages.2.1.depthwise_conv.weight",
      "backbone.stages.2.1.pointwise_conv1.weight",
      "backbone.stages.2.1.pointwise_conv2.weight",
      "backbone.stages.2.2.depthwise_conv.weight",
      "backbone.stages.2.2.pointwise_conv1.weight",
      "backbone.stages.2.2.pointwise_conv2.weight"
    ],
    "lr_scale": 0.8145062499999999,
    "lr": 8.1450625e-05,
    "weight_decay": 0.05
  },
  "layer_6_no_decay": {
    "param_names": [
      "backbone.downsample_layers.3.0.weight",
      "backbone.downsample_layers.3.0.bias",
      "backbone.downsample_layers.3.1.bias",
      "backbone.stages.3.0.gamma",
      "backbone.stages.3.0.depthwise_conv.bias",
      "backbone.stages.3.0.norm.weight",
      "backbone.stages.3.0.norm.bias",
      "backbone.stages.3.0.pointwise_conv1.bias",
      "backbone.stages.3.0.pointwise_conv2.bias",
      "backbone.stages.3.1.gamma",
      "backbone.stages.3.1.depthwise_conv.bias",
      "backbone.stages.3.1.norm.weight",
      "backbone.stages.3.1.norm.bias",
      "backbone.stages.3.1.pointwise_conv1.bias",
      "backbone.stages.3.1.pointwise_conv2.bias",
      "backbone.stages.3.2.gamma",
      "backbone.stages.3.2.depthwise_conv.bias",
      "backbone.stages.3.2.norm.weight",
      "backbone.stages.3.2.norm.bias",
      "backbone.stages.3.2.pointwise_conv1.bias",
      "backbone.stages.3.2.pointwise_conv2.bias"
    ],
    "lr_scale": 0.95,
    "lr": 9.5e-05,
    "weight_decay": 0.0
  },
  "layer_6_decay": {
    "param_names": [
      "backbone.downsample_layers.3.1.weight",
      "backbone.stages.3.0.depthwise_conv.weight",
      "backbone.stages.3.0.pointwise_conv1.weight",
      "backbone.stages.3.0.pointwise_conv2.weight",
      "backbone.stages.3.1.depthwise_conv.weight",
      "backbone.stages.3.1.pointwise_conv1.weight",
      "backbone.stages.3.1.pointwise_conv2.weight",
      "backbone.stages.3.2.depthwise_conv.weight",
      "backbone.stages.3.2.pointwise_conv1.weight",
      "backbone.stages.3.2.pointwise_conv2.weight"
    ],
    "lr_scale": 0.95,
    "lr": 9.5e-05,
    "weight_decay": 0.05
  },
  "layer_1_no_decay": {
    "param_names": [
      "backbone.stages.0.0.gamma",
      "backbone.stages.0.0.depthwise_conv.bias",
      "backbone.stages.0.0.norm.weight",
      "backbone.stages.0.0.norm.bias",
      "backbone.stages.0.0.pointwise_conv1.bias",
      "backbone.stages.0.0.pointwise_conv2.bias",
      "backbone.stages.0.1.gamma",
      "backbone.stages.0.1.depthwise_conv.bias",
      "backbone.stages.0.1.norm.weight",
      "backbone.stages.0.1.norm.bias",
      "backbone.stages.0.1.pointwise_conv1.bias",
      "backbone.stages.0.1.pointwise_conv2.bias",
      "backbone.stages.0.2.gamma",
      "backbone.stages.0.2.depthwise_conv.bias",
      "backbone.stages.0.2.norm.weight",
      "backbone.stages.0.2.norm.bias",
      "backbone.stages.0.2.pointwise_conv1.bias",
      "backbone.stages.0.2.pointwise_conv2.bias"
    ],
    "lr_scale": 0.7350918906249998,
    "lr": 7.350918906249998e-05,
    "weight_decay": 0.0
  },
  "layer_1_decay": {
    "param_names": [
      "backbone.stages.0.0.depthwise_conv.weight",
      "backbone.stages.0.0.pointwise_conv1.weight",
      "backbone.stages.0.0.pointwise_conv2.weight",
      "backbone.stages.0.1.depthwise_conv.weight",
      "backbone.stages.0.1.pointwise_conv1.weight",
      "backbone.stages.0.1.pointwise_conv2.weight",
      "backbone.stages.0.2.depthwise_conv.weight",
      "backbone.stages.0.2.pointwise_conv1.weight",
      "backbone.stages.0.2.pointwise_conv2.weight"
    ],
    "lr_scale": 0.7350918906249998,
    "lr": 7.350918906249998e-05,
    "weight_decay": 0.05
  },
  "layer_4_no_decay": {
    "param_names": [
      "backbone.stages.2.3.gamma",
      "backbone.stages.2.3.depthwise_conv.bias",
      "backbone.stages.2.3.norm.weight",
      "backbone.stages.2.3.norm.bias",
      "backbone.stages.2.3.pointwise_conv1.bias",
      "backbone.stages.2.3.pointwise_conv2.bias",
      "backbone.stages.2.4.gamma",
      "backbone.stages.2.4.depthwise_conv.bias",
      "backbone.stages.2.4.norm.weight",
      "backbone.stages.2.4.norm.bias",
      "backbone.stages.2.4.pointwise_conv1.bias",
      "backbone.stages.2.4.pointwise_conv2.bias",
      "backbone.stages.2.5.gamma",
      "backbone.stages.2.5.depthwise_conv.bias",
      "backbone.stages.2.5.norm.weight",
      "backbone.stages.2.5.norm.bias",
      "backbone.stages.2.5.pointwise_conv1.bias",
      "backbone.stages.2.5.pointwise_conv2.bias"
    ],
    "lr_scale": 0.8573749999999999,
    "lr": 8.573749999999999e-05,
    "weight_decay": 0.0
  },
  "layer_4_decay": {
    "param_names": [
      "backbone.stages.2.3.depthwise_conv.weight",
      "backbone.stages.2.3.pointwise_conv1.weight",
      "backbone.stages.2.3.pointwise_conv2.weight",
      "backbone.stages.2.4.depthwise_conv.weight",
      "backbone.stages.2.4.pointwise_conv1.weight",
      "backbone.stages.2.4.pointwise_conv2.weight",
      "backbone.stages.2.5.depthwise_conv.weight",
      "backbone.stages.2.5.pointwise_conv1.weight",
      "backbone.stages.2.5.pointwise_conv2.weight"
    ],
    "lr_scale": 0.8573749999999999,
    "lr": 8.573749999999999e-05,
    "weight_decay": 0.05
  },
  "layer_5_no_decay": {
    "param_names": [
      "backbone.stages.2.6.gamma",
      "backbone.stages.2.6.depthwise_conv.bias",
      "backbone.stages.2.6.norm.weight",
      "backbone.stages.2.6.norm.bias",
      "backbone.stages.2.6.pointwise_conv1.bias",
      "backbone.stages.2.6.pointwise_conv2.bias",
      "backbone.stages.2.7.gamma",
      "backbone.stages.2.7.depthwise_conv.bias",
      "backbone.stages.2.7.norm.weight",
      "backbone.stages.2.7.norm.bias",
      "backbone.stages.2.7.pointwise_conv1.bias",
      "backbone.stages.2.7.pointwise_conv2.bias",
      "backbone.stages.2.8.gamma",
      "backbone.stages.2.8.depthwise_conv.bias",
      "backbone.stages.2.8.norm.weight",
      "backbone.stages.2.8.norm.bias",
      "backbone.stages.2.8.pointwise_conv1.bias",
      "backbone.stages.2.8.pointwise_conv2.bias"
    ],
    "lr_scale": 0.9025,
    "lr": 9.025e-05,
    "weight_decay": 0.0
  },
  "layer_5_decay": {
    "param_names": [
      "backbone.stages.2.6.depthwise_conv.weight",
      "backbone.stages.2.6.pointwise_conv1.weight",
      "backbone.stages.2.6.pointwise_conv2.weight",
      "backbone.stages.2.7.depthwise_conv.weight",
      "backbone.stages.2.7.pointwise_conv1.weight",
      "backbone.stages.2.7.pointwise_conv2.weight",
      "backbone.stages.2.8.depthwise_conv.weight",
      "backbone.stages.2.8.pointwise_conv1.weight",
      "backbone.stages.2.8.pointwise_conv2.weight"
    ],
    "lr_scale": 0.9025,
    "lr": 9.025e-05,
    "weight_decay": 0.05
  },
  "layer_7_no_decay": {
    "param_names": [
      "backbone.norm0.weight",
      "backbone.norm0.bias",
      "backbone.norm1.weight",
      "backbone.norm1.bias",
      "backbone.norm2.weight",
      "backbone.norm2.bias",
      "backbone.norm3.weight",
      "backbone.norm3.bias",
      "neck.lateral_convs.0.conv.bias",
      "neck.lateral_convs.1.conv.bias",
      "neck.lateral_convs.2.conv.bias",
      "neck.lateral_convs.3.conv.bias",
      "neck.fpn_convs.0.conv.bias",
      "neck.fpn_convs.1.conv.bias",
      "neck.fpn_convs.2.conv.bias",
      "neck.fpn_convs.3.conv.bias",
      "rpn_head.rpn_conv.bias",
      "rpn_head.rpn_cls.bias",
      "rpn_head.rpn_reg.bias",
      "rpn_head.rpn_obj.bias",
      "roi_head.bbox_head.fc_cls.bias",
      "roi_head.bbox_head.fc_reg.bias",
      "roi_head.bbox_head.shared_fcs.0.bias",
      "roi_head.bbox_head.shared_fcs.1.bias",
      "roi_head.bbox_head.fc_bbox_score.bias",
      "roi_head.logistic_regression_layer.0.bias",
      "roi_head.logistic_regression_layer.2.bias",
      "roi_head.pseudo_score.0.bias",
      "roi_head.pseudo_score.2.bias"
    ],
    "lr_scale": 1.0,
    "lr": 0.0001,
    "weight_decay": 0.0
  },
  "layer_7_decay": {
    "param_names": [
      "neck.lateral_convs.0.conv.weight",
      "neck.lateral_convs.1.conv.weight",
      "neck.lateral_convs.2.conv.weight",
      "neck.lateral_convs.3.conv.weight",
      "neck.fpn_convs.0.conv.weight",
      "neck.fpn_convs.1.conv.weight",
      "neck.fpn_convs.2.conv.weight",
      "neck.fpn_convs.3.conv.weight",
      "rpn_head.rpn_conv.weight",
      "rpn_head.rpn_cls.weight",
      "rpn_head.rpn_reg.weight",
      "rpn_head.rpn_obj.weight",
      "roi_head.bbox_head.fc_cls.weight",
      "roi_head.bbox_head.fc_reg.weight",
      "roi_head.bbox_head.shared_fcs.0.weight",
      "roi_head.bbox_head.shared_fcs.1.weight",
      "roi_head.bbox_head.fc_bbox_score.weight",
      "roi_head.logistic_regression_layer.0.weight",
      "roi_head.logistic_regression_layer.2.weight",
      "roi_head.pseudo_score.0.weight",
      "roi_head.pseudo_score.2.weight"
    ],
    "lr_scale": 1.0,
    "lr": 0.0001,
    "weight_decay": 0.05
  }
}
Initializing CocoSplitDataset with train_class=all, eval_class=all
loading annotations into memory...
Done (t=0.01s)
creating index...
index created!
loading annotations into memory...
Done (t=0.01s)
creating index...
index created!
05/05 14:46:10 - mmengine - INFO - load backbone. in model from: https://download.openmmlab.com/mmclassification/v0/convnext/downstream/convnext-tiny_3rdparty_32xb128-noema_in1k_20220301-795e9634.pth
Loads checkpoint by http backend from path: https://download.openmmlab.com/mmclassification/v0/convnext/downstream/convnext-tiny_3rdparty_32xb128-noema_in1k_20220301-795e9634.pth
05/05 14:46:10 - mmengine - WARNING - The model and loaded state dict do not match exactly

missing keys in source state_dict: norm0.weight, norm0.bias, norm1.weight, norm1.bias, norm2.weight, norm2.bias, norm3.weight, norm3.bias

Loads checkpoint by local backend from path: /home3/qljx17/MMOln-ssos/mmdetection/work_dirs/oln_box_convnext-t-p4-w7_fpn_amp-ms-crop-3x_dbf6/epoch_36.pth
The model and loaded state dict do not match exactly

missing keys in source state_dict: roi_head.means, roi_head.logistic_regression_layer.0.weight, roi_head.logistic_regression_layer.0.bias, roi_head.logistic_regression_layer.2.weight, roi_head.logistic_regression_layer.2.bias, roi_head.pseudo_score.0.weight, roi_head.pseudo_score.0.bias, roi_head.pseudo_score.2.weight, roi_head.pseudo_score.2.bias

05/05 14:46:11 - mmengine - INFO - Load checkpoint from /home3/qljx17/MMOln-ssos/mmdetection/work_dirs/oln_box_convnext-t-p4-w7_fpn_amp-ms-crop-3x_dbf6/epoch_36.pth
05/05 14:46:11 - mmengine - WARNING - "FileClient" will be deprecated in future. Please use io functions in https://mmengine.readthedocs.io/en/latest/api/fileio.html#file-io
05/05 14:46:11 - mmengine - WARNING - "HardDiskBackend" is the alias of "LocalBackend" and the former will be deprecated in future.
05/05 14:46:11 - mmengine - INFO - Checkpoints will be saved to /home3/qljx17/MMOln-ssos/mmdetection/work_dirs/oln_ssos_box_convnext-t-p4-w7_fpn_amp-ms-crop-3x_dbf6_oodsampling1_startepoch3_k10.
/home3/qljx17/MMOln-ssos/mmdetection/mmdet/models/dense_heads/anchor_head.py:115: UserWarning: DeprecationWarning: anchor_generator is deprecated, please use "prior_generator" instead
  warnings.warn('DeprecationWarning: anchor_generator is deprecated, '
/home3/qljx17/MMOln-ssos/mmdetection/mmdet/models/task_modules/samplers/sampling_result.py:132: UserWarning: DeprecationWarning: pos_bboxes is deprecated, please use "pos_priors" instead
  warnings.warn('DeprecationWarning: pos_bboxes is deprecated, '
05/05 14:47:18 - mmengine - INFO - Epoch(train)  [1][ 50/287]  base_lr: 5.0000e-06 lr: 3.4917e-06  eta: 1:53:44  time: 1.3339  data_time: 0.1568  memory: 47306  loss: 0.1454  loss_rpn_cls: 0.0000  loss_rpn_bbox: 0.0956  loss_rpn_obj: 0.0256  loss_bbox: 0.0233  loss_bbox_score: 0.0010  loss_ood: 0.0000  loss_pseudo_class: 0.0000
05/05 14:48:24 - mmengine - INFO - Epoch(train)  [1][100/287]  base_lr: 1.0000e-05 lr: 6.9834e-06  eta: 1:52:11  time: 1.3237  data_time: 0.1559  memory: 47306  loss: 0.1418  loss_rpn_cls: 0.0000  loss_rpn_bbox: 0.0945  loss_rpn_obj: 0.0236  loss_bbox: 0.0228  loss_bbox_score: 0.0010  loss_ood: 0.0000  loss_pseudo_class: 0.0000
05/05 14:49:30 - mmengine - INFO - Epoch(train)  [1][150/287]  base_lr: 1.5000e-05 lr: 1.0475e-05  eta: 1:50:56  time: 1.3234  data_time: 0.1566  memory: 47306  loss: 0.1455  loss_rpn_cls: 0.0000  loss_rpn_bbox: 0.0944  loss_rpn_obj: 0.0246  loss_bbox: 0.0254  loss_bbox_score: 0.0011  loss_ood: 0.0000  loss_pseudo_class: 0.0000
05/05 14:50:36 - mmengine - INFO - Epoch(train)  [1][200/287]  base_lr: 2.0000e-05 lr: 1.3967e-05  eta: 1:49:43  time: 1.3217  data_time: 0.1570  memory: 47306  loss: 0.1406  loss_rpn_cls: 0.0000  loss_rpn_bbox: 0.0911  loss_rpn_obj: 0.0232  loss_bbox: 0.0252  loss_bbox_score: 0.0011  loss_ood: 0.0000  loss_pseudo_class: 0.0000
05/05 14:51:44 - mmengine - INFO - Epoch(train)  [1][250/287]  base_lr: 2.5000e-05 lr: 1.7458e-05  eta: 1:49:11  time: 1.3608  data_time: 0.1627  memory: 47307  loss: 0.1290  loss_rpn_cls: 0.0000  loss_rpn_bbox: 0.0815  loss_rpn_obj: 0.0221  loss_bbox: 0.0244  loss_bbox_score: 0.0010  loss_ood: 0.0000  loss_pseudo_class: 0.0000
05/05 14:52:33 - mmengine - INFO - Exp name: oln_ssos_box_convnext-t-p4-w7_fpn_amp-ms-crop-3x_dbf6_oodsampling1_startepoch3_k10_20250505_144606
05/05 14:52:38 - mmengine - INFO - Epoch(val)  [1][ 50/572]    eta: 0:00:46  time: 0.0894  data_time: 0.0192  memory: 47306  
05/05 14:52:42 - mmengine - INFO - Epoch(val)  [1][100/572]    eta: 0:00:40  time: 0.0838  data_time: 0.0206  memory: 1135  
05/05 14:52:46 - mmengine - INFO - Epoch(val)  [1][150/572]    eta: 0:00:35  time: 0.0790  data_time: 0.0200  memory: 1017  
05/05 14:52:50 - mmengine - INFO - Epoch(val)  [1][200/572]    eta: 0:00:30  time: 0.0796  data_time: 0.0202  memory: 1055  
05/05 14:52:54 - mmengine - INFO - Epoch(val)  [1][250/572]    eta: 0:00:26  time: 0.0809  data_time: 0.0203  memory: 1135  
05/05 14:52:58 - mmengine - INFO - Epoch(val)  [1][300/572]    eta: 0:00:22  time: 0.0796  data_time: 0.0206  memory: 1041  
05/05 14:53:02 - mmengine - INFO - Epoch(val)  [1][350/572]    eta: 0:00:18  time: 0.0779  data_time: 0.0195  memory: 1055  
05/05 14:53:06 - mmengine - INFO - Epoch(val)  [1][400/572]    eta: 0:00:13  time: 0.0748  data_time: 0.0152  memory: 1109  
05/05 14:53:09 - mmengine - INFO - Epoch(val)  [1][450/572]    eta: 0:00:09  time: 0.0735  data_time: 0.0147  memory: 1109  
05/05 14:53:13 - mmengine - INFO - Epoch(val)  [1][500/572]    eta: 0:00:05  time: 0.0799  data_time: 0.0207  memory: 1083  
05/05 14:53:17 - mmengine - INFO - Epoch(val)  [1][550/572]    eta: 0:00:01  time: 0.0785  data_time: 0.0199  memory: 1028  
05/05 14:53:31 - mmengine - INFO - Evaluating bbox...
Loading and preparing results...
DONE (t=2.58s)
creating index...
index created!
Running per image evaluation...
Evaluate annotation type *bbox*
DONE (t=21.22s).
Accumulating evaluation results...
DONE (t=23.75s).
 Average Precision  (AP) @[ IoU=0.50:0.95 | area=   all | maxDets=100 ] = 0.355
 Average Precision  (AP) @[ IoU=0.50      | area=   all | maxDets=100 ] = 0.508
 Average Precision  (AP) @[ IoU=0.75      | area=   all | maxDets=100 ] = 0.407
 Average Precision  (AP) @[ IoU=0.50:0.95 | area= small | maxDets=100 ] = 0.057
 Average Precision  (AP) @[ IoU=0.50:0.95 | area=medium | maxDets=100 ] = 0.157
 Average Precision  (AP) @[ IoU=0.50:0.95 | area= large | maxDets=100 ] = 0.762
 Average Recall     (AR) @[ IoU=0.50:0.95 | area=   all | maxDets= 10 ] = 0.545
 Average Recall     (AR) @[ IoU=0.50:0.95 | area=   all | maxDets= 20 ] = 0.569
 Average Recall     (AR) @[ IoU=0.50:0.95 | area=   all | maxDets= 30 ] = 0.583
 Average Recall     (AR) @[ IoU=0.50:0.95 | area=   all | maxDets= 50 ] = 0.598
 Average Recall     (AR) @[ IoU=0.50:0.95 | area=   all | maxDets=100 ] = 0.614
 Average Recall     (AR) @[ IoU=0.50:0.95 | area=   all | maxDets=300 ] = 0.631
 Average Recall     (AR) @[ IoU=0.50:0.95 | area=   all | maxDets=500 ] = 0.634
 Average Recall     (AR) @[ IoU=0.50:0.95 | area=   all | maxDets=1000 ] = 0.635
 Average Recall     (AR) @[ IoU=0.50:0.95 | area=   all | maxDets=1500 ] = 0.635
05/05 14:54:22 - mmengine - INFO - Optimal score threshold: 0.5952051520347595
05/05 14:54:22 - mmengine - INFO - Non OS Detected Anomaly Score Threshold: 0.3813975155353546
05/05 14:54:23 - mmengine - INFO - Non OS All Anomaly Score Threshold: 0.3809223473072052
05/05 14:54:23 - mmengine - INFO - Detected Anomaly Score Threshold: 0.3815437853336334
05/05 14:54:23 - mmengine - INFO - All Anomaly Score Threshold: 0.3811870515346527
05/05 14:54:23 - mmengine - INFO - bbox_mAP_copypaste: 0.355 0.508 0.407 0.057 0.157 0.762
05/05 14:54:23 - mmengine - INFO - Epoch(val) [1][572/572]    dbf6/bbox_mAP: 0.3550  dbf6/bbox_mAP_50: 0.5080  dbf6/bbox_mAP_75: 0.4070  dbf6/bbox_mAP_s: 0.0570  dbf6/bbox_mAP_m: 0.1570  dbf6/bbox_mAP_l: 0.7620  data_time: 0.0191  time: 0.0795
  0%|          | 0/287 [00:00<?, ?it/s]  0%|          | 1/287 [00:00<02:23,  1.99it/s]  1%|          | 2/287 [00:00<02:11,  2.17it/s]  1%|          | 3/287 [00:01<02:00,  2.35it/s]  1%|▏         | 4/287 [00:01<01:56,  2.42it/s]  2%|▏         | 5/287 [00:02<02:03,  2.28it/s]  2%|▏         | 6/287 [00:02<02:09,  2.18it/s]  2%|▏         | 7/287 [00:03<02:01,  2.30it/s]  3%|▎         | 8/287 [00:03<01:57,  2.37it/s]  3%|▎         | 9/287 [00:03<01:56,  2.39it/s]  3%|▎         | 10/287 [00:04<01:58,  2.35it/s]  4%|▍         | 11/287 [00:04<01:56,  2.38it/s]  4%|▍         | 12/287 [00:05<01:55,  2.38it/s]  5%|▍         | 13/287 [00:05<01:54,  2.40it/s]  5%|▍         | 14/287 [00:06<01:55,  2.36it/s]  5%|▌         | 15/287 [00:06<01:55,  2.36it/s]  6%|▌         | 16/287 [00:06<01:54,  2.36it/s]  6%|▌         | 17/287 [00:07<01:56,  2.31it/s]  6%|▋         | 18/287 [00:07<01:54,  2.35it/s]  7%|▋         | 19/287 [00:08<01:55,  2.33it/s]  7%|▋         | 20/287 [00:08<01:53,  2.36it/s]  7%|▋         | 21/287 [00:08<01:50,  2.40it/s]  8%|▊         | 22/287 [00:09<01:51,  2.39it/s]  8%|▊         | 23/287 [00:09<01:47,  2.45it/s]  8%|▊         | 24/287 [00:10<01:50,  2.39it/s]  9%|▊         | 25/287 [00:10<01:53,  2.30it/s]  9%|▉         | 26/287 [00:11<01:48,  2.40it/s]  9%|▉         | 27/287 [00:11<01:45,  2.48it/s] 10%|▉         | 28/287 [00:11<01:53,  2.29it/s] 10%|█         | 29/287 [00:12<01:47,  2.40it/s] 10%|█         | 30/287 [00:12<01:48,  2.36it/s] 11%|█         | 31/287 [00:13<01:44,  2.46it/s] 11%|█         | 32/287 [00:13<01:42,  2.50it/s] 11%|█▏        | 33/287 [00:14<01:49,  2.32it/s] 12%|█▏        | 34/287 [00:14<01:48,  2.33it/s] 12%|█▏        | 35/287 [00:14<01:51,  2.26it/s] 13%|█▎        | 36/287 [00:15<01:49,  2.29it/s] 13%|█▎        | 37/287 [00:15<01:44,  2.39it/s] 13%|█▎        | 38/287 [00:16<01:42,  2.42it/s] 14%|█▎        | 39/287 [00:16<01:41,  2.45it/s] 14%|█▍        | 40/287 [00:16<01:46,  2.32it/s] 14%|█▍        | 41/287 [00:17<01:52,  2.20it/s] 15%|█▍        | 42/287 [00:17<01:47,  2.28it/s] 15%|█▍        | 43/287 [00:18<01:45,  2.31it/s] 15%|█▌        | 44/287 [00:18<01:40,  2.41it/s] 16%|█▌        | 45/287 [00:19<01:39,  2.43it/s] 16%|█▌        | 46/287 [00:19<01:39,  2.42it/s] 16%|█▋        | 47/287 [00:19<01:43,  2.31it/s] 17%|█▋        | 48/287 [00:20<01:43,  2.31it/s] 17%|█▋        | 49/287 [00:20<01:43,  2.30it/s] 17%|█▋        | 50/287 [00:21<01:40,  2.36it/s] 18%|█▊        | 51/287 [00:21<01:44,  2.25it/s] 18%|█▊        | 52/287 [00:22<01:48,  2.17it/s] 18%|█▊        | 53/287 [00:22<01:40,  2.32it/s] 19%|█▉        | 54/287 [00:23<01:41,  2.31it/s] 19%|█▉        | 55/287 [00:23<01:40,  2.32it/s] 20%|█▉        | 56/287 [00:23<01:37,  2.36it/s] 20%|█▉        | 57/287 [00:24<01:34,  2.44it/s] 20%|██        | 58/287 [00:24<01:32,  2.48it/s] 21%|██        | 59/287 [00:25<01:29,  2.55it/s] 21%|██        | 60/287 [00:25<01:27,  2.60it/s] 21%|██▏       | 61/287 [00:25<01:27,  2.59it/s] 22%|██▏       | 62/287 [00:26<01:27,  2.56it/s] 22%|██▏       | 63/287 [00:26<01:27,  2.57it/s] 22%|██▏       | 64/287 [00:27<01:35,  2.35it/s] 23%|██▎       | 65/287 [00:27<01:30,  2.44it/s] 23%|██▎       | 66/287 [00:27<01:35,  2.31it/s] 23%|██▎       | 67/287 [00:28<01:36,  2.29it/s] 24%|██▎       | 68/287 [00:28<01:32,  2.37it/s] 24%|██▍       | 69/287 [00:29<01:34,  2.31it/s] 24%|██▍       | 70/287 [00:29<01:30,  2.40it/s] 25%|██▍       | 71/287 [00:30<01:29,  2.41it/s] 25%|██▌       | 72/287 [00:30<01:30,  2.39it/s] 25%|██▌       | 73/287 [00:30<01:34,  2.26it/s] 26%|██▌       | 74/287 [00:31<01:32,  2.31it/s] 26%|██▌       | 75/287 [00:31<01:28,  2.39it/s] 26%|██▋       | 76/287 [00:32<01:23,  2.53it/s] 27%|██▋       | 77/287 [00:32<01:25,  2.47it/s] 27%|██▋       | 78/287 [00:32<01:26,  2.43it/s] 28%|██▊       | 79/287 [00:33<01:30,  2.30it/s] 28%|██▊       | 80/287 [00:33<01:28,  2.35it/s] 28%|██▊       | 81/287 [00:34<01:26,  2.38it/s] 29%|██▊       | 82/287 [00:34<01:26,  2.38it/s] 29%|██▉       | 83/287 [00:35<01:21,  2.51it/s] 29%|██▉       | 84/287 [00:35<01:22,  2.47it/s] 30%|██▉       | 85/287 [00:35<01:27,  2.31it/s] 30%|██▉       | 86/287 [00:36<01:28,  2.28it/s] 30%|███       | 87/287 [00:36<01:30,  2.22it/s] 31%|███       | 88/287 [00:37<01:25,  2.33it/s] 31%|███       | 89/287 [00:37<01:26,  2.28it/s] 31%|███▏      | 90/287 [00:38<01:24,  2.32it/s] 32%|███▏      | 91/287 [00:38<01:22,  2.37it/s] 32%|███▏      | 92/287 [00:38<01:21,  2.40it/s] 32%|███▏      | 93/287 [00:39<01:17,  2.52it/s] 33%|███▎      | 94/287 [00:39<01:22,  2.33it/s] 33%|███▎      | 95/287 [00:40<01:24,  2.26it/s] 33%|███▎      | 96/287 [00:40<01:23,  2.30it/s] 34%|███▍      | 97/287 [00:41<01:21,  2.33it/s] 34%|███▍      | 98/287 [00:41<01:18,  2.42it/s] 34%|███▍      | 99/287 [00:41<01:14,  2.51it/s] 35%|███▍      | 100/287 [00:42<01:15,  2.49it/s] 35%|███▌      | 101/287 [00:42<01:10,  2.62it/s] 36%|███▌      | 102/287 [00:42<01:11,  2.59it/s] 36%|███▌      | 103/287 [00:43<01:11,  2.57it/s] 36%|███▌      | 104/287 [00:43<01:12,  2.53it/s] 37%|███▋      | 105/287 [00:44<01:12,  2.49it/s] 37%|███▋      | 106/287 [00:44<01:10,  2.55it/s] 37%|███▋      | 107/287 [00:44<01:08,  2.63it/s] 38%|███▊      | 108/287 [00:45<01:08,  2.63it/s] 38%|███▊      | 109/287 [00:45<01:09,  2.58it/s] 38%|███▊      | 110/287 [00:46<01:10,  2.52it/s] 39%|███▊      | 111/287 [00:46<01:11,  2.45it/s] 39%|███▉      | 112/287 [00:46<01:12,  2.40it/s] 39%|███▉      | 113/287 [00:47<01:10,  2.48it/s] 40%|███▉      | 114/287 [00:47<01:10,  2.47it/s] 40%|████      | 115/287 [00:48<01:10,  2.46it/s] 40%|████      | 116/287 [00:48<01:10,  2.44it/s] 41%|████      | 117/287 [00:49<01:12,  2.36it/s] 41%|████      | 118/287 [00:49<01:09,  2.42it/s] 41%|████▏     | 119/287 [00:49<01:07,  2.48it/s] 42%|████▏     | 120/287 [00:50<01:06,  2.50it/s] 42%|████▏     | 121/287 [00:50<01:10,  2.34it/s] 43%|████▎     | 122/287 [00:51<01:07,  2.45it/s] 43%|████▎     | 123/287 [00:51<01:07,  2.44it/s] 43%|████▎     | 124/287 [00:51<01:10,  2.32it/s] 44%|████▎     | 125/287 [00:52<01:06,  2.44it/s] 44%|████▍     | 126/287 [00:52<01:09,  2.33it/s] 44%|████▍     | 127/287 [00:53<01:08,  2.35it/s] 45%|████▍     | 128/287 [00:53<01:06,  2.38it/s] 45%|████▍     | 129/287 [00:54<01:05,  2.40it/s] 45%|████▌     | 130/287 [00:54<01:10,  2.24it/s] 46%|████▌     | 131/287 [00:54<01:06,  2.34it/s] 46%|████▌     | 132/287 [00:55<01:06,  2.33it/s] 46%|████▋     | 133/287 [00:55<01:04,  2.38it/s] 47%|████▋     | 134/287 [00:56<01:02,  2.46it/s] 47%|████▋     | 135/287 [00:56<01:05,  2.32it/s] 47%|████▋     | 136/287 [00:57<01:03,  2.36it/s] 48%|████▊     | 137/287 [00:57<01:07,  2.22it/s] 48%|████▊     | 138/287 [00:57<01:04,  2.33it/s] 48%|████▊     | 139/287 [00:58<01:01,  2.40it/s] 49%|████▉     | 140/287 [00:58<01:00,  2.43it/s] 49%|████▉     | 141/287 [00:59<01:00,  2.42it/s] 49%|████▉     | 142/287 [00:59<01:00,  2.40it/s] 50%|████▉     | 143/287 [00:59<00:58,  2.48it/s] 50%|█████     | 144/287 [01:00<00:59,  2.42it/s] 51%|█████     | 145/287 [01:00<00:59,  2.39it/s] 51%|█████     | 146/287 [01:01<00:57,  2.44it/s] 51%|█████     | 147/287 [01:01<00:56,  2.47it/s] 52%|█████▏    | 148/287 [01:02<00:59,  2.35it/s] 52%|█████▏    | 149/287 [01:02<00:57,  2.41it/s] 52%|█████▏    | 150/287 [01:02<00:58,  2.35it/s] 53%|█████▎    | 151/287 [01:03<00:57,  2.36it/s] 53%|█████▎    | 152/287 [01:03<00:58,  2.31it/s] 53%|█████▎    | 153/287 [01:04<00:57,  2.32it/s] 54%|█████▎    | 154/287 [01:04<00:55,  2.40it/s] 54%|█████▍    | 155/287 [01:04<00:53,  2.45it/s] 54%|█████▍    | 156/287 [01:05<00:51,  2.52it/s] 55%|█████▍    | 157/287 [01:05<00:53,  2.43it/s] 55%|█████▌    | 158/287 [01:06<00:52,  2.44it/s] 55%|█████▌    | 159/287 [01:06<00:52,  2.42it/s] 56%|█████▌    | 160/287 [01:07<00:56,  2.26it/s] 56%|█████▌    | 161/287 [01:07<00:53,  2.34it/s] 56%|█████▋    | 162/287 [01:07<00:51,  2.44it/s] 57%|█████▋    | 163/287 [01:08<00:52,  2.38it/s] 57%|█████▋    | 164/287 [01:08<00:51,  2.39it/s] 57%|█████▋    | 165/287 [01:09<00:52,  2.33it/s] 58%|█████▊    | 166/287 [01:09<00:49,  2.42it/s] 58%|█████▊    | 167/287 [01:09<00:48,  2.47it/s] 59%|█████▊    | 168/287 [01:10<00:48,  2.45it/s] 59%|█████▉    | 169/287 [01:10<00:47,  2.50it/s] 59%|█████▉    | 170/287 [01:11<00:46,  2.50it/s] 60%|█████▉    | 171/287 [01:11<00:46,  2.51it/s] 60%|█████▉    | 172/287 [01:11<00:46,  2.49it/s] 60%|██████    | 173/287 [01:12<00:45,  2.51it/s] 61%|██████    | 174/287 [01:12<00:46,  2.42it/s] 61%|██████    | 175/287 [01:13<00:49,  2.28it/s] 61%|██████▏   | 176/287 [01:13<00:48,  2.30it/s] 62%|██████▏   | 177/287 [01:14<00:47,  2.32it/s] 62%|██████▏   | 178/287 [01:14<00:44,  2.44it/s] 62%|██████▏   | 179/287 [01:14<00:43,  2.46it/s] 63%|██████▎   | 180/287 [01:15<00:46,  2.30it/s] 63%|██████▎   | 181/287 [01:15<00:48,  2.19it/s] 63%|██████▎   | 182/287 [01:16<00:45,  2.29it/s] 64%|██████▍   | 183/287 [01:16<00:44,  2.36it/s] 64%|██████▍   | 184/287 [01:17<00:42,  2.41it/s] 64%|██████▍   | 185/287 [01:17<00:43,  2.37it/s] 65%|██████▍   | 186/287 [01:17<00:41,  2.45it/s] 65%|██████▌   | 187/287 [01:18<00:40,  2.49it/s] 66%|██████▌   | 188/287 [01:18<00:39,  2.50it/s] 66%|██████▌   | 189/287 [01:19<00:42,  2.32it/s] 66%|██████▌   | 190/287 [01:19<00:42,  2.27it/s] 67%|██████▋   | 191/287 [01:20<00:41,  2.31it/s] 67%|██████▋   | 192/287 [01:20<00:39,  2.39it/s] 67%|██████▋   | 193/287 [01:20<00:38,  2.43it/s] 68%|██████▊   | 194/287 [01:21<00:40,  2.28it/s] 68%|██████▊   | 195/287 [01:21<00:38,  2.41it/s] 68%|██████▊   | 196/287 [01:22<00:38,  2.39it/s] 69%|██████▊   | 197/287 [01:22<00:37,  2.38it/s] 69%|██████▉   | 198/287 [01:22<00:36,  2.44it/s] 69%|██████▉   | 199/287 [01:23<00:36,  2.39it/s] 70%|██████▉   | 200/287 [01:23<00:38,  2.26it/s] 70%|███████   | 201/287 [01:24<00:35,  2.42it/s] 70%|███████   | 202/287 [01:24<00:35,  2.39it/s] 71%|███████   | 203/287 [01:25<00:36,  2.31it/s] 71%|███████   | 204/287 [01:25<00:36,  2.26it/s] 71%|███████▏  | 205/287 [01:26<00:36,  2.27it/s] 72%|███████▏  | 206/287 [01:26<00:34,  2.35it/s] 72%|███████▏  | 207/287 [01:26<00:33,  2.40it/s] 72%|███████▏  | 208/287 [01:27<00:32,  2.43it/s] 73%|███████▎  | 209/287 [01:27<00:34,  2.27it/s] 73%|███████▎  | 210/287 [01:28<00:32,  2.38it/s] 74%|███████▎  | 211/287 [01:28<00:33,  2.24it/s] 74%|███████▍  | 212/287 [01:29<00:34,  2.15it/s] 74%|███████▍  | 213/287 [01:29<00:33,  2.19it/s] 75%|███████▍  | 214/287 [01:29<00:32,  2.27it/s] 75%|███████▍  | 215/287 [01:30<00:32,  2.19it/s] 75%|███████▌  | 216/287 [01:30<00:30,  2.33it/s] 76%|███████▌  | 217/287 [01:31<00:28,  2.46it/s] 76%|███████▌  | 218/287 [01:31<00:27,  2.48it/s] 76%|███████▋  | 219/287 [01:31<00:27,  2.46it/s] 77%|███████▋  | 220/287 [01:32<00:27,  2.45it/s] 77%|███████▋  | 221/287 [01:32<00:26,  2.46it/s] 77%|███████▋  | 222/287 [01:33<00:25,  2.53it/s] 78%|███████▊  | 223/287 [01:33<00:25,  2.55it/s] 78%|███████▊  | 224/287 [01:33<00:25,  2.51it/s] 78%|███████▊  | 225/287 [01:34<00:24,  2.52it/s] 79%|███████▊  | 226/287 [01:34<00:25,  2.42it/s] 79%|███████▉  | 227/287 [01:35<00:24,  2.44it/s] 79%|███████▉  | 228/287 [01:35<00:24,  2.45it/s] 80%|███████▉  | 229/287 [01:35<00:23,  2.50it/s] 80%|████████  | 230/287 [01:36<00:22,  2.52it/s] 80%|████████  | 231/287 [01:36<00:22,  2.50it/s] 81%|████████  | 232/287 [01:37<00:22,  2.46it/s] 81%|████████  | 233/287 [01:37<00:21,  2.46it/s] 82%|████████▏ | 234/287 [01:37<00:21,  2.47it/s] 82%|████████▏ | 235/287 [01:38<00:22,  2.31it/s] 82%|████████▏ | 236/287 [01:38<00:22,  2.31it/s] 83%|████████▎ | 237/287 [01:39<00:20,  2.40it/s] 83%|████████▎ | 238/287 [01:39<00:20,  2.36it/s] 83%|████████▎ | 239/287 [01:40<00:21,  2.28it/s] 84%|████████▎ | 240/287 [01:40<00:20,  2.28it/s] 84%|████████▍ | 241/287 [01:41<00:19,  2.37it/s] 84%|████████▍ | 242/287 [01:41<00:18,  2.46it/s] 85%|████████▍ | 243/287 [01:41<00:17,  2.51it/s] 85%|████████▌ | 244/287 [01:42<00:17,  2.40it/s] 85%|████████▌ | 245/287 [01:42<00:17,  2.39it/s] 86%|████████▌ | 246/287 [01:43<00:16,  2.42it/s] 86%|████████▌ | 247/287 [01:43<00:16,  2.36it/s] 86%|████████▋ | 248/287 [01:43<00:16,  2.37it/s] 87%|████████▋ | 249/287 [01:44<00:16,  2.26it/s] 87%|████████▋ | 250/287 [01:44<00:15,  2.41it/s] 87%|████████▋ | 251/287 [01:45<00:15,  2.39it/s] 88%|████████▊ | 252/287 [01:45<00:14,  2.41it/s] 88%|████████▊ | 253/287 [01:46<00:14,  2.38it/s] 89%|████████▊ | 254/287 [01:46<00:14,  2.34it/s] 89%|████████▉ | 255/287 [01:46<00:13,  2.43it/s] 89%|████████▉ | 256/287 [01:47<00:12,  2.51it/s] 90%|████████▉ | 257/287 [01:47<00:11,  2.56it/s] 90%|████████▉ | 258/287 [01:48<00:12,  2.36it/s] 90%|█████████ | 259/287 [01:48<00:11,  2.36it/s] 91%|█████████ | 260/287 [01:49<00:12,  2.22it/s] 91%|█████████ | 261/287 [01:49<00:11,  2.29it/s] 91%|█████████▏| 262/287 [01:49<00:10,  2.39it/s] 92%|█████████▏| 263/287 [01:50<00:10,  2.30it/s] 92%|█████████▏| 264/287 [01:50<00:10,  2.18it/s] 92%|█████████▏| 265/287 [01:51<00:10,  2.20it/s] 93%|█████████▎| 266/287 [01:51<00:09,  2.25it/s] 93%|█████████▎| 267/287 [01:52<00:08,  2.41it/s] 93%|█████████▎| 268/287 [01:52<00:08,  2.37it/s] 94%|█████████▎| 269/287 [01:52<00:08,  2.24it/s] 94%|█████████▍| 270/287 [01:53<00:07,  2.31it/s] 94%|█████████▍| 271/287 [01:53<00:06,  2.36it/s] 95%|█████████▍| 272/287 [01:54<00:06,  2.36it/s] 95%|█████████▌| 273/287 [01:54<00:05,  2.39it/s] 95%|█████████▌| 274/287 [01:55<00:05,  2.30it/s] 96%|█████████▌| 275/287 [01:55<00:05,  2.30it/s] 96%|█████████▌| 276/287 [01:55<00:04,  2.30it/s] 97%|█████████▋| 277/287 [01:56<00:04,  2.35it/s] 97%|█████████▋| 278/287 [01:56<00:03,  2.26it/s] 97%|█████████▋| 279/287 [01:57<00:03,  2.33it/s] 98%|█████████▊| 280/287 [01:57<00:02,  2.38it/s] 98%|█████████▊| 281/287 [01:58<00:02,  2.41it/s] 98%|█████████▊| 282/287 [01:58<00:02,  2.39it/s] 99%|█████████▊| 283/287 [01:58<00:01,  2.41it/s] 99%|█████████▉| 284/287 [01:59<00:01,  2.26it/s] 99%|█████████▉| 285/287 [01:59<00:00,  2.32it/s]100%|█████████▉| 286/287 [02:00<00:00,  2.35it/s]100%|██████████| 287/287 [02:00<00:00,  2.49it/s]100%|██████████| 287/287 [02:00<00:00,  2.38it/s]
/home3/qljx17/MMOln-ssos/mmdetection/mmdet/models/dense_heads/anchor_head.py:115: UserWarning: DeprecationWarning: anchor_generator is deprecated, please use "prior_generator" instead
  warnings.warn('DeprecationWarning: anchor_generator is deprecated, '
/home3/qljx17/MMOln-ssos/mmdetection/mmdet/models/task_modules/samplers/sampling_result.py:132: UserWarning: DeprecationWarning: pos_bboxes is deprecated, please use "pos_priors" instead
  warnings.warn('DeprecationWarning: pos_bboxes is deprecated, '
loading annotations into memory...
Done (t=0.04s)
creating index...
index created!
05/05 14:57:31 - mmengine - INFO - Epoch(train)  [2][ 50/287]  base_lr: 3.3700e-05 lr: 2.3534e-05  eta: 2:16:11  time: 3.7573  data_time: 2.5764  memory: 47313  loss: 2.0194  loss_rpn_cls: 0.0000  loss_rpn_bbox: 0.0916  loss_rpn_obj: 0.0234  loss_bbox: 0.0355  loss_bbox_score: 0.0015  loss_ood: 0.0000  loss_pseudo_class: 1.8674
05/05 14:58:38 - mmengine - INFO - Epoch(train)  [2][100/287]  base_lr: 3.8700e-05 lr: 2.7026e-05  eta: 2:11:14  time: 1.3469  data_time: 0.1534  memory: 47313  loss: 1.2109  loss_rpn_cls: 0.0000  loss_rpn_bbox: 0.0819  loss_rpn_obj: 0.0246  loss_bbox: 0.0449  loss_bbox_score: 0.0023  loss_ood: 0.0000  loss_pseudo_class: 1.0572
05/05 14:59:44 - mmengine - INFO - Epoch(train)  [2][150/287]  base_lr: 4.3700e-05 lr: 3.0517e-05  eta: 2:06:47  time: 1.3079  data_time: 0.1490  memory: 47313  loss: 1.0673  loss_rpn_cls: 0.0000  loss_rpn_bbox: 0.0852  loss_rpn_obj: 0.0238  loss_bbox: 0.0394  loss_bbox_score: 0.0022  loss_ood: 0.0000  loss_pseudo_class: 0.9168
05/05 15:00:50 - mmengine - INFO - Epoch(train)  [2][200/287]  base_lr: 4.8700e-05 lr: 3.4009e-05  eta: 2:03:12  time: 1.3269  data_time: 0.1501  memory: 47312  loss: 1.0733  loss_rpn_cls: 0.0000  loss_rpn_bbox: 0.0851  loss_rpn_obj: 0.0241  loss_bbox: 0.0342  loss_bbox_score: 0.0021  loss_ood: 0.0000  loss_pseudo_class: 0.9278
05/05 15:01:57 - mmengine - INFO - Epoch(train)  [2][250/287]  base_lr: 5.3700e-05 lr: 3.7501e-05  eta: 2:00:08  time: 1.3373  data_time: 0.1480  memory: 47312  loss: 1.0229  loss_rpn_cls: 0.0000  loss_rpn_bbox: 0.0877  loss_rpn_obj: 0.0226  loss_bbox: 0.0340  loss_bbox_score: 0.0020  loss_ood: 0.0000  loss_pseudo_class: 0.8766
05/05 15:02:46 - mmengine - INFO - Exp name: oln_ssos_box_convnext-t-p4-w7_fpn_amp-ms-crop-3x_dbf6_oodsampling1_startepoch3_k10_20250505_144606
05/05 15:02:46 - mmengine - INFO - Saving checkpoint at 2 epochs
/home3/qljx17/MMOln-ssos/mmdetection/mmdet/models/dense_heads/anchor_head.py:115: UserWarning: DeprecationWarning: anchor_generator is deprecated, please use "prior_generator" instead
  warnings.warn('DeprecationWarning: anchor_generator is deprecated, '
05/05 15:02:53 - mmengine - INFO - Epoch(val)  [2][ 50/572]    eta: 0:00:39  time: 0.0759  data_time: 0.0182  memory: 47312  
05/05 15:02:57 - mmengine - INFO - Epoch(val)  [2][100/572]    eta: 0:00:36  time: 0.0784  data_time: 0.0189  memory: 1139  
05/05 15:03:01 - mmengine - INFO - Epoch(val)  [2][150/572]    eta: 0:00:32  time: 0.0757  data_time: 0.0185  memory: 1021  
05/05 15:03:04 - mmengine - INFO - Epoch(val)  [2][200/572]    eta: 0:00:28  time: 0.0767  data_time: 0.0189  memory: 1059  
05/05 15:03:08 - mmengine - INFO - Epoch(val)  [2][250/572]    eta: 0:00:24  time: 0.0771  data_time: 0.0184  memory: 1139  
05/05 15:03:12 - mmengine - INFO - Epoch(val)  [2][300/572]    eta: 0:00:20  time: 0.0771  data_time: 0.0190  memory: 1045  
05/05 15:03:16 - mmengine - INFO - Epoch(val)  [2][350/572]    eta: 0:00:17  time: 0.0751  data_time: 0.0180  memory: 1059  
05/05 15:03:20 - mmengine - INFO - Epoch(val)  [2][400/572]    eta: 0:00:13  time: 0.0720  data_time: 0.0142  memory: 1113  
05/05 15:03:23 - mmengine - INFO - Epoch(val)  [2][450/572]    eta: 0:00:09  time: 0.0719  data_time: 0.0137  memory: 1113  
05/05 15:03:27 - mmengine - INFO - Epoch(val)  [2][500/572]    eta: 0:00:05  time: 0.0773  data_time: 0.0192  memory: 1087  
05/05 15:03:31 - mmengine - INFO - Epoch(val)  [2][550/572]    eta: 0:00:01  time: 0.0763  data_time: 0.0186  memory: 1033  
05/05 15:03:43 - mmengine - INFO - Evaluating bbox...
Loading and preparing results...
DONE (t=2.04s)
creating index...
index created!
Running per image evaluation...
Evaluate annotation type *bbox*
DONE (t=21.24s).
Accumulating evaluation results...
DONE (t=25.99s).
 Average Precision  (AP) @[ IoU=0.50:0.95 | area=   all | maxDets=100 ] = 0.226
 Average Precision  (AP) @[ IoU=0.50      | area=   all | maxDets=100 ] = 0.371
 Average Precision  (AP) @[ IoU=0.75      | area=   all | maxDets=100 ] = 0.242
 Average Precision  (AP) @[ IoU=0.50:0.95 | area= small | maxDets=100 ] = 0.052
 Average Precision  (AP) @[ IoU=0.50:0.95 | area=medium | maxDets=100 ] = 0.044
 Average Precision  (AP) @[ IoU=0.50:0.95 | area= large | maxDets=100 ] = 0.630
 Average Recall     (AR) @[ IoU=0.50:0.95 | area=   all | maxDets= 10 ] = 0.402
 Average Recall     (AR) @[ IoU=0.50:0.95 | area=   all | maxDets= 20 ] = 0.447
 Average Recall     (AR) @[ IoU=0.50:0.95 | area=   all | maxDets= 30 ] = 0.468
 Average Recall     (AR) @[ IoU=0.50:0.95 | area=   all | maxDets= 50 ] = 0.489
 Average Recall     (AR) @[ IoU=0.50:0.95 | area=   all | maxDets=100 ] = 0.514
 Average Recall     (AR) @[ IoU=0.50:0.95 | area=   all | maxDets=300 ] = 0.539
 Average Recall     (AR) @[ IoU=0.50:0.95 | area=   all | maxDets=500 ] = 0.543
 Average Recall     (AR) @[ IoU=0.50:0.95 | area=   all | maxDets=1000 ] = 0.545
 Average Recall     (AR) @[ IoU=0.50:0.95 | area=   all | maxDets=1500 ] = 0.545
05/05 15:04:37 - mmengine - INFO - Optimal score threshold: 0.5215121388435364
05/05 15:04:37 - mmengine - INFO - Non OS Detected Anomaly Score Threshold: 0.2567965090274811
05/05 15:04:37 - mmengine - INFO - Non OS All Anomaly Score Threshold: 0.3034495413303375
05/05 15:04:37 - mmengine - INFO - Detected Anomaly Score Threshold: 0.2547694146633148
05/05 15:04:38 - mmengine - INFO - All Anomaly Score Threshold: 0.2562378942966461
05/05 15:04:38 - mmengine - INFO - bbox_mAP_copypaste: 0.226 0.371 0.242 0.052 0.044 0.630
05/05 15:04:38 - mmengine - INFO - Epoch(val) [2][572/572]    dbf6/bbox_mAP: 0.2260  dbf6/bbox_mAP_50: 0.3710  dbf6/bbox_mAP_75: 0.2420  dbf6/bbox_mAP_s: 0.0520  dbf6/bbox_mAP_m: 0.0440  dbf6/bbox_mAP_l: 0.6300  data_time: 0.0177  time: 0.0757
  0%|          | 0/287 [00:00<?, ?it/s]  0%|          | 1/287 [00:00<01:49,  2.61it/s]  1%|          | 2/287 [00:00<01:49,  2.59it/s]  1%|          | 3/287 [00:01<01:53,  2.50it/s]  1%|▏         | 4/287 [00:01<01:50,  2.55it/s]  2%|▏         | 5/287 [00:02<01:59,  2.37it/s]  2%|▏         | 6/287 [00:02<01:51,  2.53it/s]  2%|▏         | 7/287 [00:02<01:57,  2.38it/s]  3%|▎         | 8/287 [00:03<02:03,  2.26it/s]  3%|▎         | 9/287 [00:03<02:07,  2.18it/s]  3%|▎         | 10/287 [00:04<02:01,  2.28it/s]  4%|▍         | 11/287 [00:04<01:59,  2.31it/s]  4%|▍         | 12/287 [00:05<01:57,  2.33it/s]  5%|▍         | 13/287 [00:05<01:55,  2.38it/s]  5%|▍         | 14/287 [00:05<01:57,  2.32it/s]  5%|▌         | 15/287 [00:06<02:00,  2.25it/s]  6%|▌         | 16/287 [00:06<01:53,  2.38it/s]  6%|▌         | 17/287 [00:07<01:49,  2.46it/s]  6%|▋         | 18/287 [00:07<01:47,  2.49it/s]  7%|▋         | 19/287 [00:07<01:49,  2.46it/s]  7%|▋         | 20/287 [00:08<01:51,  2.39it/s]  7%|▋         | 21/287 [00:08<01:44,  2.54it/s]  8%|▊         | 22/287 [00:09<01:46,  2.48it/s]  8%|▊         | 23/287 [00:09<01:44,  2.52it/s]  8%|▊         | 24/287 [00:09<01:45,  2.49it/s]  9%|▊         | 25/287 [00:10<01:42,  2.55it/s]  9%|▉         | 26/287 [00:10<01:41,  2.56it/s]  9%|▉         | 27/287 [00:11<01:48,  2.39it/s] 10%|▉         | 28/287 [00:11<01:44,  2.48it/s] 10%|█         | 29/287 [00:12<01:48,  2.37it/s] 10%|█         | 30/287 [00:12<01:52,  2.28it/s] 11%|█         | 31/287 [00:12<01:49,  2.33it/s] 11%|█         | 32/287 [00:13<01:47,  2.38it/s] 11%|█▏        | 33/287 [00:13<01:53,  2.25it/s] 12%|█▏        | 34/287 [00:14<01:52,  2.25it/s] 12%|█▏        | 35/287 [00:14<01:48,  2.33it/s] 13%|█▎        | 36/287 [00:15<01:43,  2.42it/s] 13%|█▎        | 37/287 [00:15<01:39,  2.52it/s] 13%|█▎        | 38/287 [00:15<01:36,  2.57it/s] 14%|█▎        | 39/287 [00:16<01:43,  2.41it/s] 14%|█▍        | 40/287 [00:16<01:41,  2.43it/s] 14%|█▍        | 41/287 [00:17<01:39,  2.48it/s] 15%|█▍        | 42/287 [00:17<01:45,  2.32it/s] 15%|█▍        | 43/287 [00:17<01:45,  2.32it/s] 15%|█▌        | 44/287 [00:18<01:46,  2.27it/s] 16%|█▌        | 45/287 [00:18<01:39,  2.43it/s] 16%|█▌        | 46/287 [00:19<01:38,  2.45it/s] 16%|█▋        | 47/287 [00:19<01:38,  2.43it/s] 17%|█▋        | 48/287 [00:19<01:36,  2.49it/s] 17%|█▋        | 49/287 [00:20<01:36,  2.47it/s] 17%|█▋        | 50/287 [00:20<01:35,  2.49it/s] 18%|█▊        | 51/287 [00:21<01:32,  2.55it/s] 18%|█▊        | 52/287 [00:21<01:33,  2.52it/s] 18%|█▊        | 53/287 [00:21<01:34,  2.47it/s] 19%|█▉        | 54/287 [00:22<01:32,  2.53it/s] 19%|█▉        | 55/287 [00:22<01:35,  2.43it/s] 20%|█▉        | 56/287 [00:23<01:31,  2.53it/s] 20%|█▉        | 57/287 [00:23<01:30,  2.53it/s] 20%|██        | 58/287 [00:24<01:38,  2.33it/s] 21%|██        | 59/287 [00:24<01:40,  2.28it/s] 21%|██        | 60/287 [00:24<01:43,  2.19it/s] 21%|██▏       | 61/287 [00:25<01:38,  2.29it/s] 22%|██▏       | 62/287 [00:25<01:32,  2.44it/s] 22%|██▏       | 63/287 [00:26<01:37,  2.30it/s] 22%|██▏       | 64/287 [00:26<01:38,  2.26it/s] 23%|██▎       | 65/287 [00:27<01:35,  2.31it/s] 23%|██▎       | 66/287 [00:27<01:32,  2.39it/s] 23%|██▎       | 67/287 [00:27<01:32,  2.39it/s] 24%|██▎       | 68/287 [00:28<01:32,  2.36it/s] 24%|██▍       | 69/287 [00:28<01:26,  2.51it/s] 24%|██▍       | 70/287 [00:29<01:25,  2.52it/s] 25%|██▍       | 71/287 [00:29<01:26,  2.50it/s] 25%|██▌       | 72/287 [00:29<01:22,  2.60it/s] 25%|██▌       | 73/287 [00:30<01:22,  2.59it/s] 26%|██▌       | 74/287 [00:30<01:23,  2.56it/s] 26%|██▌       | 75/287 [00:31<01:29,  2.38it/s] 26%|██▋       | 76/287 [00:31<01:33,  2.25it/s] 27%|██▋       | 77/287 [00:32<01:30,  2.32it/s] 27%|██▋       | 78/287 [00:32<01:28,  2.37it/s] 28%|██▊       | 79/287 [00:32<01:25,  2.43it/s] 28%|██▊       | 80/287 [00:33<01:29,  2.32it/s] 28%|██▊       | 81/287 [00:33<01:24,  2.44it/s] 29%|██▊       | 82/287 [00:33<01:21,  2.53it/s] 29%|██▉       | 83/287 [00:34<01:21,  2.51it/s] 29%|██▉       | 84/287 [00:34<01:21,  2.48it/s] 30%|██▉       | 85/287 [00:35<01:24,  2.40it/s] 30%|██▉       | 86/287 [00:35<01:22,  2.44it/s] 30%|███       | 87/287 [00:36<01:18,  2.54it/s] 31%|███       | 88/287 [00:36<01:23,  2.39it/s] 31%|███       | 89/287 [00:36<01:26,  2.28it/s] 31%|███▏      | 90/287 [00:37<01:25,  2.29it/s] 32%|███▏      | 91/287 [00:37<01:21,  2.40it/s] 32%|███▏      | 92/287 [00:38<01:19,  2.44it/s] 32%|███▏      | 93/287 [00:38<01:18,  2.47it/s] 33%|███▎      | 94/287 [00:38<01:16,  2.51it/s] 33%|███▎      | 95/287 [00:39<01:15,  2.54it/s] 33%|███▎      | 96/287 [00:39<01:13,  2.59it/s] 34%|███▍      | 97/287 [00:40<01:17,  2.44it/s] 34%|███▍      | 98/287 [00:40<01:15,  2.50it/s] 34%|███▍      | 99/287 [00:40<01:17,  2.43it/s] 35%|███▍      | 100/287 [00:41<01:15,  2.47it/s] 35%|███▌      | 101/287 [00:41<01:14,  2.49it/s] 36%|███▌      | 102/287 [00:42<01:11,  2.58it/s] 36%|███▌      | 103/287 [00:42<01:14,  2.48it/s] 36%|███▌      | 104/287 [00:42<01:13,  2.49it/s] 37%|███▋      | 105/287 [00:43<01:11,  2.54it/s] 37%|███▋      | 106/287 [00:43<01:11,  2.51it/s] 37%|███▋      | 107/287 [00:44<01:12,  2.49it/s] 38%|███▊      | 108/287 [00:44<01:11,  2.50it/s] 38%|███▊      | 109/287 [00:44<01:09,  2.57it/s] 38%|███▊      | 110/287 [00:45<01:10,  2.53it/s] 39%|███▊      | 111/287 [00:45<01:09,  2.55it/s] 39%|███▉      | 112/287 [00:46<01:07,  2.59it/s] 39%|███▉      | 113/287 [00:46<01:09,  2.52it/s] 40%|███▉      | 114/287 [00:46<01:08,  2.52it/s] 40%|████      | 115/287 [00:47<01:11,  2.41it/s] 40%|████      | 116/287 [00:47<01:10,  2.43it/s] 41%|████      | 117/287 [00:48<01:08,  2.47it/s] 41%|████      | 118/287 [00:48<01:06,  2.55it/s] 41%|████▏     | 119/287 [00:48<01:07,  2.50it/s] 42%|████▏     | 120/287 [00:49<01:07,  2.47it/s] 42%|████▏     | 121/287 [00:49<01:09,  2.40it/s] 43%|████▎     | 122/287 [00:50<01:08,  2.39it/s] 43%|████▎     | 123/287 [00:50<01:05,  2.49it/s] 43%|████▎     | 124/287 [00:51<01:07,  2.40it/s] 44%|████▎     | 125/287 [00:51<01:04,  2.53it/s] 44%|████▍     | 126/287 [00:51<01:02,  2.59it/s] 44%|████▍     | 127/287 [00:52<01:02,  2.55it/s] 45%|████▍     | 128/287 [00:52<01:01,  2.57it/s] 45%|████▍     | 129/287 [00:52<01:01,  2.57it/s] 45%|████▌     | 130/287 [00:53<01:02,  2.51it/s] 46%|████▌     | 131/287 [00:53<01:02,  2.48it/s] 46%|████▌     | 132/287 [00:54<01:06,  2.32it/s] 46%|████▋     | 133/287 [00:54<01:02,  2.46it/s] 47%|████▋     | 134/287 [00:54<00:59,  2.56it/s] 47%|████▋     | 135/287 [00:55<00:59,  2.55it/s] 47%|████▋     | 136/287 [00:55<01:00,  2.51it/s] 48%|████▊     | 137/287 [00:56<00:59,  2.51it/s] 48%|████▊     | 138/287 [00:56<01:03,  2.35it/s] 48%|████▊     | 139/287 [00:57<01:02,  2.38it/s] 49%|████▉     | 140/287 [00:57<01:04,  2.28it/s] 49%|████▉     | 141/287 [00:57<01:03,  2.30it/s] 49%|████▉     | 142/287 [00:58<01:00,  2.41it/s] 50%|████▉     | 143/287 [00:58<00:57,  2.50it/s] 50%|█████     | 144/287 [00:59<00:57,  2.50it/s] 51%|█████     | 145/287 [00:59<00:58,  2.44it/s] 51%|█████     | 146/287 [00:59<00:56,  2.50it/s] 51%|█████     | 147/287 [01:00<00:59,  2.34it/s] 52%|█████▏    | 148/287 [01:00<00:56,  2.45it/s] 52%|█████▏    | 149/287 [01:01<00:55,  2.47it/s] 52%|█████▏    | 150/287 [01:01<00:55,  2.48it/s] 53%|█████▎    | 151/287 [01:01<00:53,  2.52it/s] 53%|█████▎    | 152/287 [01:02<00:56,  2.39it/s] 53%|█████▎    | 153/287 [01:02<00:56,  2.35it/s] 54%|█████▎    | 154/287 [01:03<00:54,  2.44it/s] 54%|█████▍    | 155/287 [01:03<00:53,  2.46it/s] 54%|█████▍    | 156/287 [01:04<00:53,  2.45it/s] 55%|█████▍    | 157/287 [01:04<00:52,  2.50it/s] 55%|█████▌    | 158/287 [01:04<00:50,  2.54it/s] 55%|█████▌    | 159/287 [01:05<00:50,  2.51it/s] 56%|█████▌    | 160/287 [01:05<00:53,  2.36it/s] 56%|█████▌    | 161/287 [01:06<00:51,  2.47it/s] 56%|█████▋    | 162/287 [01:06<00:49,  2.52it/s] 57%|█████▋    | 163/287 [01:06<00:49,  2.50it/s] 57%|█████▋    | 164/287 [01:07<00:50,  2.42it/s] 57%|█████▋    | 165/287 [01:07<00:52,  2.32it/s] 58%|█████▊    | 166/287 [01:08<00:50,  2.42it/s] 58%|█████▊    | 167/287 [01:08<00:46,  2.57it/s] 59%|█████▊    | 168/287 [01:08<00:45,  2.59it/s] 59%|█████▉    | 169/287 [01:09<00:45,  2.58it/s] 59%|█████▉    | 170/287 [01:09<00:45,  2.58it/s] 60%|█████▉    | 171/287 [01:10<00:48,  2.39it/s] 60%|█████▉    | 172/287 [01:10<00:50,  2.26it/s] 60%|██████    | 173/287 [01:10<00:47,  2.40it/s] 61%|██████    | 174/287 [01:11<00:48,  2.35it/s] 61%|██████    | 175/287 [01:11<00:48,  2.31it/s] 61%|██████▏   | 176/287 [01:12<00:47,  2.34it/s] 62%|██████▏   | 177/287 [01:12<00:46,  2.38it/s] 62%|██████▏   | 178/287 [01:13<00:47,  2.31it/s] 62%|██████▏   | 179/287 [01:13<00:45,  2.36it/s] 63%|██████▎   | 180/287 [01:13<00:44,  2.43it/s] 63%|██████▎   | 181/287 [01:14<00:43,  2.46it/s] 63%|██████▎   | 182/287 [01:14<00:44,  2.34it/s] 64%|██████▍   | 183/287 [01:15<00:44,  2.36it/s] 64%|██████▍   | 184/287 [01:15<00:41,  2.46it/s] 64%|██████▍   | 185/287 [01:16<00:44,  2.30it/s] 65%|██████▍   | 186/287 [01:16<00:45,  2.20it/s] 65%|██████▌   | 187/287 [01:16<00:43,  2.30it/s] 66%|██████▌   | 188/287 [01:17<00:43,  2.28it/s] 66%|██████▌   | 189/287 [01:17<00:40,  2.42it/s] 66%|██████▌   | 190/287 [01:18<00:39,  2.46it/s] 67%|██████▋   | 191/287 [01:18<00:38,  2.52it/s] 67%|██████▋   | 192/287 [01:18<00:38,  2.49it/s] 67%|██████▋   | 193/287 [01:19<00:36,  2.55it/s] 68%|██████▊   | 194/287 [01:19<00:35,  2.59it/s] 68%|██████▊   | 195/287 [01:20<00:34,  2.67it/s] 68%|██████▊   | 196/287 [01:20<00:35,  2.56it/s] 69%|██████▊   | 197/287 [01:20<00:35,  2.55it/s] 69%|██████▉   | 198/287 [01:21<00:37,  2.38it/s] 69%|██████▉   | 199/287 [01:21<00:35,  2.49it/s] 70%|██████▉   | 200/287 [01:22<00:35,  2.47it/s] 70%|███████   | 201/287 [01:22<00:33,  2.56it/s] 70%|███████   | 202/287 [01:22<00:35,  2.42it/s] 71%|███████   | 203/287 [01:23<00:34,  2.44it/s] 71%|███████   | 204/287 [01:23<00:33,  2.46it/s] 71%|███████▏  | 205/287 [01:24<00:32,  2.49it/s] 72%|███████▏  | 206/287 [01:24<00:33,  2.44it/s] 72%|███████▏  | 207/287 [01:25<00:34,  2.34it/s] 72%|███████▏  | 208/287 [01:25<00:34,  2.27it/s] 73%|███████▎  | 209/287 [01:25<00:34,  2.26it/s] 73%|███████▎  | 210/287 [01:26<00:35,  2.20it/s] 74%|███████▎  | 211/287 [01:26<00:33,  2.25it/s] 74%|███████▍  | 212/287 [01:27<00:34,  2.17it/s] 74%|███████▍  | 213/287 [01:27<00:32,  2.26it/s] 75%|███████▍  | 214/287 [01:28<00:31,  2.34it/s] 75%|███████▍  | 215/287 [01:28<00:31,  2.27it/s] 75%|███████▌  | 216/287 [01:29<00:30,  2.32it/s] 76%|███████▌  | 217/287 [01:29<00:30,  2.27it/s] 76%|███████▌  | 218/287 [01:29<00:31,  2.22it/s] 76%|███████▋  | 219/287 [01:30<00:29,  2.33it/s] 77%|███████▋  | 220/287 [01:30<00:27,  2.45it/s] 77%|███████▋  | 221/287 [01:31<00:26,  2.48it/s] 77%|███████▋  | 222/287 [01:31<00:27,  2.36it/s] 78%|███████▊  | 223/287 [01:32<00:28,  2.24it/s] 78%|███████▊  | 224/287 [01:32<00:28,  2.23it/s] 78%|███████▊  | 225/287 [01:32<00:27,  2.23it/s] 79%|███████▊  | 226/287 [01:33<00:25,  2.39it/s] 79%|███████▉  | 227/287 [01:33<00:24,  2.46it/s] 79%|███████▉  | 228/287 [01:34<00:24,  2.44it/s] 80%|███████▉  | 229/287 [01:34<00:23,  2.47it/s] 80%|████████  | 230/287 [01:34<00:22,  2.52it/s] 80%|████████  | 231/287 [01:35<00:22,  2.52it/s] 81%|████████  | 232/287 [01:35<00:21,  2.52it/s] 81%|████████  | 233/287 [01:36<00:21,  2.52it/s] 82%|████████▏ | 234/287 [01:36<00:20,  2.53it/s] 82%|████████▏ | 235/287 [01:36<00:21,  2.38it/s] 82%|████████▏ | 236/287 [01:37<00:21,  2.42it/s] 83%|████████▎ | 237/287 [01:37<00:20,  2.48it/s] 83%|████████▎ | 238/287 [01:38<00:19,  2.46it/s] 83%|████████▎ | 239/287 [01:38<00:19,  2.47it/s] 84%|████████▎ | 240/287 [01:38<00:19,  2.45it/s] 84%|████████▍ | 241/287 [01:39<00:18,  2.52it/s] 84%|████████▍ | 242/287 [01:39<00:18,  2.48it/s] 85%|████████▍ | 243/287 [01:40<00:17,  2.47it/s] 85%|████████▌ | 244/287 [01:40<00:17,  2.48it/s] 85%|████████▌ | 245/287 [01:40<00:16,  2.50it/s] 86%|████████▌ | 246/287 [01:41<00:16,  2.51it/s] 86%|████████▌ | 247/287 [01:41<00:15,  2.59it/s] 86%|████████▋ | 248/287 [01:42<00:14,  2.61it/s] 87%|████████▋ | 249/287 [01:42<00:14,  2.59it/s] 87%|████████▋ | 250/287 [01:42<00:14,  2.60it/s] 87%|████████▋ | 251/287 [01:43<00:14,  2.51it/s] 88%|████████▊ | 252/287 [01:43<00:14,  2.47it/s] 88%|████████▊ | 253/287 [01:44<00:14,  2.38it/s] 89%|████████▊ | 254/287 [01:44<00:13,  2.47it/s] 89%|████████▉ | 255/287 [01:44<00:13,  2.45it/s] 89%|████████▉ | 256/287 [01:45<00:12,  2.51it/s] 90%|████████▉ | 257/287 [01:45<00:12,  2.43it/s] 90%|████████▉ | 258/287 [01:46<00:11,  2.44it/s] 90%|█████████ | 259/287 [01:46<00:11,  2.49it/s] 91%|█████████ | 260/287 [01:46<00:10,  2.50it/s] 91%|█████████ | 261/287 [01:47<00:10,  2.60it/s] 91%|█████████▏| 262/287 [01:47<00:10,  2.45it/s] 92%|█████████▏| 263/287 [01:48<00:09,  2.41it/s] 92%|█████████▏| 264/287 [01:48<00:09,  2.46it/s] 92%|█████████▏| 265/287 [01:48<00:08,  2.46it/s] 93%|█████████▎| 266/287 [01:49<00:08,  2.47it/s] 93%|█████████▎| 267/287 [01:49<00:08,  2.35it/s] 93%|█████████▎| 268/287 [01:50<00:07,  2.40it/s] 94%|█████████▎| 269/287 [01:50<00:07,  2.39it/s] 94%|█████████▍| 270/287 [01:51<00:07,  2.32it/s] 94%|█████████▍| 271/287 [01:51<00:06,  2.44it/s] 95%|█████████▍| 272/287 [01:51<00:05,  2.51it/s] 95%|█████████▌| 273/287 [01:52<00:05,  2.52it/s] 95%|█████████▌| 274/287 [01:52<00:05,  2.47it/s] 96%|█████████▌| 275/287 [01:53<00:04,  2.50it/s] 96%|█████████▌| 276/287 [01:53<00:04,  2.50it/s] 97%|█████████▋| 277/287 [01:53<00:03,  2.62it/s] 97%|█████████▋| 278/287 [01:54<00:03,  2.43it/s] 97%|█████████▋| 279/287 [01:54<00:03,  2.44it/s] 98%|█████████▊| 280/287 [01:55<00:02,  2.44it/s] 98%|█████████▊| 281/287 [01:55<00:02,  2.48it/s] 98%|█████████▊| 282/287 [01:55<00:01,  2.54it/s] 99%|█████████▊| 283/287 [01:56<00:01,  2.55it/s] 99%|█████████▉| 284/287 [01:56<00:01,  2.62it/s] 99%|█████████▉| 285/287 [01:56<00:00,  2.68it/s]100%|█████████▉| 286/287 [01:57<00:00,  2.56it/s]100%|██████████| 287/287 [01:57<00:00,  2.75it/s]100%|██████████| 287/287 [01:57<00:00,  2.44it/s]
/home3/qljx17/MMOln-ssos/mmdetection/mmdet/models/dense_heads/anchor_head.py:115: UserWarning: DeprecationWarning: anchor_generator is deprecated, please use "prior_generator" instead
  warnings.warn('DeprecationWarning: anchor_generator is deprecated, '
/home3/qljx17/MMOln-ssos/mmdetection/mmdet/models/task_modules/samplers/sampling_result.py:132: UserWarning: DeprecationWarning: pos_bboxes is deprecated, please use "pos_priors" instead
  warnings.warn('DeprecationWarning: pos_bboxes is deprecated, '
loading annotations into memory...
Done (t=0.03s)
creating index...
index created!
05/05 15:07:43 - mmengine - INFO - Epoch(train)  [3][ 50/287]  base_lr: 6.2400e-05 lr: 4.3576e-05  eta: 2:09:55  time: 3.7055  data_time: 2.5081  memory: 47312  loss: 0.7916  loss_rpn_cls: 0.0000  loss_rpn_bbox: 0.0898  loss_rpn_obj: 0.0229  loss_bbox: 0.0338  loss_bbox_score: 0.0019  loss_ood: 0.0000  loss_pseudo_class: 0.6432
05/05 15:08:49 - mmengine - INFO - Epoch(train)  [3][100/287]  base_lr: 6.7400e-05 lr: 4.7068e-05  eta: 2:06:16  time: 1.3151  data_time: 0.1441  memory: 47312  loss: 0.8014  loss_rpn_cls: 0.0000  loss_rpn_bbox: 0.0844  loss_rpn_obj: 0.0228  loss_bbox: 0.0333  loss_bbox_score: 0.0018  loss_ood: 0.0000  loss_pseudo_class: 0.6590
05/05 15:09:54 - mmengine - INFO - Epoch(train)  [3][150/287]  base_lr: 7.2400e-05 lr: 5.0560e-05  eta: 2:02:51  time: 1.2953  data_time: 0.1452  memory: 47312  loss: 0.8772  loss_rpn_cls: 0.0000  loss_rpn_bbox: 0.0995  loss_rpn_obj: 0.0249  loss_bbox: 0.0361  loss_bbox_score: 0.0019  loss_ood: 0.0000  loss_pseudo_class: 0.7147
05/05 15:11:01 - mmengine - INFO - Epoch(train)  [3][200/287]  base_lr: 7.7400e-05 lr: 5.4051e-05  eta: 1:59:58  time: 1.3418  data_time: 0.1476  memory: 47312  loss: 0.7881  loss_rpn_cls: 0.0000  loss_rpn_bbox: 0.1008  loss_rpn_obj: 0.0236  loss_bbox: 0.0342  loss_bbox_score: 0.0019  loss_ood: 0.0000  loss_pseudo_class: 0.6277
05/05 15:12:07 - mmengine - INFO - Epoch(train)  [3][250/287]  base_lr: 8.2400e-05 lr: 5.7543e-05  eta: 1:57:14  time: 1.3263  data_time: 0.1488  memory: 47313  loss: 0.7945  loss_rpn_cls: 0.0000  loss_rpn_bbox: 0.0921  loss_rpn_obj: 0.0226  loss_bbox: 0.0337  loss_bbox_score: 0.0018  loss_ood: 0.0000  loss_pseudo_class: 0.6443
05/05 15:12:56 - mmengine - INFO - Exp name: oln_ssos_box_convnext-t-p4-w7_fpn_amp-ms-crop-3x_dbf6_oodsampling1_startepoch3_k10_20250505_144606
05/05 15:13:00 - mmengine - INFO - Epoch(val)  [3][ 50/572]    eta: 0:00:39  time: 0.0753  data_time: 0.0178  memory: 47312  
05/05 15:13:04 - mmengine - INFO - Epoch(val)  [3][100/572]    eta: 0:00:36  time: 0.0796  data_time: 0.0198  memory: 1139  
05/05 15:13:07 - mmengine - INFO - Epoch(val)  [3][150/572]    eta: 0:00:32  time: 0.0758  data_time: 0.0187  memory: 1021  
05/05 15:13:11 - mmengine - INFO - Epoch(val)  [3][200/572]    eta: 0:00:28  time: 0.0768  data_time: 0.0190  memory: 1059  
05/05 15:13:15 - mmengine - INFO - Epoch(val)  [3][250/572]    eta: 0:00:24  time: 0.0773  data_time: 0.0188  memory: 1139  
05/05 15:13:19 - mmengine - INFO - Epoch(val)  [3][300/572]    eta: 0:00:20  time: 0.0771  data_time: 0.0193  memory: 1046  
05/05 15:13:23 - mmengine - INFO - Epoch(val)  [3][350/572]    eta: 0:00:17  time: 0.0754  data_time: 0.0183  memory: 1059  
05/05 15:13:26 - mmengine - INFO - Epoch(val)  [3][400/572]    eta: 0:00:13  time: 0.0718  data_time: 0.0141  memory: 1113  
05/05 15:13:30 - mmengine - INFO - Epoch(val)  [3][450/572]    eta: 0:00:09  time: 0.0716  data_time: 0.0136  memory: 1113  
05/05 15:13:34 - mmengine - INFO - Epoch(val)  [3][500/572]    eta: 0:00:05  time: 0.0776  data_time: 0.0194  memory: 1087  
05/05 15:13:38 - mmengine - INFO - Epoch(val)  [3][550/572]    eta: 0:00:01  time: 0.0761  data_time: 0.0185  memory: 1033  
05/05 15:13:51 - mmengine - INFO - Evaluating bbox...
Loading and preparing results...
DONE (t=2.73s)
creating index...
index created!
Running per image evaluation...
Evaluate annotation type *bbox*
DONE (t=21.83s).
Accumulating evaluation results...
DONE (t=28.30s).
 Average Precision  (AP) @[ IoU=0.50:0.95 | area=   all | maxDets=100 ] = 0.205
 Average Precision  (AP) @[ IoU=0.50      | area=   all | maxDets=100 ] = 0.340
 Average Precision  (AP) @[ IoU=0.75      | area=   all | maxDets=100 ] = 0.219
 Average Precision  (AP) @[ IoU=0.50:0.95 | area= small | maxDets=100 ] = 0.007
 Average Precision  (AP) @[ IoU=0.50:0.95 | area=medium | maxDets=100 ] = 0.041
 Average Precision  (AP) @[ IoU=0.50:0.95 | area= large | maxDets=100 ] = 0.622
 Average Recall     (AR) @[ IoU=0.50:0.95 | area=   all | maxDets= 10 ] = 0.382
 Average Recall     (AR) @[ IoU=0.50:0.95 | area=   all | maxDets= 20 ] = 0.423
 Average Recall     (AR) @[ IoU=0.50:0.95 | area=   all | maxDets= 30 ] = 0.444
 Average Recall     (AR) @[ IoU=0.50:0.95 | area=   all | maxDets= 50 ] = 0.465
 Average Recall     (AR) @[ IoU=0.50:0.95 | area=   all | maxDets=100 ] = 0.491
 Average Recall     (AR) @[ IoU=0.50:0.95 | area=   all | maxDets=300 ] = 0.521
 Average Recall     (AR) @[ IoU=0.50:0.95 | area=   all | maxDets=500 ] = 0.526
 Average Recall     (AR) @[ IoU=0.50:0.95 | area=   all | maxDets=1000 ] = 0.529
 Average Recall     (AR) @[ IoU=0.50:0.95 | area=   all | maxDets=1500 ] = 0.529
05/05 15:14:48 - mmengine - INFO - Optimal score threshold: 0.5300531208515167
05/05 15:14:48 - mmengine - INFO - Non OS Detected Anomaly Score Threshold: 0.18299253284931183
05/05 15:14:49 - mmengine - INFO - Non OS All Anomaly Score Threshold: 0.277534544467926
05/05 15:14:49 - mmengine - INFO - Detected Anomaly Score Threshold: 0.18069760501384735
05/05 15:14:49 - mmengine - INFO - All Anomaly Score Threshold: 0.21526069939136505
05/05 15:14:49 - mmengine - INFO - bbox_mAP_copypaste: 0.205 0.340 0.219 0.007 0.041 0.622
05/05 15:14:49 - mmengine - INFO - Epoch(val) [3][572/572]    dbf6/bbox_mAP: 0.2050  dbf6/bbox_mAP_50: 0.3400  dbf6/bbox_mAP_75: 0.2190  dbf6/bbox_mAP_s: 0.0070  dbf6/bbox_mAP_m: 0.0410  dbf6/bbox_mAP_l: 0.6220  data_time: 0.0179  time: 0.0757
  0%|          | 0/287 [00:00<?, ?it/s]  0%|          | 1/287 [00:00<02:22,  2.01it/s]  1%|          | 2/287 [00:00<02:04,  2.29it/s]  1%|          | 3/287 [00:01<01:59,  2.37it/s]  1%|▏         | 4/287 [00:01<02:00,  2.35it/s]  2%|▏         | 5/287 [00:02<02:02,  2.29it/s]  2%|▏         | 6/287 [00:02<01:55,  2.43it/s]  2%|▏         | 7/287 [00:02<01:52,  2.49it/s]  3%|▎         | 8/287 [00:03<01:53,  2.46it/s]  3%|▎         | 9/287 [00:03<01:58,  2.35it/s]  3%|▎         | 10/287 [00:04<01:59,  2.32it/s]  4%|▍         | 11/287 [00:04<01:55,  2.39it/s]  4%|▍         | 12/287 [00:05<01:51,  2.46it/s]  5%|▍         | 13/287 [00:05<01:47,  2.55it/s]  5%|▍         | 14/287 [00:05<01:43,  2.64it/s]  5%|▌         | 15/287 [00:06<01:48,  2.51it/s]  6%|▌         | 16/287 [00:06<01:55,  2.35it/s]  6%|▌         | 17/287 [00:07<01:53,  2.38it/s]  6%|▋         | 18/287 [00:07<01:49,  2.45it/s]  7%|▋         | 19/287 [00:07<01:48,  2.47it/s]  7%|▋         | 20/287 [00:08<01:50,  2.41it/s]  7%|▋         | 21/287 [00:08<01:53,  2.34it/s]  8%|▊         | 22/287 [00:09<01:52,  2.35it/s]  8%|▊         | 23/287 [00:09<01:51,  2.36it/s]  8%|▊         | 24/287 [00:09<01:44,  2.51it/s]  9%|▊         | 25/287 [00:10<01:43,  2.54it/s]  9%|▉         | 26/287 [00:10<01:42,  2.56it/s]  9%|▉         | 27/287 [00:11<01:45,  2.47it/s] 10%|▉         | 28/287 [00:11<01:46,  2.42it/s] 10%|█         | 29/287 [00:11<01:45,  2.44it/s] 10%|█         | 30/287 [00:12<01:46,  2.42it/s] 11%|█         | 31/287 [00:12<01:50,  2.32it/s] 11%|█         | 32/287 [00:13<01:46,  2.40it/s] 11%|█▏        | 33/287 [00:13<01:50,  2.29it/s] 12%|█▏        | 34/287 [00:14<01:46,  2.38it/s] 12%|█▏        | 35/287 [00:14<01:45,  2.39it/s] 13%|█▎        | 36/287 [00:14<01:44,  2.40it/s] 13%|█▎        | 37/287 [00:15<01:41,  2.47it/s] 13%|█▎        | 38/287 [00:15<01:47,  2.32it/s] 14%|█▎        | 39/287 [00:16<01:47,  2.32it/s] 14%|█▍        | 40/287 [00:16<01:43,  2.38it/s] 14%|█▍        | 41/287 [00:17<01:43,  2.38it/s] 15%|█▍        | 42/287 [00:17<01:49,  2.24it/s] 15%|█▍        | 43/287 [00:17<01:44,  2.33it/s] 15%|█▌        | 44/287 [00:18<01:42,  2.38it/s] 16%|█▌        | 45/287 [00:18<01:40,  2.40it/s] 16%|█▌        | 46/287 [00:19<01:38,  2.45it/s] 16%|█▋        | 47/287 [00:19<01:38,  2.43it/s] 17%|█▋        | 48/287 [00:19<01:35,  2.51it/s] 17%|█▋        | 49/287 [00:20<01:34,  2.51it/s] 17%|█▋        | 50/287 [00:20<01:34,  2.52it/s] 18%|█▊        | 51/287 [00:21<01:36,  2.46it/s] 18%|█▊        | 52/287 [00:21<01:38,  2.37it/s] 18%|█▊        | 53/287 [00:21<01:34,  2.49it/s] 19%|█▉        | 54/287 [00:22<01:32,  2.51it/s] 19%|█▉        | 55/287 [00:22<01:33,  2.47it/s] 20%|█▉        | 56/287 [00:23<01:37,  2.36it/s] 20%|█▉        | 57/287 [00:23<01:38,  2.33it/s] 20%|██        | 58/287 [00:24<01:36,  2.37it/s] 21%|██        | 59/287 [00:24<01:35,  2.40it/s] 21%|██        | 60/287 [00:24<01:39,  2.28it/s] 21%|██▏       | 61/287 [00:25<01:34,  2.40it/s] 22%|██▏       | 62/287 [00:25<01:38,  2.29it/s] 22%|██▏       | 63/287 [00:26<01:33,  2.39it/s] 22%|██▏       | 64/287 [00:26<01:34,  2.35it/s] 23%|██▎       | 65/287 [00:27<01:33,  2.38it/s] 23%|██▎       | 66/287 [00:27<01:32,  2.39it/s] 23%|██▎       | 67/287 [00:27<01:37,  2.27it/s] 24%|██▎       | 68/287 [00:28<01:31,  2.39it/s] 24%|██▍       | 69/287 [00:28<01:33,  2.32it/s] 24%|██▍       | 70/287 [00:29<01:28,  2.46it/s] 25%|██▍       | 71/287 [00:29<01:28,  2.45it/s] 25%|██▌       | 72/287 [00:30<01:33,  2.29it/s] 25%|██▌       | 73/287 [00:30<01:28,  2.42it/s] 26%|██▌       | 74/287 [00:30<01:27,  2.44it/s] 26%|██▌       | 75/287 [00:31<01:32,  2.30it/s] 26%|██▋       | 76/287 [00:31<01:35,  2.22it/s] 27%|██▋       | 77/287 [00:32<01:30,  2.33it/s] 27%|██▋       | 78/287 [00:32<01:27,  2.39it/s] 28%|██▊       | 79/287 [00:33<01:28,  2.36it/s] 28%|██▊       | 80/287 [00:33<01:30,  2.30it/s] 28%|██▊       | 81/287 [00:33<01:26,  2.37it/s] 29%|██▊       | 82/287 [00:34<01:27,  2.34it/s] 29%|██▉       | 83/287 [00:34<01:24,  2.40it/s] 29%|██▉       | 84/287 [00:35<01:19,  2.55it/s] 30%|██▉       | 85/287 [00:35<01:18,  2.57it/s] 30%|██▉       | 86/287 [00:35<01:23,  2.42it/s] 30%|███       | 87/287 [00:36<01:22,  2.42it/s] 31%|███       | 88/287 [00:36<01:22,  2.41it/s] 31%|███       | 89/287 [00:37<01:20,  2.47it/s] 31%|███▏      | 90/287 [00:37<01:20,  2.46it/s] 32%|███▏      | 91/287 [00:37<01:24,  2.33it/s] 32%|███▏      | 92/287 [00:38<01:23,  2.35it/s] 32%|███▏      | 93/287 [00:38<01:20,  2.40it/s] 33%|███▎      | 94/287 [00:39<01:18,  2.47it/s] 33%|███▎      | 95/287 [00:39<01:18,  2.46it/s] 33%|███▎      | 96/287 [00:39<01:13,  2.60it/s] 34%|███▍      | 97/287 [00:40<01:14,  2.56it/s] 34%|███▍      | 98/287 [00:40<01:17,  2.45it/s] 34%|███▍      | 99/287 [00:41<01:14,  2.52it/s] 35%|███▍      | 100/287 [00:41<01:14,  2.51it/s] 35%|███▌      | 101/287 [00:41<01:14,  2.50it/s] 36%|███▌      | 102/287 [00:42<01:15,  2.44it/s] 36%|███▌      | 103/287 [00:42<01:20,  2.29it/s] 36%|███▌      | 104/287 [00:43<01:18,  2.33it/s] 37%|███▋      | 105/287 [00:43<01:17,  2.36it/s] 37%|███▋      | 106/287 [00:44<01:19,  2.27it/s] 37%|███▋      | 107/287 [00:44<01:21,  2.20it/s] 38%|███▊      | 108/287 [00:45<01:16,  2.33it/s] 38%|███▊      | 109/287 [00:45<01:13,  2.41it/s] 38%|███▊      | 110/287 [00:45<01:12,  2.43it/s] 39%|███▊      | 111/287 [00:46<01:16,  2.29it/s] 39%|███▉      | 112/287 [00:46<01:12,  2.40it/s] 39%|███▉      | 113/287 [00:47<01:10,  2.48it/s] 40%|███▉      | 114/287 [00:47<01:13,  2.34it/s] 40%|████      | 115/287 [00:47<01:09,  2.48it/s] 40%|████      | 116/287 [00:48<01:07,  2.53it/s] 41%|████      | 117/287 [00:48<01:06,  2.55it/s] 41%|████      | 118/287 [00:49<01:11,  2.36it/s] 41%|████▏     | 119/287 [00:49<01:09,  2.40it/s] 42%|████▏     | 120/287 [00:49<01:08,  2.44it/s] 42%|████▏     | 121/287 [00:50<01:05,  2.55it/s] 43%|████▎     | 122/287 [00:50<01:05,  2.52it/s] 43%|████▎     | 123/287 [00:51<01:05,  2.50it/s] 43%|████▎     | 124/287 [00:51<01:06,  2.47it/s] 44%|████▎     | 125/287 [00:51<01:05,  2.48it/s] 44%|████▍     | 126/287 [00:52<01:08,  2.34it/s] 44%|████▍     | 127/287 [00:52<01:08,  2.35it/s] 45%|████▍     | 128/287 [00:53<01:06,  2.40it/s] 45%|████▍     | 129/287 [00:53<01:07,  2.32it/s] 45%|████▌     | 130/287 [00:54<01:07,  2.33it/s] 46%|████▌     | 131/287 [00:54<01:10,  2.22it/s] 46%|████▌     | 132/287 [00:55<01:10,  2.21it/s] 46%|████▋     | 133/287 [00:55<01:07,  2.29it/s] 47%|████▋     | 134/287 [00:55<01:05,  2.33it/s] 47%|████▋     | 135/287 [00:56<01:03,  2.38it/s] 47%|████▋     | 136/287 [00:56<01:02,  2.43it/s] 48%|████▊     | 137/287 [00:57<01:01,  2.44it/s] 48%|████▊     | 138/287 [00:57<00:58,  2.54it/s] 48%|████▊     | 139/287 [00:57<00:58,  2.53it/s] 49%|████▉     | 140/287 [00:58<01:01,  2.40it/s] 49%|████▉     | 141/287 [00:58<01:00,  2.42it/s] 49%|████▉     | 142/287 [00:59<01:01,  2.36it/s] 50%|████▉     | 143/287 [00:59<00:58,  2.44it/s] 50%|█████     | 144/287 [00:59<00:58,  2.46it/s] 51%|█████     | 145/287 [01:00<00:58,  2.43it/s] 51%|█████     | 146/287 [01:00<00:58,  2.42it/s] 51%|█████     | 147/287 [01:01<00:56,  2.48it/s] 52%|█████▏    | 148/287 [01:01<00:55,  2.49it/s] 52%|█████▏    | 149/287 [01:01<00:55,  2.50it/s] 52%|█████▏    | 150/287 [01:02<00:55,  2.45it/s] 53%|█████▎    | 151/287 [01:02<00:55,  2.46it/s] 53%|█████▎    | 152/287 [01:03<00:55,  2.42it/s] 53%|█████▎    | 153/287 [01:03<00:53,  2.50it/s] 54%|█████▎    | 154/287 [01:04<00:57,  2.33it/s] 54%|█████▍    | 155/287 [01:04<00:54,  2.43it/s] 54%|█████▍    | 156/287 [01:04<00:55,  2.37it/s] 55%|█████▍    | 157/287 [01:05<00:54,  2.41it/s] 55%|█████▌    | 158/287 [01:05<00:51,  2.49it/s] 55%|█████▌    | 159/287 [01:06<00:51,  2.48it/s] 56%|█████▌    | 160/287 [01:06<00:51,  2.48it/s] 56%|█████▌    | 161/287 [01:06<00:53,  2.34it/s] 56%|█████▋    | 162/287 [01:07<00:51,  2.43it/s] 57%|█████▋    | 163/287 [01:07<00:51,  2.40it/s] 57%|█████▋    | 164/287 [01:08<00:50,  2.44it/s] 57%|█████▋    | 165/287 [01:08<00:49,  2.46it/s] 58%|█████▊    | 166/287 [01:09<00:51,  2.34it/s] 58%|█████▊    | 167/287 [01:09<00:53,  2.25it/s] 59%|█████▊    | 168/287 [01:09<00:49,  2.40it/s] 59%|█████▉    | 169/287 [01:10<00:48,  2.45it/s] 59%|█████▉    | 170/287 [01:10<00:46,  2.52it/s] 60%|█████▉    | 171/287 [01:11<00:49,  2.36it/s] 60%|█████▉    | 172/287 [01:11<00:47,  2.41it/s] 60%|██████    | 173/287 [01:11<00:46,  2.45it/s] 61%|██████    | 174/287 [01:12<00:47,  2.39it/s] 61%|██████    | 175/287 [01:12<00:48,  2.31it/s] 61%|██████▏   | 176/287 [01:13<00:45,  2.42it/s] 62%|██████▏   | 177/287 [01:13<00:45,  2.41it/s] 62%|██████▏   | 178/287 [01:13<00:44,  2.46it/s] 62%|██████▏   | 179/287 [01:14<00:43,  2.46it/s] 63%|██████▎   | 180/287 [01:14<00:46,  2.30it/s] 63%|██████▎   | 181/287 [01:15<00:45,  2.35it/s] 63%|██████▎   | 182/287 [01:15<00:42,  2.44it/s] 64%|██████▍   | 183/287 [01:16<00:41,  2.49it/s] 64%|██████▍   | 184/287 [01:16<00:43,  2.37it/s] 64%|██████▍   | 185/287 [01:16<00:41,  2.43it/s] 65%|██████▍   | 186/287 [01:17<00:41,  2.46it/s] 65%|██████▌   | 187/287 [01:17<00:40,  2.48it/s] 66%|██████▌   | 188/287 [01:18<00:42,  2.32it/s] 66%|██████▌   | 189/287 [01:18<00:40,  2.42it/s] 66%|██████▌   | 190/287 [01:18<00:40,  2.42it/s] 67%|██████▋   | 191/287 [01:19<00:38,  2.46it/s] 67%|██████▋   | 192/287 [01:19<00:38,  2.48it/s] 67%|██████▋   | 193/287 [01:20<00:37,  2.48it/s] 68%|██████▊   | 194/287 [01:20<00:37,  2.49it/s] 68%|██████▊   | 195/287 [01:20<00:36,  2.52it/s] 68%|██████▊   | 196/287 [01:21<00:36,  2.48it/s] 69%|██████▊   | 197/287 [01:21<00:37,  2.37it/s] 69%|██████▉   | 198/287 [01:22<00:37,  2.40it/s] 69%|██████▉   | 199/287 [01:22<00:35,  2.50it/s] 70%|██████▉   | 200/287 [01:22<00:34,  2.50it/s] 70%|███████   | 201/287 [01:23<00:33,  2.57it/s] 70%|███████   | 202/287 [01:23<00:33,  2.55it/s] 71%|███████   | 203/287 [01:24<00:32,  2.55it/s] 71%|███████   | 204/287 [01:24<00:31,  2.59it/s] 71%|███████▏  | 205/287 [01:24<00:30,  2.67it/s] 72%|███████▏  | 206/287 [01:25<00:29,  2.71it/s] 72%|███████▏  | 207/287 [01:25<00:30,  2.60it/s] 72%|███████▏  | 208/287 [01:26<00:30,  2.59it/s] 73%|███████▎  | 209/287 [01:26<00:29,  2.68it/s] 73%|███████▎  | 210/287 [01:26<00:29,  2.64it/s] 74%|███████▎  | 211/287 [01:27<00:30,  2.46it/s] 74%|███████▍  | 212/287 [01:27<00:31,  2.40it/s] 74%|███████▍  | 213/287 [01:28<00:31,  2.37it/s] 75%|███████▍  | 214/287 [01:28<00:30,  2.43it/s] 75%|███████▍  | 215/287 [01:28<00:27,  2.58it/s] 75%|███████▌  | 216/287 [01:29<00:30,  2.36it/s] 76%|███████▌  | 217/287 [01:29<00:28,  2.42it/s] 76%|███████▌  | 218/287 [01:30<00:28,  2.42it/s] 76%|███████▋  | 219/287 [01:30<00:27,  2.44it/s] 77%|███████▋  | 220/287 [01:31<00:28,  2.31it/s] 77%|███████▋  | 221/287 [01:31<00:27,  2.40it/s] 77%|███████▋  | 222/287 [01:31<00:27,  2.34it/s] 78%|███████▊  | 223/287 [01:32<00:28,  2.22it/s] 78%|███████▊  | 224/287 [01:32<00:29,  2.16it/s] 78%|███████▊  | 225/287 [01:33<00:26,  2.32it/s] 79%|███████▊  | 226/287 [01:33<00:26,  2.27it/s] 79%|███████▉  | 227/287 [01:34<00:26,  2.31it/s] 79%|███████▉  | 228/287 [01:34<00:24,  2.41it/s] 80%|███████▉  | 229/287 [01:34<00:23,  2.43it/s] 80%|████████  | 230/287 [01:35<00:23,  2.45it/s] 80%|████████  | 231/287 [01:35<00:22,  2.51it/s] 81%|████████  | 232/287 [01:36<00:23,  2.38it/s] 81%|████████  | 233/287 [01:36<00:22,  2.39it/s] 82%|████████▏ | 234/287 [01:36<00:21,  2.42it/s] 82%|████████▏ | 235/287 [01:37<00:21,  2.45it/s] 82%|████████▏ | 236/287 [01:37<00:20,  2.50it/s] 83%|████████▎ | 237/287 [01:38<00:20,  2.47it/s] 83%|████████▎ | 238/287 [01:38<00:19,  2.55it/s] 83%|████████▎ | 239/287 [01:38<00:18,  2.59it/s] 84%|████████▎ | 240/287 [01:39<00:18,  2.59it/s] 84%|████████▍ | 241/287 [01:39<00:17,  2.59it/s] 84%|████████▍ | 242/287 [01:40<00:18,  2.40it/s] 85%|████████▍ | 243/287 [01:40<00:18,  2.35it/s] 85%|████████▌ | 244/287 [01:41<00:18,  2.27it/s] 85%|████████▌ | 245/287 [01:41<00:19,  2.15it/s] 86%|████████▌ | 246/287 [01:41<00:18,  2.23it/s] 86%|████████▌ | 247/287 [01:42<00:17,  2.26it/s] 86%|████████▋ | 248/287 [01:42<00:17,  2.29it/s] 87%|████████▋ | 249/287 [01:43<00:15,  2.40it/s] 87%|████████▋ | 250/287 [01:43<00:15,  2.47it/s] 87%|████████▋ | 251/287 [01:43<00:14,  2.54it/s] 88%|████████▊ | 252/287 [01:44<00:13,  2.52it/s] 88%|████████▊ | 253/287 [01:44<00:12,  2.62it/s] 89%|████████▊ | 254/287 [01:45<00:12,  2.59it/s] 89%|████████▉ | 255/287 [01:45<00:13,  2.39it/s] 89%|████████▉ | 256/287 [01:45<00:12,  2.44it/s] 90%|████████▉ | 257/287 [01:46<00:12,  2.44it/s] 90%|████████▉ | 258/287 [01:46<00:11,  2.48it/s] 90%|█████████ | 259/287 [01:47<00:11,  2.38it/s] 91%|█████████ | 260/287 [01:47<00:10,  2.48it/s] 91%|█████████ | 261/287 [01:48<00:10,  2.42it/s] 91%|█████████▏| 262/287 [01:48<00:10,  2.40it/s] 92%|█████████▏| 263/287 [01:48<00:09,  2.40it/s] 92%|█████████▏| 264/287 [01:49<00:09,  2.45it/s] 92%|█████████▏| 265/287 [01:49<00:08,  2.47it/s] 93%|█████████▎| 266/287 [01:50<00:08,  2.54it/s] 93%|█████████▎| 267/287 [01:50<00:08,  2.45it/s] 93%|█████████▎| 268/287 [01:50<00:08,  2.30it/s] 94%|█████████▎| 269/287 [01:51<00:07,  2.27it/s] 94%|█████████▍| 270/287 [01:51<00:07,  2.34it/s] 94%|█████████▍| 271/287 [01:52<00:06,  2.39it/s] 95%|█████████▍| 272/287 [01:52<00:06,  2.39it/s] 95%|█████████▌| 273/287 [01:52<00:05,  2.49it/s] 95%|█████████▌| 274/287 [01:53<00:05,  2.56it/s] 96%|█████████▌| 275/287 [01:53<00:04,  2.62it/s] 96%|█████████▌| 276/287 [01:54<00:04,  2.45it/s] 97%|█████████▋| 277/287 [01:54<00:04,  2.46it/s] 97%|█████████▋| 278/287 [01:55<00:03,  2.31it/s] 97%|█████████▋| 279/287 [01:55<00:03,  2.24it/s] 98%|█████████▊| 280/287 [01:56<00:03,  2.25it/s] 98%|█████████▊| 281/287 [01:56<00:02,  2.36it/s] 98%|█████████▊| 282/287 [01:56<00:02,  2.39it/s] 99%|█████████▊| 283/287 [01:57<00:01,  2.30it/s] 99%|█████████▉| 284/287 [01:57<00:01,  2.40it/s] 99%|█████████▉| 285/287 [01:58<00:00,  2.37it/s]100%|█████████▉| 286/287 [01:58<00:00,  2.44it/s]100%|██████████| 287/287 [01:58<00:00,  2.60it/s]100%|██████████| 287/287 [01:58<00:00,  2.42it/s]
/home3/qljx17/MMOln-ssos/mmdetection/mmdet/models/dense_heads/anchor_head.py:115: UserWarning: DeprecationWarning: anchor_generator is deprecated, please use "prior_generator" instead
  warnings.warn('DeprecationWarning: anchor_generator is deprecated, '
/home3/qljx17/MMOln-ssos/mmdetection/mmdet/models/task_modules/samplers/sampling_result.py:132: UserWarning: DeprecationWarning: pos_bboxes is deprecated, please use "pos_priors" instead
  warnings.warn('DeprecationWarning: pos_bboxes is deprecated, '
loading annotations into memory...
Done (t=0.04s)
creating index...
index created!
05/05 15:18:00 - mmengine - INFO - Epoch(train)  [4][ 50/287]  base_lr: 9.1100e-05 lr: 6.3619e-05  eta: 2:02:31  time: 3.8067  data_time: 2.5293  memory: 47313  loss: 0.7762  loss_rpn_cls: 0.0000  loss_rpn_bbox: 0.1047  loss_rpn_obj: 0.0242  loss_bbox: 0.0324  loss_bbox_score: 0.0018  loss_ood: 0.0558  loss_pseudo_class: 0.5572
05/05 15:19:10 - mmengine - INFO - Epoch(train)  [4][100/287]  base_lr: 9.6100e-05 lr: 6.7110e-05  eta: 1:59:53  time: 1.3998  data_time: 0.1511  memory: 47312  loss: 0.6625  loss_rpn_cls: 0.0000  loss_rpn_bbox: 0.0922  loss_rpn_obj: 0.0220  loss_bbox: 0.0330  loss_bbox_score: 0.0021  loss_ood: 0.0259  loss_pseudo_class: 0.4873
05/05 15:20:05 - mmengine - INFO - Exp name: oln_ssos_box_convnext-t-p4-w7_fpn_amp-ms-crop-3x_dbf6_oodsampling1_startepoch3_k10_20250505_144606
05/05 15:20:20 - mmengine - INFO - Epoch(train)  [4][150/287]  base_lr: 1.0000e-04 lr: 6.9834e-05  eta: 1:57:26  time: 1.4106  data_time: 0.1542  memory: 47312  loss: 0.7523  loss_rpn_cls: 0.0000  loss_rpn_bbox: 0.0861  loss_rpn_obj: 0.0235  loss_bbox: 0.0346  loss_bbox_score: 0.0021  loss_ood: 0.0266  loss_pseudo_class: 0.5795
05/05 15:21:29 - mmengine - INFO - Epoch(train)  [4][200/287]  base_lr: 1.0000e-04 lr: 6.9834e-05  eta: 1:54:59  time: 1.3718  data_time: 0.1477  memory: 47313  loss: 0.6337  loss_rpn_cls: 0.0000  loss_rpn_bbox: 0.0875  loss_rpn_obj: 0.0212  loss_bbox: 0.0352  loss_bbox_score: 0.0022  loss_ood: 0.0267  loss_pseudo_class: 0.4609
05/05 15:22:37 - mmengine - INFO - Epoch(train)  [4][250/287]  base_lr: 1.0000e-04 lr: 6.9834e-05  eta: 1:52:36  time: 1.3606  data_time: 0.1463  memory: 47312  loss: 0.7278  loss_rpn_cls: 0.0000  loss_rpn_bbox: 0.1037  loss_rpn_obj: 0.0236  loss_bbox: 0.0356  loss_bbox_score: 0.0022  loss_ood: 0.0260  loss_pseudo_class: 0.5367
05/05 15:23:27 - mmengine - INFO - Exp name: oln_ssos_box_convnext-t-p4-w7_fpn_amp-ms-crop-3x_dbf6_oodsampling1_startepoch3_k10_20250505_144606
05/05 15:23:27 - mmengine - INFO - Saving checkpoint at 4 epochs
/home3/qljx17/MMOln-ssos/mmdetection/mmdet/models/dense_heads/anchor_head.py:115: UserWarning: DeprecationWarning: anchor_generator is deprecated, please use "prior_generator" instead
  warnings.warn('DeprecationWarning: anchor_generator is deprecated, '
05/05 15:23:34 - mmengine - INFO - Epoch(val)  [4][ 50/572]    eta: 0:00:40  time: 0.0782  data_time: 0.0197  memory: 47312  
05/05 15:23:38 - mmengine - INFO - Epoch(val)  [4][100/572]    eta: 0:00:37  time: 0.0803  data_time: 0.0203  memory: 1139  
05/05 15:23:42 - mmengine - INFO - Epoch(val)  [4][150/572]    eta: 0:00:33  time: 0.0775  data_time: 0.0200  memory: 1021  
05/05 15:23:46 - mmengine - INFO - Epoch(val)  [4][200/572]    eta: 0:00:29  time: 0.0775  data_time: 0.0198  memory: 1059  
05/05 15:23:50 - mmengine - INFO - Epoch(val)  [4][250/572]    eta: 0:00:25  time: 0.0785  data_time: 0.0196  memory: 1139  
05/05 15:23:53 - mmengine - INFO - Epoch(val)  [4][300/572]    eta: 0:00:21  time: 0.0786  data_time: 0.0204  memory: 1046  
05/05 15:23:57 - mmengine - INFO - Epoch(val)  [4][350/572]    eta: 0:00:17  time: 0.0758  data_time: 0.0187  memory: 1059  
05/05 15:24:01 - mmengine - INFO - Epoch(val)  [4][400/572]    eta: 0:00:13  time: 0.0746  data_time: 0.0157  memory: 1113  
05/05 15:24:05 - mmengine - INFO - Epoch(val)  [4][450/572]    eta: 0:00:09  time: 0.0738  data_time: 0.0150  memory: 1113  
05/05 15:24:09 - mmengine - INFO - Epoch(val)  [4][500/572]    eta: 0:00:05  time: 0.0790  data_time: 0.0205  memory: 1087  
05/05 15:24:13 - mmengine - INFO - Epoch(val)  [4][550/572]    eta: 0:00:01  time: 0.0785  data_time: 0.0203  memory: 1033  
05/05 15:24:27 - mmengine - INFO - Evaluating bbox...
Loading and preparing results...
DONE (t=2.88s)
creating index...
index created!
Running per image evaluation...
Evaluate annotation type *bbox*
DONE (t=23.25s).
Accumulating evaluation results...
DONE (t=28.66s).
 Average Precision  (AP) @[ IoU=0.50:0.95 | area=   all | maxDets=100 ] = 0.046
 Average Precision  (AP) @[ IoU=0.50      | area=   all | maxDets=100 ] = 0.080
 Average Precision  (AP) @[ IoU=0.75      | area=   all | maxDets=100 ] = 0.052
 Average Precision  (AP) @[ IoU=0.50:0.95 | area= small | maxDets=100 ] = 0.004
 Average Precision  (AP) @[ IoU=0.50:0.95 | area=medium | maxDets=100 ] = 0.010
 Average Precision  (AP) @[ IoU=0.50:0.95 | area= large | maxDets=100 ] = 0.207
 Average Recall     (AR) @[ IoU=0.50:0.95 | area=   all | maxDets= 10 ] = 0.331
 Average Recall     (AR) @[ IoU=0.50:0.95 | area=   all | maxDets= 20 ] = 0.384
 Average Recall     (AR) @[ IoU=0.50:0.95 | area=   all | maxDets= 30 ] = 0.410
 Average Recall     (AR) @[ IoU=0.50:0.95 | area=   all | maxDets= 50 ] = 0.436
 Average Recall     (AR) @[ IoU=0.50:0.95 | area=   all | maxDets=100 ] = 0.470
 Average Recall     (AR) @[ IoU=0.50:0.95 | area=   all | maxDets=300 ] = 0.496
 Average Recall     (AR) @[ IoU=0.50:0.95 | area=   all | maxDets=500 ] = 0.504
 Average Recall     (AR) @[ IoU=0.50:0.95 | area=   all | maxDets=1000 ] = 0.508
 Average Recall     (AR) @[ IoU=0.50:0.95 | area=   all | maxDets=1500 ] = 0.508
05/05 15:25:26 - mmengine - INFO - Optimal score threshold: 0.5772274672985077
05/05 15:25:26 - mmengine - INFO - Non OS Detected Anomaly Score Threshold: 0.7548789381980896
05/05 15:25:27 - mmengine - INFO - Non OS All Anomaly Score Threshold: 0.751438319683075
05/05 15:25:27 - mmengine - INFO - Detected Anomaly Score Threshold: 0.7499718070030212
05/05 15:25:27 - mmengine - INFO - All Anomaly Score Threshold: 0.7845975756645203
05/05 15:25:27 - mmengine - INFO - bbox_mAP_copypaste: 0.046 0.080 0.052 0.004 0.010 0.207
05/05 15:25:27 - mmengine - INFO - Epoch(val) [4][572/572]    dbf6/bbox_mAP: 0.0460  dbf6/bbox_mAP_50: 0.0800  dbf6/bbox_mAP_75: 0.0520  dbf6/bbox_mAP_s: 0.0040  dbf6/bbox_mAP_m: 0.0100  dbf6/bbox_mAP_l: 0.2070  data_time: 0.0190  time: 0.0774
  0%|          | 0/287 [00:00<?, ?it/s]  0%|          | 1/287 [00:00<02:04,  2.31it/s]  1%|          | 2/287 [00:00<02:00,  2.36it/s]  1%|          | 3/287 [00:01<02:09,  2.19it/s]  1%|▏         | 4/287 [00:01<02:16,  2.07it/s]  2%|▏         | 5/287 [00:02<02:05,  2.25it/s]  2%|▏         | 6/287 [00:02<02:03,  2.27it/s]  2%|▏         | 7/287 [00:03<01:59,  2.34it/s]  3%|▎         | 8/287 [00:03<01:54,  2.44it/s]  3%|▎         | 9/287 [00:03<02:02,  2.28it/s]  3%|▎         | 10/287 [00:04<02:04,  2.23it/s]  4%|▍         | 11/287 [00:04<01:58,  2.33it/s]  4%|▍         | 12/287 [00:05<01:59,  2.31it/s]  5%|▍         | 13/287 [00:05<01:56,  2.36it/s]  5%|▍         | 14/287 [00:06<01:52,  2.43it/s]  5%|▌         | 15/287 [00:06<01:58,  2.30it/s]  6%|▌         | 16/287 [00:07<02:02,  2.21it/s]  6%|▌         | 17/287 [00:07<01:52,  2.40it/s]  6%|▋         | 18/287 [00:07<01:57,  2.28it/s]  7%|▋         | 19/287 [00:08<01:52,  2.38it/s]  7%|▋         | 20/287 [00:08<01:51,  2.40it/s]  7%|▋         | 21/287 [00:09<01:49,  2.43it/s]  8%|▊         | 22/287 [00:09<01:47,  2.46it/s]  8%|▊         | 23/287 [00:09<01:48,  2.43it/s]  8%|▊         | 24/287 [00:10<01:48,  2.43it/s]  9%|▊         | 25/287 [00:10<01:50,  2.38it/s]  9%|▉         | 26/287 [00:11<01:46,  2.45it/s]  9%|▉         | 27/287 [00:11<01:51,  2.33it/s] 10%|▉         | 28/287 [00:11<01:46,  2.43it/s] 10%|█         | 29/287 [00:12<01:46,  2.43it/s] 10%|█         | 30/287 [00:12<01:52,  2.29it/s] 11%|█         | 31/287 [00:13<01:46,  2.40it/s] 11%|█         | 32/287 [00:13<01:45,  2.42it/s] 11%|█▏        | 33/287 [00:14<01:52,  2.25it/s] 12%|█▏        | 34/287 [00:14<01:49,  2.31it/s] 12%|█▏        | 35/287 [00:14<01:48,  2.32it/s] 13%|█▎        | 36/287 [00:15<01:52,  2.23it/s] 13%|█▎        | 37/287 [00:15<01:49,  2.28it/s] 13%|█▎        | 38/287 [00:16<01:46,  2.34it/s] 14%|█▎        | 39/287 [00:16<01:44,  2.38it/s] 14%|█▍        | 40/287 [00:17<01:42,  2.40it/s] 14%|█▍        | 41/287 [00:17<01:39,  2.46it/s] 15%|█▍        | 42/287 [00:17<01:40,  2.45it/s] 15%|█▍        | 43/287 [00:18<01:46,  2.29it/s] 15%|█▌        | 44/287 [00:18<01:49,  2.21it/s] 16%|█▌        | 45/287 [00:19<01:46,  2.27it/s] 16%|█▌        | 46/287 [00:19<01:43,  2.33it/s] 16%|█▋        | 47/287 [00:20<01:39,  2.42it/s] 17%|█▋        | 48/287 [00:20<01:39,  2.40it/s] 17%|█▋        | 49/287 [00:20<01:38,  2.42it/s] 17%|█▋        | 50/287 [00:21<01:44,  2.28it/s] 18%|█▊        | 51/287 [00:21<01:40,  2.36it/s] 18%|█▊        | 52/287 [00:22<01:45,  2.23it/s] 18%|█▊        | 53/287 [00:22<01:42,  2.29it/s] 19%|█▉        | 54/287 [00:23<01:45,  2.21it/s] 19%|█▉        | 55/287 [00:23<01:39,  2.33it/s] 20%|█▉        | 56/287 [00:23<01:36,  2.40it/s] 20%|█▉        | 57/287 [00:24<01:36,  2.38it/s] 20%|██        | 58/287 [00:24<01:36,  2.37it/s] 21%|██        | 59/287 [00:25<01:34,  2.40it/s] 21%|██        | 60/287 [00:25<01:34,  2.40it/s] 21%|██▏       | 61/287 [00:25<01:30,  2.49it/s] 22%|██▏       | 62/287 [00:26<01:31,  2.46it/s] 22%|██▏       | 63/287 [00:26<01:33,  2.40it/s] 22%|██▏       | 64/287 [00:27<01:29,  2.49it/s] 23%|██▎       | 65/287 [00:27<01:27,  2.53it/s] 23%|██▎       | 66/287 [00:27<01:24,  2.60it/s] 23%|██▎       | 67/287 [00:28<01:26,  2.55it/s] 24%|██▎       | 68/287 [00:28<01:29,  2.44it/s] 24%|██▍       | 69/287 [00:29<01:28,  2.47it/s] 24%|██▍       | 70/287 [00:29<01:25,  2.53it/s] 25%|██▍       | 71/287 [00:30<01:28,  2.43it/s] 25%|██▌       | 72/287 [00:30<01:28,  2.42it/s] 25%|██▌       | 73/287 [00:30<01:25,  2.51it/s] 26%|██▌       | 74/287 [00:31<01:28,  2.42it/s] 26%|██▌       | 75/287 [00:31<01:33,  2.28it/s] 26%|██▋       | 76/287 [00:32<01:34,  2.24it/s] 27%|██▋       | 77/287 [00:32<01:30,  2.31it/s] 27%|██▋       | 78/287 [00:33<01:29,  2.34it/s] 28%|██▊       | 79/287 [00:33<01:34,  2.21it/s] 28%|██▊       | 80/287 [00:33<01:29,  2.32it/s] 28%|██▊       | 81/287 [00:34<01:26,  2.37it/s] 29%|██▊       | 82/287 [00:34<01:27,  2.35it/s] 29%|██▉       | 83/287 [00:35<01:27,  2.33it/s] 29%|██▉       | 84/287 [00:35<01:42,  1.99it/s] 30%|██▉       | 85/287 [00:36<01:39,  2.04it/s] 30%|██▉       | 86/287 [00:36<01:31,  2.19it/s] 30%|███       | 87/287 [00:37<01:26,  2.32it/s] 31%|███       | 88/287 [00:37<01:26,  2.29it/s] 31%|███       | 89/287 [00:37<01:26,  2.30it/s] 31%|███▏      | 90/287 [00:38<01:24,  2.32it/s] 32%|███▏      | 91/287 [00:38<01:20,  2.43it/s] 32%|███▏      | 92/287 [00:39<01:20,  2.42it/s] 32%|███▏      | 93/287 [00:39<01:17,  2.49it/s] 33%|███▎      | 94/287 [00:39<01:15,  2.57it/s] 33%|███▎      | 95/287 [00:40<01:14,  2.58it/s] 33%|███▎      | 96/287 [00:40<01:14,  2.56it/s] 34%|███▍      | 97/287 [00:41<01:13,  2.57it/s] 34%|███▍      | 98/287 [00:41<01:12,  2.60it/s] 34%|███▍      | 99/287 [00:41<01:13,  2.56it/s] 35%|███▍      | 100/287 [00:42<01:13,  2.54it/s] 35%|███▌      | 101/287 [00:42<01:19,  2.34it/s] 36%|███▌      | 102/287 [00:43<01:18,  2.37it/s] 36%|███▌      | 103/287 [00:43<01:22,  2.23it/s] 36%|███▌      | 104/287 [00:44<01:21,  2.24it/s] 37%|███▋      | 105/287 [00:44<01:18,  2.31it/s] 37%|███▋      | 106/287 [00:44<01:16,  2.37it/s] 37%|███▋      | 107/287 [00:45<01:16,  2.36it/s] 38%|███▊      | 108/287 [00:45<01:12,  2.46it/s] 38%|███▊      | 109/287 [00:46<01:11,  2.48it/s] 38%|███▊      | 110/287 [00:46<01:12,  2.46it/s] 39%|███▊      | 111/287 [00:46<01:09,  2.53it/s] 39%|███▉      | 112/287 [00:47<01:13,  2.39it/s] 39%|███▉      | 113/287 [00:47<01:13,  2.36it/s] 40%|███▉      | 114/287 [00:48<01:16,  2.26it/s] 40%|████      | 115/287 [00:48<01:17,  2.21it/s] 40%|████      | 116/287 [00:49<01:15,  2.27it/s] 41%|████      | 117/287 [00:49<01:11,  2.38it/s] 41%|████      | 118/287 [00:49<01:12,  2.33it/s] 41%|████▏     | 119/287 [00:50<01:10,  2.38it/s] 42%|████▏     | 120/287 [00:50<01:09,  2.42it/s] 42%|████▏     | 121/287 [00:51<01:08,  2.43it/s] 43%|████▎     | 122/287 [00:51<01:06,  2.47it/s] 43%|████▎     | 123/287 [00:51<01:06,  2.45it/s] 43%|████▎     | 124/287 [00:52<01:05,  2.49it/s] 44%|████▎     | 125/287 [00:52<01:05,  2.48it/s] 44%|████▍     | 126/287 [00:53<01:04,  2.50it/s] 44%|████▍     | 127/287 [00:53<01:09,  2.31it/s] 45%|████▍     | 128/287 [00:54<01:06,  2.40it/s] 45%|████▍     | 129/287 [00:54<01:06,  2.39it/s] 45%|████▌     | 130/287 [00:54<01:04,  2.43it/s] 46%|████▌     | 131/287 [00:55<01:07,  2.31it/s] 46%|████▌     | 132/287 [00:55<01:06,  2.34it/s] 46%|████▋     | 133/287 [00:56<01:06,  2.33it/s] 47%|████▋     | 134/287 [00:56<01:04,  2.36it/s] 47%|████▋     | 135/287 [00:57<01:04,  2.35it/s] 47%|████▋     | 136/287 [00:57<01:02,  2.41it/s] 48%|████▊     | 137/287 [00:57<00:59,  2.52it/s] 48%|████▊     | 138/287 [00:58<01:03,  2.34it/s] 48%|████▊     | 139/287 [00:58<01:02,  2.37it/s] 49%|████▉     | 140/287 [00:59<01:00,  2.42it/s] 49%|████▉     | 141/287 [00:59<00:59,  2.46it/s] 49%|████▉     | 142/287 [00:59<00:59,  2.42it/s] 50%|████▉     | 143/287 [01:00<01:01,  2.32it/s] 50%|█████     | 144/287 [01:00<01:00,  2.37it/s] 51%|█████     | 145/287 [01:01<00:56,  2.50it/s] 51%|█████     | 146/287 [01:01<00:56,  2.49it/s] 51%|█████     | 147/287 [01:01<00:56,  2.46it/s] 52%|█████▏    | 148/287 [01:02<00:57,  2.43it/s] 52%|█████▏    | 149/287 [01:02<01:00,  2.27it/s] 52%|█████▏    | 150/287 [01:03<00:58,  2.35it/s] 53%|█████▎    | 151/287 [01:03<00:56,  2.41it/s] 53%|█████▎    | 152/287 [01:04<00:59,  2.27it/s] 53%|█████▎    | 153/287 [01:04<00:57,  2.35it/s] 54%|█████▎    | 154/287 [01:05<00:56,  2.36it/s] 54%|█████▍    | 155/287 [01:05<00:53,  2.49it/s] 54%|█████▍    | 156/287 [01:05<00:54,  2.40it/s] 55%|█████▍    | 157/287 [01:06<00:53,  2.43it/s] 55%|█████▌    | 158/287 [01:06<00:55,  2.31it/s] 55%|█████▌    | 159/287 [01:07<00:53,  2.41it/s] 56%|█████▌    | 160/287 [01:07<00:52,  2.42it/s] 56%|█████▌    | 161/287 [01:07<00:49,  2.53it/s] 56%|█████▋    | 162/287 [01:08<00:49,  2.51it/s] 57%|█████▋    | 163/287 [01:08<00:48,  2.54it/s] 57%|█████▋    | 164/287 [01:08<00:47,  2.59it/s] 57%|█████▋    | 165/287 [01:09<00:47,  2.57it/s] 58%|█████▊    | 166/287 [01:09<00:45,  2.63it/s] 58%|█████▊    | 167/287 [01:10<00:48,  2.45it/s] 59%|█████▊    | 168/287 [01:10<00:47,  2.48it/s] 59%|█████▉    | 169/287 [01:10<00:47,  2.48it/s] 59%|█████▉    | 170/287 [01:11<00:47,  2.47it/s] 60%|█████▉    | 171/287 [01:11<00:45,  2.55it/s] 60%|█████▉    | 172/287 [01:12<00:45,  2.52it/s] 60%|██████    | 173/287 [01:12<00:43,  2.59it/s] 61%|██████    | 174/287 [01:12<00:45,  2.51it/s] 61%|██████    | 175/287 [01:13<00:46,  2.42it/s] 61%|██████▏   | 176/287 [01:13<00:44,  2.52it/s] 62%|██████▏   | 177/287 [01:14<00:45,  2.44it/s] 62%|██████▏   | 178/287 [01:14<00:48,  2.25it/s] 62%|██████▏   | 179/287 [01:15<00:46,  2.30it/s] 63%|██████▎   | 180/287 [01:15<00:45,  2.37it/s] 63%|██████▎   | 181/287 [01:15<00:44,  2.38it/s] 63%|██████▎   | 182/287 [01:16<00:44,  2.38it/s] 64%|██████▍   | 183/287 [01:16<00:46,  2.22it/s] 64%|██████▍   | 184/287 [01:17<00:44,  2.29it/s] 64%|██████▍   | 185/287 [01:17<00:42,  2.38it/s] 65%|██████▍   | 186/287 [01:18<00:41,  2.41it/s] 65%|██████▌   | 187/287 [01:18<00:40,  2.49it/s] 66%|██████▌   | 188/287 [01:18<00:41,  2.36it/s] 66%|██████▌   | 189/287 [01:19<00:41,  2.35it/s] 66%|██████▌   | 190/287 [01:19<00:39,  2.47it/s] 67%|██████▋   | 191/287 [01:20<00:38,  2.50it/s] 67%|██████▋   | 192/287 [01:20<00:38,  2.45it/s] 67%|██████▋   | 193/287 [01:20<00:38,  2.46it/s] 68%|██████▊   | 194/287 [01:21<00:37,  2.50it/s] 68%|██████▊   | 195/287 [01:21<00:37,  2.47it/s] 68%|██████▊   | 196/287 [01:22<00:36,  2.50it/s] 69%|██████▊   | 197/287 [01:22<00:36,  2.46it/s] 69%|██████▉   | 198/287 [01:22<00:35,  2.48it/s] 69%|██████▉   | 199/287 [01:23<00:35,  2.47it/s] 70%|██████▉   | 200/287 [01:23<00:35,  2.44it/s] 70%|███████   | 201/287 [01:24<00:37,  2.28it/s] 70%|███████   | 202/287 [01:24<00:37,  2.30it/s] 71%|███████   | 203/287 [01:25<00:38,  2.20it/s] 71%|███████   | 204/287 [01:25<00:35,  2.34it/s] 71%|███████▏  | 205/287 [01:26<00:35,  2.28it/s] 72%|███████▏  | 206/287 [01:26<00:34,  2.35it/s] 72%|███████▏  | 207/287 [01:26<00:34,  2.32it/s] 72%|███████▏  | 208/287 [01:27<00:33,  2.37it/s] 73%|███████▎  | 209/287 [01:27<00:34,  2.24it/s] 73%|███████▎  | 210/287 [01:28<00:32,  2.37it/s] 74%|███████▎  | 211/287 [01:28<00:30,  2.51it/s] 74%|███████▍  | 212/287 [01:28<00:29,  2.50it/s] 74%|███████▍  | 213/287 [01:29<00:30,  2.45it/s] 75%|███████▍  | 214/287 [01:29<00:29,  2.48it/s] 75%|███████▍  | 215/287 [01:30<00:30,  2.39it/s] 75%|███████▌  | 216/287 [01:30<00:29,  2.44it/s] 76%|███████▌  | 217/287 [01:30<00:29,  2.39it/s] 76%|███████▌  | 218/287 [01:31<00:27,  2.47it/s] 76%|███████▋  | 219/287 [01:31<00:28,  2.39it/s] 77%|███████▋  | 220/287 [01:32<00:27,  2.46it/s] 77%|███████▋  | 221/287 [01:32<00:27,  2.43it/s] 77%|███████▋  | 222/287 [01:33<00:26,  2.43it/s] 78%|███████▊  | 223/287 [01:33<00:26,  2.45it/s] 78%|███████▊  | 224/287 [01:33<00:25,  2.48it/s] 78%|███████▊  | 225/287 [01:34<00:25,  2.39it/s] 79%|███████▊  | 226/287 [01:34<00:25,  2.37it/s] 79%|███████▉  | 227/287 [01:35<00:26,  2.25it/s] 79%|███████▉  | 228/287 [01:35<00:25,  2.31it/s] 80%|███████▉  | 229/287 [01:36<00:26,  2.21it/s] 80%|████████  | 230/287 [01:36<00:25,  2.27it/s] 80%|████████  | 231/287 [01:36<00:24,  2.31it/s] 81%|████████  | 232/287 [01:37<00:24,  2.28it/s] 81%|████████  | 233/287 [01:37<00:23,  2.33it/s] 82%|████████▏ | 234/287 [01:38<00:22,  2.39it/s] 82%|████████▏ | 235/287 [01:38<00:21,  2.42it/s] 82%|████████▏ | 236/287 [01:38<00:20,  2.50it/s] 83%|████████▎ | 237/287 [01:39<00:19,  2.51it/s] 83%|████████▎ | 238/287 [01:39<00:20,  2.41it/s] 83%|████████▎ | 239/287 [01:40<00:19,  2.42it/s] 84%|████████▎ | 240/287 [01:40<00:19,  2.38it/s] 84%|████████▍ | 241/287 [01:41<00:19,  2.39it/s] 84%|████████▍ | 242/287 [01:41<00:18,  2.42it/s] 85%|████████▍ | 243/287 [01:41<00:18,  2.36it/s] 85%|████████▌ | 244/287 [01:42<00:17,  2.44it/s] 85%|████████▌ | 245/287 [01:42<00:17,  2.41it/s] 86%|████████▌ | 246/287 [01:43<00:17,  2.29it/s] 86%|████████▌ | 247/287 [01:43<00:16,  2.38it/s] 86%|████████▋ | 248/287 [01:43<00:16,  2.39it/s] 87%|████████▋ | 249/287 [01:44<00:15,  2.40it/s] 87%|████████▋ | 250/287 [01:44<00:14,  2.49it/s] 87%|████████▋ | 251/287 [01:45<00:14,  2.46it/s] 88%|████████▊ | 252/287 [01:45<00:14,  2.48it/s] 88%|████████▊ | 253/287 [01:45<00:13,  2.48it/s] 89%|████████▊ | 254/287 [01:46<00:13,  2.41it/s] 89%|████████▉ | 255/287 [01:46<00:12,  2.48it/s] 89%|████████▉ | 256/287 [01:47<00:12,  2.47it/s] 90%|████████▉ | 257/287 [01:47<00:11,  2.52it/s] 90%|████████▉ | 258/287 [01:48<00:12,  2.36it/s] 90%|█████████ | 259/287 [01:48<00:12,  2.32it/s] 91%|█████████ | 260/287 [01:48<00:11,  2.35it/s] 91%|█████████ | 261/287 [01:49<00:10,  2.40it/s] 91%|█████████▏| 262/287 [01:49<00:10,  2.47it/s] 92%|█████████▏| 263/287 [01:50<00:09,  2.42it/s] 92%|█████████▏| 264/287 [01:50<00:10,  2.30it/s] 92%|█████████▏| 265/287 [01:51<00:09,  2.40it/s] 93%|█████████▎| 266/287 [01:51<00:08,  2.39it/s] 93%|█████████▎| 267/287 [01:51<00:08,  2.26it/s] 93%|█████████▎| 268/287 [01:52<00:08,  2.20it/s] 94%|█████████▎| 269/287 [01:52<00:07,  2.32it/s] 94%|█████████▍| 270/287 [01:53<00:07,  2.33it/s] 94%|█████████▍| 271/287 [01:53<00:06,  2.38it/s] 95%|█████████▍| 272/287 [01:53<00:06,  2.45it/s] 95%|█████████▌| 273/287 [01:54<00:05,  2.47it/s] 95%|█████████▌| 274/287 [01:54<00:05,  2.46it/s] 96%|█████████▌| 275/287 [01:55<00:04,  2.44it/s] 96%|█████████▌| 276/287 [01:55<00:04,  2.30it/s] 97%|█████████▋| 277/287 [01:56<00:04,  2.38it/s] 97%|█████████▋| 278/287 [01:56<00:03,  2.46it/s] 97%|█████████▋| 279/287 [01:56<00:03,  2.46it/s] 98%|█████████▊| 280/287 [01:57<00:02,  2.49it/s] 98%|█████████▊| 281/287 [01:57<00:02,  2.50it/s] 98%|█████████▊| 282/287 [01:58<00:02,  2.36it/s] 99%|█████████▊| 283/287 [01:58<00:01,  2.40it/s] 99%|█████████▉| 284/287 [01:58<00:01,  2.40it/s] 99%|█████████▉| 285/287 [01:59<00:00,  2.45it/s]100%|█████████▉| 286/287 [01:59<00:00,  2.55it/s]100%|██████████| 287/287 [02:00<00:00,  2.66it/s]100%|██████████| 287/287 [02:00<00:00,  2.39it/s]
/home3/qljx17/MMOln-ssos/mmdetection/mmdet/models/dense_heads/anchor_head.py:115: UserWarning: DeprecationWarning: anchor_generator is deprecated, please use "prior_generator" instead
  warnings.warn('DeprecationWarning: anchor_generator is deprecated, '
/home3/qljx17/MMOln-ssos/mmdetection/mmdet/models/task_modules/samplers/sampling_result.py:132: UserWarning: DeprecationWarning: pos_bboxes is deprecated, please use "pos_priors" instead
  warnings.warn('DeprecationWarning: pos_bboxes is deprecated, '
loading annotations into memory...
Done (t=0.04s)
creating index...
index created!
05/05 15:28:38 - mmengine - INFO - Epoch(train)  [5][ 50/287]  base_lr: 1.0000e-04 lr: 6.9834e-05  eta: 1:55:29  time: 3.8122  data_time: 2.5636  memory: 47313  loss: 0.6313  loss_rpn_cls: 0.0000  loss_rpn_bbox: 0.1036  loss_rpn_obj: 0.0229  loss_bbox: 0.0355  loss_bbox_score: 0.0022  loss_ood: 0.0258  loss_pseudo_class: 0.4413
05/05 15:29:47 - mmengine - INFO - Epoch(train)  [5][100/287]  base_lr: 1.0000e-04 lr: 6.9834e-05  eta: 1:53:04  time: 1.3790  data_time: 0.1545  memory: 47313  loss: 0.6072  loss_rpn_cls: 0.0000  loss_rpn_bbox: 0.0996  loss_rpn_obj: 0.0233  loss_bbox: 0.0358  loss_bbox_score: 0.0020  loss_ood: 0.0264  loss_pseudo_class: 0.4201
05/05 15:30:57 - mmengine - INFO - Epoch(train)  [5][150/287]  base_lr: 1.0000e-04 lr: 6.9834e-05  eta: 1:50:48  time: 1.4004  data_time: 0.1524  memory: 47312  loss: 0.7348  loss_rpn_cls: 0.0000  loss_rpn_bbox: 0.0905  loss_rpn_obj: 0.0214  loss_bbox: 0.0303  loss_bbox_score: 0.0017  loss_ood: 0.0292  loss_pseudo_class: 0.5616
05/05 15:32:04 - mmengine - INFO - Epoch(train)  [5][200/287]  base_lr: 1.0000e-04 lr: 6.9834e-05  eta: 1:48:31  time: 1.3554  data_time: 0.1510  memory: 47312  loss: 0.6094  loss_rpn_cls: 0.0000  loss_rpn_bbox: 0.1020  loss_rpn_obj: 0.0243  loss_bbox: 0.0327  loss_bbox_score: 0.0019  loss_ood: 0.0262  loss_pseudo_class: 0.4224
05/05 15:33:14 - mmengine - INFO - Epoch(train)  [5][250/287]  base_lr: 1.0000e-04 lr: 6.9834e-05  eta: 1:46:24  time: 1.3963  data_time: 0.1526  memory: 47313  loss: 0.5784  loss_rpn_cls: 0.0000  loss_rpn_bbox: 0.0925  loss_rpn_obj: 0.0220  loss_bbox: 0.0327  loss_bbox_score: 0.0018  loss_ood: 0.0266  loss_pseudo_class: 0.4027
05/05 15:34:05 - mmengine - INFO - Exp name: oln_ssos_box_convnext-t-p4-w7_fpn_amp-ms-crop-3x_dbf6_oodsampling1_startepoch3_k10_20250505_144606
05/05 15:34:08 - mmengine - INFO - Epoch(val)  [5][ 50/572]    eta: 0:00:40  time: 0.0769  data_time: 0.0188  memory: 47313  
05/05 15:34:12 - mmengine - INFO - Epoch(val)  [5][100/572]    eta: 0:00:37  time: 0.0812  data_time: 0.0212  memory: 1139  
05/05 15:34:16 - mmengine - INFO - Epoch(val)  [5][150/572]    eta: 0:00:32  time: 0.0760  data_time: 0.0189  memory: 1021  
05/05 15:34:20 - mmengine - INFO - Epoch(val)  [5][200/572]    eta: 0:00:28  time: 0.0769  data_time: 0.0191  memory: 1059  
05/05 15:34:24 - mmengine - INFO - Epoch(val)  [5][250/572]    eta: 0:00:25  time: 0.0796  data_time: 0.0204  memory: 1139  
05/05 15:34:28 - mmengine - INFO - Epoch(val)  [5][300/572]    eta: 0:00:21  time: 0.0786  data_time: 0.0203  memory: 1045  
05/05 15:34:32 - mmengine - INFO - Epoch(val)  [5][350/572]    eta: 0:00:17  time: 0.0764  data_time: 0.0193  memory: 1059  
05/05 15:34:35 - mmengine - INFO - Epoch(val)  [5][400/572]    eta: 0:00:13  time: 0.0724  data_time: 0.0146  memory: 1113  
05/05 15:34:39 - mmengine - INFO - Epoch(val)  [5][450/572]    eta: 0:00:09  time: 0.0724  data_time: 0.0142  memory: 1113  
05/05 15:34:43 - mmengine - INFO - Epoch(val)  [5][500/572]    eta: 0:00:05  time: 0.0799  data_time: 0.0210  memory: 1087  
05/05 15:34:47 - mmengine - INFO - Epoch(val)  [5][550/572]    eta: 0:00:01  time: 0.0783  data_time: 0.0203  memory: 1033  
05/05 15:35:01 - mmengine - INFO - Evaluating bbox...
Loading and preparing results...
DONE (t=2.53s)
creating index...
index created!
Running per image evaluation...
Evaluate annotation type *bbox*
DONE (t=21.83s).
Accumulating evaluation results...
DONE (t=23.82s).
 Average Precision  (AP) @[ IoU=0.50:0.95 | area=   all | maxDets=100 ] = 0.214
 Average Precision  (AP) @[ IoU=0.50      | area=   all | maxDets=100 ] = 0.324
 Average Precision  (AP) @[ IoU=0.75      | area=   all | maxDets=100 ] = 0.242
 Average Precision  (AP) @[ IoU=0.50:0.95 | area= small | maxDets=100 ] = 0.017
 Average Precision  (AP) @[ IoU=0.50:0.95 | area=medium | maxDets=100 ] = 0.039
 Average Precision  (AP) @[ IoU=0.50:0.95 | area= large | maxDets=100 ] = 0.612
 Average Recall     (AR) @[ IoU=0.50:0.95 | area=   all | maxDets= 10 ] = 0.405
 Average Recall     (AR) @[ IoU=0.50:0.95 | area=   all | maxDets= 20 ] = 0.453
 Average Recall     (AR) @[ IoU=0.50:0.95 | area=   all | maxDets= 30 ] = 0.472
 Average Recall     (AR) @[ IoU=0.50:0.95 | area=   all | maxDets= 50 ] = 0.487
 Average Recall     (AR) @[ IoU=0.50:0.95 | area=   all | maxDets=100 ] = 0.513
 Average Recall     (AR) @[ IoU=0.50:0.95 | area=   all | maxDets=300 ] = 0.534
 Average Recall     (AR) @[ IoU=0.50:0.95 | area=   all | maxDets=500 ] = 0.540
 Average Recall     (AR) @[ IoU=0.50:0.95 | area=   all | maxDets=1000 ] = 0.541
 Average Recall     (AR) @[ IoU=0.50:0.95 | area=   all | maxDets=1500 ] = 0.541
05/05 15:35:53 - mmengine - INFO - Optimal score threshold: 0.5241071879863739
05/05 15:35:53 - mmengine - INFO - Non OS Detected Anomaly Score Threshold: 0.7813978791236877
05/05 15:35:54 - mmengine - INFO - Non OS All Anomaly Score Threshold: 0.7587147951126099
05/05 15:35:54 - mmengine - INFO - Detected Anomaly Score Threshold: 0.787919282913208
05/05 15:35:54 - mmengine - INFO - All Anomaly Score Threshold: 0.7689363360404968
05/05 15:35:54 - mmengine - INFO - bbox_mAP_copypaste: 0.214 0.324 0.242 0.017 0.039 0.612
05/05 15:35:54 - mmengine - INFO - Epoch(val) [5][572/572]    dbf6/bbox_mAP: 0.2140  dbf6/bbox_mAP_50: 0.3240  dbf6/bbox_mAP_75: 0.2420  dbf6/bbox_mAP_s: 0.0170  dbf6/bbox_mAP_m: 0.0390  dbf6/bbox_mAP_l: 0.6120  data_time: 0.0189  time: 0.0770
  0%|          | 0/287 [00:00<?, ?it/s]  0%|          | 1/287 [00:00<02:02,  2.33it/s]  1%|          | 2/287 [00:00<02:13,  2.14it/s]  1%|          | 3/287 [00:01<02:05,  2.27it/s]  1%|▏         | 4/287 [00:01<02:07,  2.22it/s]  2%|▏         | 5/287 [00:02<02:03,  2.28it/s]  2%|▏         | 6/287 [00:02<01:59,  2.36it/s]  2%|▏         | 7/287 [00:02<01:54,  2.44it/s]  3%|▎         | 8/287 [00:03<01:54,  2.44it/s]  3%|▎         | 9/287 [00:03<01:55,  2.40it/s]  3%|▎         | 10/287 [00:04<01:56,  2.38it/s]  4%|▍         | 11/287 [00:04<02:00,  2.28it/s]  4%|▍         | 12/287 [00:05<01:53,  2.41it/s]  5%|▍         | 13/287 [00:05<01:53,  2.42it/s]  5%|▍         | 14/287 [00:05<01:52,  2.43it/s]  5%|▌         | 15/287 [00:06<01:57,  2.31it/s]  6%|▌         | 16/287 [00:06<02:00,  2.25it/s]  6%|▌         | 17/287 [00:07<02:01,  2.23it/s]  6%|▋         | 18/287 [00:07<01:55,  2.33it/s]  7%|▋         | 19/287 [00:08<01:53,  2.36it/s]  7%|▋         | 20/287 [00:08<01:48,  2.46it/s]  7%|▋         | 21/287 [00:08<01:48,  2.45it/s]  8%|▊         | 22/287 [00:09<01:45,  2.51it/s]  8%|▊         | 23/287 [00:09<01:47,  2.45it/s]  8%|▊         | 24/287 [00:10<01:54,  2.29it/s]  9%|▊         | 25/287 [00:10<01:57,  2.23it/s]  9%|▉         | 26/287 [00:11<01:55,  2.26it/s]  9%|▉         | 27/287 [00:11<01:49,  2.37it/s] 10%|▉         | 28/287 [00:11<01:43,  2.50it/s] 10%|█         | 29/287 [00:12<01:47,  2.39it/s] 10%|█         | 30/287 [00:12<01:46,  2.41it/s] 11%|█         | 31/287 [00:13<01:52,  2.28it/s] 11%|█         | 32/287 [00:13<01:56,  2.19it/s] 11%|█▏        | 33/287 [00:14<01:54,  2.23it/s] 12%|█▏        | 34/287 [00:14<01:47,  2.36it/s] 12%|█▏        | 35/287 [00:14<01:47,  2.34it/s] 13%|█▎        | 36/287 [00:15<01:45,  2.39it/s] 13%|█▎        | 37/287 [00:15<01:44,  2.39it/s] 13%|█▎        | 38/287 [00:16<01:45,  2.36it/s] 14%|█▎        | 39/287 [00:16<01:43,  2.39it/s] 14%|█▍        | 40/287 [00:17<01:43,  2.38it/s] 14%|█▍        | 41/287 [00:17<01:42,  2.40it/s] 15%|█▍        | 42/287 [00:17<01:45,  2.33it/s] 15%|█▍        | 43/287 [00:18<01:39,  2.45it/s] 15%|█▌        | 44/287 [00:18<01:38,  2.46it/s] 16%|█▌        | 45/287 [00:19<01:38,  2.47it/s] 16%|█▌        | 46/287 [00:19<01:42,  2.36it/s] 16%|█▋        | 47/287 [00:19<01:41,  2.36it/s] 17%|█▋        | 48/287 [00:20<01:41,  2.35it/s] 17%|█▋        | 49/287 [00:20<01:46,  2.23it/s] 17%|█▋        | 50/287 [00:21<01:50,  2.15it/s] 18%|█▊        | 51/287 [00:21<01:43,  2.28it/s] 18%|█▊        | 52/287 [00:22<01:40,  2.34it/s] 18%|█▊        | 53/287 [00:22<01:36,  2.42it/s] 19%|█▉        | 54/287 [00:22<01:34,  2.46it/s] 19%|█▉        | 55/287 [00:23<01:34,  2.45it/s] 20%|█▉        | 56/287 [00:23<01:34,  2.46it/s] 20%|█▉        | 57/287 [00:24<01:33,  2.47it/s] 20%|██        | 58/287 [00:24<01:32,  2.48it/s] 21%|██        | 59/287 [00:24<01:32,  2.46it/s] 21%|██        | 60/287 [00:25<01:36,  2.34it/s] 21%|██▏       | 61/287 [00:25<01:38,  2.30it/s] 22%|██▏       | 62/287 [00:26<01:34,  2.37it/s] 22%|██▏       | 63/287 [00:26<01:36,  2.33it/s] 22%|██▏       | 64/287 [00:27<01:34,  2.35it/s] 23%|██▎       | 65/287 [00:27<01:32,  2.40it/s] 23%|██▎       | 66/287 [00:27<01:34,  2.34it/s] 23%|██▎       | 67/287 [00:28<01:32,  2.37it/s] 24%|██▎       | 68/287 [00:28<01:32,  2.37it/s] 24%|██▍       | 69/287 [00:29<01:29,  2.43it/s] 24%|██▍       | 70/287 [00:29<01:28,  2.44it/s] 25%|██▍       | 71/287 [00:29<01:27,  2.48it/s] 25%|██▌       | 72/287 [00:30<01:25,  2.51it/s] 25%|██▌       | 73/287 [00:30<01:28,  2.41it/s] 26%|██▌       | 74/287 [00:31<01:25,  2.49it/s] 26%|██▌       | 75/287 [00:31<01:31,  2.32it/s] 26%|██▋       | 76/287 [00:32<01:30,  2.33it/s] 27%|██▋       | 77/287 [00:32<01:28,  2.37it/s] 27%|██▋       | 78/287 [00:32<01:26,  2.42it/s] 28%|██▊       | 79/287 [00:33<01:25,  2.44it/s] 28%|██▊       | 80/287 [00:33<01:26,  2.39it/s] 28%|██▊       | 81/287 [00:34<01:23,  2.46it/s] 29%|██▊       | 82/287 [00:34<01:26,  2.36it/s] 29%|██▉       | 83/287 [00:35<01:25,  2.39it/s] 29%|██▉       | 84/287 [00:35<01:24,  2.41it/s] 30%|██▉       | 85/287 [00:35<01:24,  2.40it/s] 30%|██▉       | 86/287 [00:36<01:23,  2.41it/s] 30%|███       | 87/287 [00:36<01:26,  2.32it/s] 31%|███       | 88/287 [00:37<01:31,  2.19it/s] 31%|███       | 89/287 [00:37<01:26,  2.28it/s] 31%|███▏      | 90/287 [00:38<01:22,  2.39it/s] 32%|███▏      | 91/287 [00:38<01:24,  2.33it/s] 32%|███▏      | 92/287 [00:38<01:22,  2.37it/s] 32%|███▏      | 93/287 [00:39<01:21,  2.39it/s] 33%|███▎      | 94/287 [00:39<01:19,  2.43it/s] 33%|███▎      | 95/287 [00:40<01:17,  2.46it/s] 33%|███▎      | 96/287 [00:40<01:18,  2.43it/s] 34%|███▍      | 97/287 [00:40<01:15,  2.51it/s] 34%|███▍      | 98/287 [00:41<01:15,  2.50it/s] 34%|███▍      | 99/287 [00:41<01:14,  2.52it/s] 35%|███▍      | 100/287 [00:42<01:14,  2.51it/s] 35%|███▌      | 101/287 [00:42<01:14,  2.48it/s] 36%|███▌      | 102/287 [00:42<01:13,  2.51it/s] 36%|███▌      | 103/287 [00:43<01:11,  2.57it/s] 36%|███▌      | 104/287 [00:43<01:16,  2.38it/s] 37%|███▋      | 105/287 [00:44<01:15,  2.41it/s] 37%|███▋      | 106/287 [00:44<01:16,  2.37it/s] 37%|███▋      | 107/287 [00:44<01:15,  2.39it/s] 38%|███▊      | 108/287 [00:45<01:14,  2.39it/s] 38%|███▊      | 109/287 [00:45<01:13,  2.41it/s] 38%|███▊      | 110/287 [00:46<01:16,  2.30it/s] 39%|███▊      | 111/287 [00:46<01:17,  2.27it/s] 39%|███▉      | 112/287 [00:47<01:16,  2.28it/s] 39%|███▉      | 113/287 [00:47<01:12,  2.40it/s] 40%|███▉      | 114/287 [00:47<01:12,  2.40it/s] 40%|████      | 115/287 [00:48<01:16,  2.25it/s] 40%|████      | 116/287 [00:48<01:13,  2.32it/s] 41%|████      | 117/287 [00:49<01:11,  2.39it/s] 41%|████      | 118/287 [00:49<01:14,  2.27it/s] 41%|████▏     | 119/287 [00:50<01:09,  2.41it/s] 42%|████▏     | 120/287 [00:50<01:09,  2.40it/s] 42%|████▏     | 121/287 [00:51<01:12,  2.28it/s] 43%|████▎     | 122/287 [00:51<01:10,  2.35it/s] 43%|████▎     | 123/287 [00:51<01:09,  2.35it/s] 43%|████▎     | 124/287 [00:52<01:07,  2.42it/s] 44%|████▎     | 125/287 [00:52<01:06,  2.44it/s] 44%|████▍     | 126/287 [00:53<01:05,  2.44it/s] 44%|████▍     | 127/287 [00:53<01:04,  2.50it/s] 45%|████▍     | 128/287 [00:53<01:05,  2.44it/s] 45%|████▍     | 129/287 [00:54<01:02,  2.53it/s] 45%|████▌     | 130/287 [00:54<01:00,  2.59it/s] 46%|████▌     | 131/287 [00:54<01:01,  2.54it/s] 46%|████▌     | 132/287 [00:55<01:01,  2.54it/s] 46%|████▋     | 133/287 [00:55<01:00,  2.53it/s] 47%|████▋     | 134/287 [00:56<01:05,  2.32it/s] 47%|████▋     | 135/287 [00:56<01:05,  2.33it/s] 47%|████▋     | 136/287 [00:57<01:06,  2.28it/s] 48%|████▊     | 137/287 [00:57<01:02,  2.42it/s] 48%|████▊     | 138/287 [00:57<01:01,  2.43it/s] 48%|████▊     | 139/287 [00:58<01:04,  2.30it/s] 49%|████▉     | 140/287 [00:58<01:01,  2.38it/s] 49%|████▉     | 141/287 [00:59<01:01,  2.39it/s] 49%|████▉     | 142/287 [00:59<00:59,  2.42it/s] 50%|████▉     | 143/287 [01:00<01:02,  2.31it/s] 50%|█████     | 144/287 [01:00<00:59,  2.39it/s] 51%|█████     | 145/287 [01:00<00:56,  2.51it/s] 51%|█████     | 146/287 [01:01<00:57,  2.43it/s] 51%|█████     | 147/287 [01:01<00:56,  2.46it/s] 52%|█████▏    | 148/287 [01:02<00:57,  2.42it/s] 52%|█████▏    | 149/287 [01:02<00:55,  2.48it/s] 52%|█████▏    | 150/287 [01:02<00:54,  2.53it/s] 53%|█████▎    | 151/287 [01:03<00:56,  2.42it/s] 53%|█████▎    | 152/287 [01:03<00:54,  2.49it/s] 53%|█████▎    | 153/287 [01:04<00:57,  2.34it/s] 54%|█████▎    | 154/287 [01:04<00:55,  2.38it/s] 54%|█████▍    | 155/287 [01:04<00:53,  2.45it/s] 54%|█████▍    | 156/287 [01:05<00:54,  2.40it/s] 55%|█████▍    | 157/287 [01:05<00:52,  2.47it/s] 55%|█████▌    | 158/287 [01:06<00:52,  2.46it/s] 55%|█████▌    | 159/287 [01:06<00:51,  2.50it/s] 56%|█████▌    | 160/287 [01:06<00:50,  2.53it/s] 56%|█████▌    | 161/287 [01:07<00:50,  2.50it/s] 56%|█████▋    | 162/287 [01:07<00:50,  2.48it/s] 57%|█████▋    | 163/287 [01:08<00:51,  2.42it/s] 57%|█████▋    | 164/287 [01:08<00:49,  2.48it/s] 57%|█████▋    | 165/287 [01:09<00:49,  2.45it/s] 58%|█████▊    | 166/287 [01:09<00:48,  2.51it/s] 58%|█████▊    | 167/287 [01:09<00:48,  2.46it/s] 59%|█████▊    | 168/287 [01:10<00:47,  2.53it/s] 59%|█████▉    | 169/287 [01:10<00:50,  2.36it/s] 59%|█████▉    | 170/287 [01:11<00:50,  2.33it/s] 60%|█████▉    | 171/287 [01:11<00:48,  2.38it/s] 60%|█████▉    | 172/287 [01:11<00:47,  2.42it/s] 60%|██████    | 173/287 [01:12<00:47,  2.41it/s] 61%|██████    | 174/287 [01:12<00:46,  2.43it/s] 61%|██████    | 175/287 [01:13<00:44,  2.52it/s] 61%|██████▏   | 176/287 [01:13<00:44,  2.51it/s] 62%|██████▏   | 177/287 [01:13<00:43,  2.52it/s] 62%|██████▏   | 178/287 [01:14<00:45,  2.38it/s] 62%|██████▏   | 179/287 [01:14<00:44,  2.41it/s] 63%|██████▎   | 180/287 [01:15<00:42,  2.49it/s] 63%|██████▎   | 181/287 [01:15<00:42,  2.49it/s] 63%|██████▎   | 182/287 [01:15<00:43,  2.42it/s] 64%|██████▍   | 183/287 [01:16<00:42,  2.42it/s] 64%|██████▍   | 184/287 [01:16<00:45,  2.28it/s] 64%|██████▍   | 185/287 [01:17<00:43,  2.34it/s] 65%|██████▍   | 186/287 [01:17<00:42,  2.37it/s] 65%|██████▌   | 187/287 [01:18<00:42,  2.38it/s] 66%|██████▌   | 188/287 [01:18<00:41,  2.40it/s] 66%|██████▌   | 189/287 [01:18<00:38,  2.53it/s] 66%|██████▌   | 190/287 [01:19<00:39,  2.47it/s] 67%|██████▋   | 191/287 [01:19<00:39,  2.45it/s] 67%|██████▋   | 192/287 [01:20<00:37,  2.56it/s] 67%|██████▋   | 193/287 [01:20<00:37,  2.53it/s] 68%|██████▊   | 194/287 [01:20<00:38,  2.44it/s] 68%|██████▊   | 195/287 [01:21<00:39,  2.32it/s] 68%|██████▊   | 196/287 [01:21<00:38,  2.34it/s] 69%|██████▊   | 197/287 [01:22<00:38,  2.36it/s] 69%|██████▉   | 198/287 [01:22<00:36,  2.43it/s] 69%|██████▉   | 199/287 [01:23<00:36,  2.44it/s] 70%|██████▉   | 200/287 [01:23<00:35,  2.45it/s] 70%|███████   | 201/287 [01:23<00:34,  2.48it/s] 70%|███████   | 202/287 [01:24<00:33,  2.51it/s] 71%|███████   | 203/287 [01:24<00:36,  2.31it/s] 71%|███████   | 204/287 [01:25<00:34,  2.39it/s] 71%|███████▏  | 205/287 [01:25<00:33,  2.48it/s] 72%|███████▏  | 206/287 [01:25<00:35,  2.27it/s] 72%|███████▏  | 207/287 [01:26<00:34,  2.32it/s] 72%|███████▏  | 208/287 [01:26<00:35,  2.23it/s] 73%|███████▎  | 209/287 [01:27<00:35,  2.20it/s] 73%|███████▎  | 210/287 [01:27<00:34,  2.24it/s] 74%|███████▎  | 211/287 [01:28<00:34,  2.22it/s] 74%|███████▍  | 212/287 [01:28<00:33,  2.24it/s] 74%|███████▍  | 213/287 [01:29<00:33,  2.22it/s] 75%|███████▍  | 214/287 [01:29<00:30,  2.37it/s] 75%|███████▍  | 215/287 [01:29<00:30,  2.33it/s] 75%|███████▌  | 216/287 [01:30<00:31,  2.27it/s] 76%|███████▌  | 217/287 [01:30<00:29,  2.34it/s] 76%|███████▌  | 218/287 [01:31<00:29,  2.31it/s] 76%|███████▋  | 219/287 [01:31<00:30,  2.25it/s] 77%|███████▋  | 220/287 [01:32<00:28,  2.34it/s] 77%|███████▋  | 221/287 [01:32<00:28,  2.35it/s] 77%|███████▋  | 222/287 [01:33<00:28,  2.27it/s] 78%|███████▊  | 223/287 [01:33<00:28,  2.28it/s] 78%|███████▊  | 224/287 [01:33<00:26,  2.39it/s] 78%|███████▊  | 225/287 [01:34<00:26,  2.30it/s] 79%|███████▊  | 226/287 [01:34<00:28,  2.17it/s] 79%|███████▉  | 227/287 [01:35<00:27,  2.17it/s] 79%|███████▉  | 228/287 [01:35<00:26,  2.24it/s] 80%|███████▉  | 229/287 [01:36<00:27,  2.13it/s] 80%|████████  | 230/287 [01:36<00:24,  2.29it/s] 80%|████████  | 231/287 [01:36<00:24,  2.32it/s] 81%|████████  | 232/287 [01:37<00:23,  2.34it/s] 81%|████████  | 233/287 [01:37<00:22,  2.38it/s] 82%|████████▏ | 234/287 [01:38<00:22,  2.34it/s] 82%|████████▏ | 235/287 [01:38<00:21,  2.41it/s] 82%|████████▏ | 236/287 [01:39<00:22,  2.25it/s] 83%|████████▎ | 237/287 [01:39<00:23,  2.16it/s] 83%|████████▎ | 238/287 [01:40<00:23,  2.09it/s] 83%|████████▎ | 239/287 [01:40<00:23,  2.04it/s] 84%|████████▎ | 240/287 [01:41<00:21,  2.18it/s] 84%|████████▍ | 241/287 [01:41<00:20,  2.23it/s] 84%|████████▍ | 242/287 [01:41<00:19,  2.31it/s] 85%|████████▍ | 243/287 [01:42<00:18,  2.40it/s] 85%|████████▌ | 244/287 [01:42<00:17,  2.46it/s] 85%|████████▌ | 245/287 [01:43<00:17,  2.46it/s] 86%|████████▌ | 246/287 [01:43<00:16,  2.48it/s] 86%|████████▌ | 247/287 [01:43<00:16,  2.41it/s] 86%|████████▋ | 248/287 [01:44<00:15,  2.47it/s] 87%|████████▋ | 249/287 [01:44<00:15,  2.49it/s] 87%|████████▋ | 250/287 [01:45<00:15,  2.44it/s] 87%|████████▋ | 251/287 [01:45<00:15,  2.32it/s] 88%|████████▊ | 252/287 [01:46<00:15,  2.19it/s] 88%|████████▊ | 253/287 [01:46<00:15,  2.16it/s] 89%|████████▊ | 254/287 [01:47<00:15,  2.09it/s] 89%|████████▉ | 255/287 [01:47<00:15,  2.09it/s] 89%|████████▉ | 256/287 [01:48<00:15,  2.06it/s] 90%|████████▉ | 257/287 [01:48<00:13,  2.17it/s] 90%|████████▉ | 258/287 [01:48<00:12,  2.26it/s] 90%|█████████ | 259/287 [01:49<00:12,  2.31it/s] 91%|█████████ | 260/287 [01:49<00:11,  2.29it/s] 91%|█████████ | 261/287 [01:50<00:10,  2.41it/s] 91%|█████████▏| 262/287 [01:50<00:10,  2.38it/s] 92%|█████████▏| 263/287 [01:50<00:09,  2.42it/s] 92%|█████████▏| 264/287 [01:51<00:09,  2.41it/s] 92%|█████████▏| 265/287 [01:51<00:08,  2.47it/s] 93%|█████████▎| 266/287 [01:52<00:09,  2.29it/s] 93%|█████████▎| 267/287 [01:52<00:08,  2.36it/s] 93%|█████████▎| 268/287 [01:53<00:08,  2.28it/s] 94%|█████████▎| 269/287 [01:53<00:07,  2.31it/s] 94%|█████████▍| 270/287 [01:53<00:07,  2.26it/s] 94%|█████████▍| 271/287 [01:54<00:07,  2.20it/s] 95%|█████████▍| 272/287 [01:54<00:06,  2.34it/s] 95%|█████████▌| 273/287 [01:55<00:06,  2.33it/s] 95%|█████████▌| 274/287 [01:55<00:05,  2.37it/s] 96%|█████████▌| 275/287 [01:56<00:05,  2.27it/s] 96%|█████████▌| 276/287 [01:56<00:04,  2.21it/s] 97%|█████████▋| 277/287 [01:57<00:04,  2.27it/s] 97%|█████████▋| 278/287 [01:57<00:03,  2.41it/s] 97%|█████████▋| 279/287 [01:57<00:03,  2.38it/s] 98%|█████████▊| 280/287 [01:58<00:02,  2.41it/s] 98%|█████████▊| 281/287 [01:58<00:02,  2.24it/s] 98%|█████████▊| 282/287 [01:59<00:02,  2.34it/s] 99%|█████████▊| 283/287 [01:59<00:01,  2.43it/s] 99%|█████████▉| 284/287 [01:59<00:01,  2.46it/s] 99%|█████████▉| 285/287 [02:00<00:00,  2.54it/s]100%|█████████▉| 286/287 [02:00<00:00,  2.58it/s]100%|██████████| 287/287 [02:00<00:00,  2.68it/s]100%|██████████| 287/287 [02:00<00:00,  2.37it/s]
/home3/qljx17/MMOln-ssos/mmdetection/mmdet/models/dense_heads/anchor_head.py:115: UserWarning: DeprecationWarning: anchor_generator is deprecated, please use "prior_generator" instead
  warnings.warn('DeprecationWarning: anchor_generator is deprecated, '
/home3/qljx17/MMOln-ssos/mmdetection/mmdet/models/task_modules/samplers/sampling_result.py:132: UserWarning: DeprecationWarning: pos_bboxes is deprecated, please use "pos_priors" instead
  warnings.warn('DeprecationWarning: pos_bboxes is deprecated, '
loading annotations into memory...
Done (t=0.04s)
creating index...
index created!
05/05 15:39:05 - mmengine - INFO - Epoch(train)  [6][ 50/287]  base_lr: 1.0000e-04 lr: 6.9834e-05  eta: 1:47:49  time: 3.8177  data_time: 2.5788  memory: 47312  loss: 0.5434  loss_rpn_cls: 0.0000  loss_rpn_bbox: 0.0912  loss_rpn_obj: 0.0215  loss_bbox: 0.0334  loss_bbox_score: 0.0018  loss_ood: 0.0256  loss_pseudo_class: 0.3698
05/05 15:40:12 - mmengine - INFO - Epoch(train)  [6][100/287]  base_lr: 1.0000e-04 lr: 6.9834e-05  eta: 1:45:32  time: 1.3432  data_time: 0.1561  memory: 47312  loss: 0.5109  loss_rpn_cls: 0.0000  loss_rpn_bbox: 0.1015  loss_rpn_obj: 0.0204  loss_bbox: 0.0314  loss_bbox_score: 0.0018  loss_ood: 0.0259  loss_pseudo_class: 0.3298
05/05 15:41:23 - mmengine - INFO - Epoch(train)  [6][150/287]  base_lr: 1.0000e-04 lr: 6.9834e-05  eta: 1:43:28  time: 1.4233  data_time: 0.1607  memory: 47313  loss: 0.6507  loss_rpn_cls: 0.0000  loss_rpn_bbox: 0.0896  loss_rpn_obj: 0.0220  loss_bbox: 0.0330  loss_bbox_score: 0.0018  loss_ood: 0.0275  loss_pseudo_class: 0.4767
05/05 15:42:34 - mmengine - INFO - Epoch(train)  [6][200/287]  base_lr: 1.0000e-04 lr: 6.9834e-05  eta: 1:41:27  time: 1.4112  data_time: 0.1655  memory: 47313  loss: 0.5445  loss_rpn_cls: 0.0000  loss_rpn_bbox: 0.0946  loss_rpn_obj: 0.0224  loss_bbox: 0.0341  loss_bbox_score: 0.0018  loss_ood: 0.0261  loss_pseudo_class: 0.3654
05/05 15:43:45 - mmengine - INFO - Epoch(train)  [6][250/287]  base_lr: 1.0000e-04 lr: 6.9834e-05  eta: 1:39:29  time: 1.4214  data_time: 0.1667  memory: 47313  loss: 0.5110  loss_rpn_cls: 0.0000  loss_rpn_bbox: 0.1029  loss_rpn_obj: 0.0221  loss_bbox: 0.0314  loss_bbox_score: 0.0018  loss_ood: 0.0258  loss_pseudo_class: 0.3270
05/05 15:44:37 - mmengine - INFO - Exp name: oln_ssos_box_convnext-t-p4-w7_fpn_amp-ms-crop-3x_dbf6_oodsampling1_startepoch3_k10_20250505_144606
05/05 15:44:37 - mmengine - INFO - Saving checkpoint at 6 epochs
/home3/qljx17/MMOln-ssos/mmdetection/mmdet/models/dense_heads/anchor_head.py:115: UserWarning: DeprecationWarning: anchor_generator is deprecated, please use "prior_generator" instead
  warnings.warn('DeprecationWarning: anchor_generator is deprecated, '
05/05 15:44:45 - mmengine - INFO - Epoch(val)  [6][ 50/572]    eta: 0:00:41  time: 0.0795  data_time: 0.0204  memory: 47313  
05/05 15:44:49 - mmengine - INFO - Epoch(val)  [6][100/572]    eta: 0:00:38  time: 0.0828  data_time: 0.0217  memory: 1139  
05/05 15:44:53 - mmengine - INFO - Epoch(val)  [6][150/572]    eta: 0:00:34  time: 0.0804  data_time: 0.0216  memory: 1021  
05/05 15:44:57 - mmengine - INFO - Epoch(val)  [6][200/572]    eta: 0:00:30  time: 0.0800  data_time: 0.0210  memory: 1059  
05/05 15:45:01 - mmengine - INFO - Epoch(val)  [6][250/572]    eta: 0:00:26  time: 0.0817  data_time: 0.0215  memory: 1139  
05/05 15:45:05 - mmengine - INFO - Epoch(val)  [6][300/572]    eta: 0:00:21  time: 0.0807  data_time: 0.0214  memory: 1046  
05/05 15:45:09 - mmengine - INFO - Epoch(val)  [6][350/572]    eta: 0:00:17  time: 0.0785  data_time: 0.0202  memory: 1059  
05/05 15:45:13 - mmengine - INFO - Epoch(val)  [6][400/572]    eta: 0:00:13  time: 0.0765  data_time: 0.0172  memory: 1113  
05/05 15:45:17 - mmengine - INFO - Epoch(val)  [6][450/572]    eta: 0:00:09  time: 0.0739  data_time: 0.0151  memory: 1113  
05/05 15:45:21 - mmengine - INFO - Epoch(val)  [6][500/572]    eta: 0:00:05  time: 0.0806  data_time: 0.0215  memory: 1087  
05/05 15:45:25 - mmengine - INFO - Epoch(val)  [6][550/572]    eta: 0:00:01  time: 0.0800  data_time: 0.0211  memory: 1033  
05/05 15:45:40 - mmengine - INFO - Evaluating bbox...
Loading and preparing results...
DONE (t=2.97s)
creating index...
index created!
Running per image evaluation...
Evaluate annotation type *bbox*
DONE (t=24.26s).
Accumulating evaluation results...
DONE (t=31.65s).
 Average Precision  (AP) @[ IoU=0.50:0.95 | area=   all | maxDets=100 ] = 0.202
 Average Precision  (AP) @[ IoU=0.50      | area=   all | maxDets=100 ] = 0.371
 Average Precision  (AP) @[ IoU=0.75      | area=   all | maxDets=100 ] = 0.219
 Average Precision  (AP) @[ IoU=0.50:0.95 | area= small | maxDets=100 ] = 0.046
 Average Precision  (AP) @[ IoU=0.50:0.95 | area=medium | maxDets=100 ] = 0.051
 Average Precision  (AP) @[ IoU=0.50:0.95 | area= large | maxDets=100 ] = 0.538
 Average Recall     (AR) @[ IoU=0.50:0.95 | area=   all | maxDets= 10 ] = 0.370
 Average Recall     (AR) @[ IoU=0.50:0.95 | area=   all | maxDets= 20 ] = 0.399
 Average Recall     (AR) @[ IoU=0.50:0.95 | area=   all | maxDets= 30 ] = 0.416
 Average Recall     (AR) @[ IoU=0.50:0.95 | area=   all | maxDets= 50 ] = 0.435
 Average Recall     (AR) @[ IoU=0.50:0.95 | area=   all | maxDets=100 ] = 0.457
 Average Recall     (AR) @[ IoU=0.50:0.95 | area=   all | maxDets=300 ] = 0.476
 Average Recall     (AR) @[ IoU=0.50:0.95 | area=   all | maxDets=500 ] = 0.481
 Average Recall     (AR) @[ IoU=0.50:0.95 | area=   all | maxDets=1000 ] = 0.482
 Average Recall     (AR) @[ IoU=0.50:0.95 | area=   all | maxDets=1500 ] = 0.482
05/05 15:46:43 - mmengine - INFO - Optimal score threshold: 0.5205921828746796
05/05 15:46:43 - mmengine - INFO - Non OS Detected Anomaly Score Threshold: 0.7884106636047363
05/05 15:46:44 - mmengine - INFO - Non OS All Anomaly Score Threshold: 0.7671312689781189
05/05 15:46:44 - mmengine - INFO - Detected Anomaly Score Threshold: 0.7932365536689758
05/05 15:46:44 - mmengine - INFO - All Anomaly Score Threshold: 0.7745040059089661
05/05 15:46:44 - mmengine - INFO - bbox_mAP_copypaste: 0.202 0.371 0.219 0.046 0.051 0.538
05/05 15:46:44 - mmengine - INFO - Epoch(val) [6][572/572]    dbf6/bbox_mAP: 0.2020  dbf6/bbox_mAP_50: 0.3710  dbf6/bbox_mAP_75: 0.2190  dbf6/bbox_mAP_s: 0.0460  dbf6/bbox_mAP_m: 0.0510  dbf6/bbox_mAP_l: 0.5380  data_time: 0.0202  time: 0.0794
  0%|          | 0/287 [00:00<?, ?it/s]  0%|          | 1/287 [00:00<02:13,  2.14it/s]  1%|          | 2/287 [00:00<02:22,  2.01it/s]  1%|          | 3/287 [00:01<02:10,  2.18it/s]  1%|▏         | 4/287 [00:01<02:09,  2.19it/s]  2%|▏         | 5/287 [00:02<02:08,  2.19it/s]  2%|▏         | 6/287 [00:02<01:58,  2.36it/s]  2%|▏         | 7/287 [00:03<02:06,  2.22it/s]  3%|▎         | 8/287 [00:03<02:10,  2.14it/s]  3%|▎         | 9/287 [00:04<02:09,  2.15it/s]  3%|▎         | 10/287 [00:04<02:11,  2.10it/s]  4%|▍         | 11/287 [00:05<02:09,  2.12it/s]  4%|▍         | 12/287 [00:05<02:07,  2.16it/s]  5%|▍         | 13/287 [00:05<02:04,  2.20it/s]  5%|▍         | 14/287 [00:06<02:05,  2.18it/s]  5%|▌         | 15/287 [00:06<02:00,  2.25it/s]  6%|▌         | 16/287 [00:07<01:54,  2.37it/s]  6%|▌         | 17/287 [00:07<02:00,  2.24it/s]  6%|▋         | 18/287 [00:08<02:02,  2.20it/s]  7%|▋         | 19/287 [00:08<01:58,  2.26it/s]  7%|▋         | 20/287 [00:09<01:53,  2.36it/s]  7%|▋         | 21/287 [00:09<01:49,  2.42it/s]  8%|▊         | 22/287 [00:09<01:47,  2.46it/s]  8%|▊         | 23/287 [00:10<01:51,  2.38it/s]  8%|▊         | 24/287 [00:10<01:51,  2.35it/s]  9%|▊         | 25/287 [00:11<01:50,  2.37it/s]  9%|▉         | 26/287 [00:11<01:51,  2.34it/s]  9%|▉         | 27/287 [00:11<01:47,  2.41it/s] 10%|▉         | 28/287 [00:12<01:51,  2.32it/s] 10%|█         | 29/287 [00:12<01:47,  2.41it/s] 10%|█         | 30/287 [00:13<01:44,  2.47it/s] 11%|█         | 31/287 [00:13<01:45,  2.43it/s] 11%|█         | 32/287 [00:14<01:54,  2.23it/s] 11%|█▏        | 33/287 [00:14<01:49,  2.31it/s] 12%|█▏        | 34/287 [00:14<01:49,  2.32it/s] 12%|█▏        | 35/287 [00:15<01:46,  2.37it/s] 13%|█▎        | 36/287 [00:15<01:42,  2.44it/s] 13%|█▎        | 37/287 [00:16<01:47,  2.33it/s] 13%|█▎        | 38/287 [00:16<01:48,  2.30it/s] 14%|█▎        | 39/287 [00:17<01:46,  2.33it/s] 14%|█▍        | 40/287 [00:17<01:43,  2.38it/s] 14%|█▍        | 41/287 [00:17<01:38,  2.49it/s] 15%|█▍        | 42/287 [00:18<01:39,  2.45it/s] 15%|█▍        | 43/287 [00:18<01:43,  2.35it/s] 15%|█▌        | 44/287 [00:19<01:44,  2.32it/s] 16%|█▌        | 45/287 [00:19<01:42,  2.35it/s] 16%|█▌        | 46/287 [00:19<01:42,  2.35it/s] 16%|█▋        | 47/287 [00:20<01:43,  2.31it/s] 17%|█▋        | 48/287 [00:20<01:41,  2.36it/s] 17%|█▋        | 49/287 [00:21<01:38,  2.42it/s] 17%|█▋        | 50/287 [00:21<01:41,  2.33it/s] 18%|█▊        | 51/287 [00:22<01:38,  2.39it/s] 18%|█▊        | 52/287 [00:22<01:40,  2.34it/s] 18%|█▊        | 53/287 [00:22<01:37,  2.40it/s] 19%|█▉        | 54/287 [00:23<01:37,  2.39it/s] 19%|█▉        | 55/287 [00:23<01:38,  2.35it/s] 20%|█▉        | 56/287 [00:24<01:38,  2.35it/s] 20%|█▉        | 57/287 [00:24<01:35,  2.42it/s] 20%|██        | 58/287 [00:25<01:35,  2.40it/s] 21%|██        | 59/287 [00:25<01:34,  2.41it/s] 21%|██        | 60/287 [00:25<01:36,  2.36it/s] 21%|██▏       | 61/287 [00:26<01:41,  2.24it/s] 22%|██▏       | 62/287 [00:26<01:37,  2.31it/s] 22%|██▏       | 63/287 [00:27<01:35,  2.35it/s] 22%|██▏       | 64/287 [00:27<01:35,  2.34it/s] 23%|██▎       | 65/287 [00:28<01:39,  2.24it/s] 23%|██▎       | 66/287 [00:28<01:38,  2.24it/s] 23%|██▎       | 67/287 [00:28<01:36,  2.28it/s] 24%|██▎       | 68/287 [00:29<01:35,  2.29it/s] 24%|██▍       | 69/287 [00:29<01:33,  2.32it/s] 24%|██▍       | 70/287 [00:30<01:30,  2.40it/s] 25%|██▍       | 71/287 [00:30<01:27,  2.46it/s] 25%|██▌       | 72/287 [00:31<01:33,  2.31it/s] 25%|██▌       | 73/287 [00:31<01:30,  2.36it/s] 26%|██▌       | 74/287 [00:31<01:32,  2.30it/s] 26%|██▌       | 75/287 [00:32<01:35,  2.23it/s] 26%|██▋       | 76/287 [00:32<01:33,  2.25it/s] 27%|██▋       | 77/287 [00:33<01:28,  2.36it/s] 27%|██▋       | 78/287 [00:33<01:34,  2.22it/s] 28%|██▊       | 79/287 [00:34<01:34,  2.20it/s] 28%|██▊       | 80/287 [00:34<01:30,  2.28it/s] 28%|██▊       | 81/287 [00:35<01:31,  2.26it/s] 29%|██▊       | 82/287 [00:35<01:34,  2.18it/s] 29%|██▉       | 83/287 [00:35<01:30,  2.25it/s] 29%|██▉       | 84/287 [00:36<01:28,  2.30it/s] 30%|██▉       | 85/287 [00:36<01:24,  2.38it/s] 30%|██▉       | 86/287 [00:37<01:24,  2.39it/s] 30%|███       | 87/287 [00:37<01:23,  2.40it/s] 31%|███       | 88/287 [00:37<01:19,  2.49it/s] 31%|███       | 89/287 [00:38<01:19,  2.48it/s] 31%|███▏      | 90/287 [00:38<01:21,  2.42it/s] 32%|███▏      | 91/287 [00:39<01:20,  2.42it/s] 32%|███▏      | 92/287 [00:39<01:20,  2.43it/s] 32%|███▏      | 93/287 [00:40<01:18,  2.48it/s] 33%|███▎      | 94/287 [00:40<01:20,  2.41it/s] 33%|███▎      | 95/287 [00:40<01:24,  2.26it/s] 33%|███▎      | 96/287 [00:41<01:23,  2.29it/s] 34%|███▍      | 97/287 [00:41<01:23,  2.28it/s] 34%|███▍      | 98/287 [00:42<01:18,  2.42it/s] 34%|███▍      | 99/287 [00:42<01:16,  2.45it/s] 35%|███▍      | 100/287 [00:43<01:17,  2.40it/s] 35%|███▌      | 101/287 [00:43<01:19,  2.33it/s] 36%|███▌      | 102/287 [00:43<01:23,  2.20it/s] 36%|███▌      | 103/287 [00:44<01:20,  2.27it/s] 36%|███▌      | 104/287 [00:44<01:18,  2.32it/s] 37%|███▋      | 105/287 [00:45<01:16,  2.39it/s] 37%|███▋      | 106/287 [00:45<01:12,  2.51it/s] 37%|███▋      | 107/287 [00:45<01:14,  2.40it/s] 38%|███▊      | 108/287 [00:46<01:14,  2.42it/s] 38%|███▊      | 109/287 [00:46<01:13,  2.44it/s] 38%|███▊      | 110/287 [00:47<01:17,  2.27it/s] 39%|███▊      | 111/287 [00:47<01:14,  2.36it/s] 39%|███▉      | 112/287 [00:48<01:15,  2.31it/s] 39%|███▉      | 113/287 [00:48<01:19,  2.20it/s] 40%|███▉      | 114/287 [00:49<01:15,  2.28it/s] 40%|████      | 115/287 [00:49<01:14,  2.31it/s] 40%|████      | 116/287 [00:49<01:10,  2.41it/s] 41%|████      | 117/287 [00:50<01:14,  2.27it/s] 41%|████      | 118/287 [00:50<01:15,  2.23it/s] 41%|████▏     | 119/287 [00:51<01:12,  2.31it/s] 42%|████▏     | 120/287 [00:51<01:12,  2.31it/s] 42%|████▏     | 121/287 [00:52<01:08,  2.42it/s] 43%|████▎     | 122/287 [00:52<01:07,  2.44it/s] 43%|████▎     | 123/287 [00:52<01:06,  2.46it/s] 43%|████▎     | 124/287 [00:53<01:04,  2.53it/s] 44%|████▎     | 125/287 [00:53<01:04,  2.50it/s] 44%|████▍     | 126/287 [00:54<01:06,  2.43it/s] 44%|████▍     | 127/287 [00:54<01:06,  2.39it/s] 45%|████▍     | 128/287 [00:54<01:05,  2.43it/s] 45%|████▍     | 129/287 [00:55<01:07,  2.34it/s] 45%|████▌     | 130/287 [00:55<01:05,  2.39it/s] 46%|████▌     | 131/287 [00:56<01:05,  2.39it/s] 46%|████▌     | 132/287 [00:56<01:04,  2.41it/s] 46%|████▋     | 133/287 [00:56<01:05,  2.35it/s] 47%|████▋     | 134/287 [00:57<01:03,  2.41it/s] 47%|████▋     | 135/287 [00:57<01:03,  2.40it/s] 47%|████▋     | 136/287 [00:58<01:02,  2.43it/s] 48%|████▊     | 137/287 [00:58<01:01,  2.46it/s] 48%|████▊     | 138/287 [00:59<01:01,  2.43it/s] 48%|████▊     | 139/287 [00:59<01:02,  2.38it/s] 49%|████▉     | 140/287 [00:59<01:01,  2.40it/s] 49%|████▉     | 141/287 [01:00<01:02,  2.33it/s] 49%|████▉     | 142/287 [01:00<00:59,  2.42it/s] 50%|████▉     | 143/287 [01:01<00:59,  2.43it/s] 50%|█████     | 144/287 [01:01<01:02,  2.27it/s] 51%|█████     | 145/287 [01:02<01:01,  2.29it/s] 51%|█████     | 146/287 [01:02<01:00,  2.32it/s] 51%|█████     | 147/287 [01:02<00:59,  2.37it/s] 52%|█████▏    | 148/287 [01:03<00:57,  2.40it/s] 52%|█████▏    | 149/287 [01:03<00:57,  2.40it/s] 52%|█████▏    | 150/287 [01:04<01:00,  2.27it/s] 53%|█████▎    | 151/287 [01:04<00:58,  2.32it/s] 53%|█████▎    | 152/287 [01:05<00:58,  2.32it/s] 53%|█████▎    | 153/287 [01:05<00:58,  2.29it/s] 54%|█████▎    | 154/287 [01:05<00:54,  2.42it/s] 54%|█████▍    | 155/287 [01:06<00:53,  2.46it/s] 54%|█████▍    | 156/287 [01:06<00:54,  2.42it/s] 55%|█████▍    | 157/287 [01:07<00:53,  2.45it/s] 55%|█████▌    | 158/287 [01:07<00:55,  2.32it/s] 55%|█████▌    | 159/287 [01:07<00:52,  2.44it/s] 56%|█████▌    | 160/287 [01:08<00:56,  2.25it/s] 56%|█████▌    | 161/287 [01:08<00:58,  2.14it/s] 56%|█████▋    | 162/287 [01:09<00:56,  2.20it/s] 57%|█████▋    | 163/287 [01:09<00:56,  2.20it/s] 57%|█████▋    | 164/287 [01:10<00:53,  2.29it/s] 57%|█████▋    | 165/287 [01:10<00:51,  2.38it/s] 58%|█████▊    | 166/287 [01:11<00:54,  2.23it/s] 58%|█████▊    | 167/287 [01:11<00:55,  2.17it/s] 59%|█████▊    | 168/287 [01:12<00:56,  2.10it/s] 59%|█████▉    | 169/287 [01:12<00:55,  2.13it/s] 59%|█████▉    | 170/287 [01:12<00:52,  2.23it/s] 60%|█████▉    | 171/287 [01:13<00:50,  2.32it/s] 60%|█████▉    | 172/287 [01:13<00:50,  2.30it/s] 60%|██████    | 173/287 [01:14<00:48,  2.36it/s] 61%|██████    | 174/287 [01:14<00:48,  2.34it/s] 61%|██████    | 175/287 [01:15<00:47,  2.38it/s] 61%|██████▏   | 176/287 [01:15<00:47,  2.33it/s] 62%|██████▏   | 177/287 [01:15<00:45,  2.41it/s] 62%|██████▏   | 178/287 [01:16<00:44,  2.43it/s] 62%|██████▏   | 179/287 [01:16<00:44,  2.42it/s] 63%|██████▎   | 180/287 [01:17<00:43,  2.44it/s] 63%|██████▎   | 181/287 [01:17<00:42,  2.47it/s] 63%|██████▎   | 182/287 [01:17<00:43,  2.40it/s] 64%|██████▍   | 183/287 [01:18<00:45,  2.27it/s] 64%|██████▍   | 184/287 [01:18<00:44,  2.30it/s] 64%|██████▍   | 185/287 [01:19<00:44,  2.31it/s] 65%|██████▍   | 186/287 [01:19<00:43,  2.30it/s] 65%|██████▌   | 187/287 [01:20<00:43,  2.30it/s] 66%|██████▌   | 188/287 [01:20<00:44,  2.22it/s] 66%|██████▌   | 189/287 [01:21<00:42,  2.30it/s] 66%|██████▌   | 190/287 [01:21<00:41,  2.32it/s] 67%|██████▋   | 191/287 [01:21<00:41,  2.31it/s] 67%|██████▋   | 192/287 [01:22<00:39,  2.39it/s] 67%|██████▋   | 193/287 [01:22<00:38,  2.41it/s] 68%|██████▊   | 194/287 [01:23<00:39,  2.33it/s] 68%|██████▊   | 195/287 [01:23<00:40,  2.26it/s] 68%|██████▊   | 196/287 [01:24<00:38,  2.34it/s] 69%|██████▊   | 197/287 [01:24<00:37,  2.38it/s] 69%|██████▉   | 198/287 [01:24<00:36,  2.41it/s] 69%|██████▉   | 199/287 [01:25<00:36,  2.44it/s] 70%|██████▉   | 200/287 [01:25<00:38,  2.26it/s] 70%|███████   | 201/287 [01:26<00:35,  2.39it/s] 70%|███████   | 202/287 [01:26<00:36,  2.35it/s] 71%|███████   | 203/287 [01:26<00:36,  2.33it/s] 71%|███████   | 204/287 [01:27<00:35,  2.34it/s] 71%|███████▏  | 205/287 [01:27<00:34,  2.35it/s] 72%|███████▏  | 206/287 [01:28<00:33,  2.41it/s] 72%|███████▏  | 207/287 [01:28<00:33,  2.37it/s] 72%|███████▏  | 208/287 [01:29<00:32,  2.41it/s] 73%|███████▎  | 209/287 [01:29<00:33,  2.36it/s] 73%|███████▎  | 210/287 [01:29<00:33,  2.33it/s] 74%|███████▎  | 211/287 [01:30<00:34,  2.21it/s] 74%|███████▍  | 212/287 [01:30<00:32,  2.34it/s] 74%|███████▍  | 213/287 [01:31<00:33,  2.22it/s] 75%|███████▍  | 214/287 [01:31<00:32,  2.27it/s] 75%|███████▍  | 215/287 [01:32<00:33,  2.18it/s] 75%|███████▌  | 216/287 [01:32<00:31,  2.24it/s] 76%|███████▌  | 217/287 [01:33<00:29,  2.34it/s] 76%|███████▌  | 218/287 [01:33<00:29,  2.38it/s] 76%|███████▋  | 219/287 [01:33<00:29,  2.29it/s] 77%|███████▋  | 220/287 [01:34<00:29,  2.29it/s] 77%|███████▋  | 221/287 [01:34<00:29,  2.27it/s] 77%|███████▋  | 222/287 [01:35<00:28,  2.31it/s] 78%|███████▊  | 223/287 [01:35<00:27,  2.32it/s] 78%|███████▊  | 224/287 [01:36<00:26,  2.41it/s] 78%|███████▊  | 225/287 [01:36<00:25,  2.40it/s] 79%|███████▊  | 226/287 [01:36<00:26,  2.28it/s] 79%|███████▉  | 227/287 [01:37<00:26,  2.27it/s] 79%|███████▉  | 228/287 [01:37<00:25,  2.31it/s] 80%|███████▉  | 229/287 [01:38<00:25,  2.32it/s] 80%|████████  | 230/287 [01:38<00:23,  2.38it/s] 80%|████████  | 231/287 [01:38<00:22,  2.46it/s] 81%|████████  | 232/287 [01:39<00:21,  2.54it/s] 81%|████████  | 233/287 [01:39<00:21,  2.51it/s] 82%|████████▏ | 234/287 [01:40<00:20,  2.54it/s] 82%|████████▏ | 235/287 [01:40<00:20,  2.50it/s] 82%|████████▏ | 236/287 [01:40<00:20,  2.47it/s] 83%|████████▎ | 237/287 [01:41<00:20,  2.42it/s] 83%|████████▎ | 238/287 [01:41<00:19,  2.45it/s] 83%|████████▎ | 239/287 [01:42<00:19,  2.41it/s] 84%|████████▎ | 240/287 [01:42<00:19,  2.44it/s] 84%|████████▍ | 241/287 [01:43<00:19,  2.41it/s] 84%|████████▍ | 242/287 [01:43<00:18,  2.45it/s] 85%|████████▍ | 243/287 [01:43<00:17,  2.47it/s] 85%|████████▌ | 244/287 [01:44<00:18,  2.33it/s] 85%|████████▌ | 245/287 [01:44<00:17,  2.38it/s] 86%|████████▌ | 246/287 [01:45<00:17,  2.38it/s] 86%|████████▌ | 247/287 [01:45<00:17,  2.35it/s] 86%|████████▋ | 248/287 [01:46<00:16,  2.31it/s] 87%|████████▋ | 249/287 [01:46<00:16,  2.33it/s] 87%|████████▋ | 250/287 [01:46<00:14,  2.47it/s] 87%|████████▋ | 251/287 [01:47<00:15,  2.28it/s] 88%|████████▊ | 252/287 [01:47<00:15,  2.23it/s] 88%|████████▊ | 253/287 [01:48<00:14,  2.31it/s] 89%|████████▊ | 254/287 [01:48<00:13,  2.40it/s] 89%|████████▉ | 255/287 [01:48<00:13,  2.40it/s] 89%|████████▉ | 256/287 [01:49<00:12,  2.48it/s] 90%|████████▉ | 257/287 [01:49<00:12,  2.41it/s] 90%|████████▉ | 258/287 [01:50<00:11,  2.43it/s] 90%|█████████ | 259/287 [01:50<00:12,  2.32it/s] 91%|█████████ | 260/287 [01:51<00:11,  2.32it/s] 91%|█████████ | 261/287 [01:51<00:10,  2.37it/s] 91%|█████████▏| 262/287 [01:51<00:10,  2.46it/s] 92%|█████████▏| 263/287 [01:52<00:09,  2.47it/s] 92%|█████████▏| 264/287 [01:52<00:09,  2.46it/s] 92%|█████████▏| 265/287 [01:53<00:08,  2.48it/s] 93%|█████████▎| 266/287 [01:53<00:09,  2.29it/s] 93%|█████████▎| 267/287 [01:54<00:09,  2.22it/s] 93%|█████████▎| 268/287 [01:54<00:08,  2.36it/s] 94%|█████████▎| 269/287 [01:54<00:07,  2.25it/s] 94%|█████████▍| 270/287 [01:55<00:07,  2.30it/s] 94%|█████████▍| 271/287 [01:55<00:06,  2.31it/s] 95%|█████████▍| 272/287 [01:56<00:06,  2.32it/s] 95%|█████████▌| 273/287 [01:56<00:05,  2.35it/s] 95%|█████████▌| 274/287 [01:57<00:05,  2.43it/s] 96%|█████████▌| 275/287 [01:57<00:04,  2.41it/s] 96%|█████████▌| 276/287 [01:57<00:04,  2.26it/s] 97%|█████████▋| 277/287 [01:58<00:04,  2.19it/s] 97%|█████████▋| 278/287 [01:58<00:03,  2.28it/s] 97%|█████████▋| 279/287 [01:59<00:03,  2.30it/s] 98%|█████████▊| 280/287 [01:59<00:02,  2.34it/s] 98%|█████████▊| 281/287 [02:00<00:02,  2.44it/s] 98%|█████████▊| 282/287 [02:00<00:02,  2.30it/s] 99%|█████████▊| 283/287 [02:00<00:01,  2.39it/s] 99%|█████████▉| 284/287 [02:01<00:01,  2.36it/s] 99%|█████████▉| 285/287 [02:01<00:00,  2.23it/s]100%|█████████▉| 286/287 [02:02<00:00,  2.36it/s]100%|██████████| 287/287 [02:02<00:00,  2.53it/s]100%|██████████| 287/287 [02:02<00:00,  2.34it/s]
/home3/qljx17/MMOln-ssos/mmdetection/mmdet/models/dense_heads/anchor_head.py:115: UserWarning: DeprecationWarning: anchor_generator is deprecated, please use "prior_generator" instead
  warnings.warn('DeprecationWarning: anchor_generator is deprecated, '
/home3/qljx17/MMOln-ssos/mmdetection/mmdet/models/task_modules/samplers/sampling_result.py:132: UserWarning: DeprecationWarning: pos_bboxes is deprecated, please use "pos_priors" instead
  warnings.warn('DeprecationWarning: pos_bboxes is deprecated, '
loading annotations into memory...
Done (t=0.04s)
creating index...
index created!
05/05 15:50:00 - mmengine - INFO - Epoch(train)  [7][ 50/287]  base_lr: 1.0000e-04 lr: 6.9834e-05  eta: 1:40:09  time: 3.9069  data_time: 2.6255  memory: 47313  loss: 0.5546  loss_rpn_cls: 0.0000  loss_rpn_bbox: 0.1004  loss_rpn_obj: 0.0234  loss_bbox: 0.0337  loss_bbox_score: 0.0019  loss_ood: 0.0272  loss_pseudo_class: 0.3681
05/05 15:51:10 - mmengine - INFO - Epoch(train)  [7][100/287]  base_lr: 1.0000e-04 lr: 6.9834e-05  eta: 1:38:07  time: 1.4040  data_time: 0.1637  memory: 47313  loss: 0.4912  loss_rpn_cls: 0.0000  loss_rpn_bbox: 0.0910  loss_rpn_obj: 0.0210  loss_bbox: 0.0317  loss_bbox_score: 0.0017  loss_ood: 0.0257  loss_pseudo_class: 0.3200
05/05 15:52:20 - mmengine - INFO - Epoch(train)  [7][150/287]  base_lr: 1.0000e-04 lr: 6.9834e-05  eta: 1:36:07  time: 1.4009  data_time: 0.1663  memory: 47312  loss: 0.4999  loss_rpn_cls: 0.0000  loss_rpn_bbox: 0.0863  loss_rpn_obj: 0.0205  loss_bbox: 0.0333  loss_bbox_score: 0.0018  loss_ood: 0.0257  loss_pseudo_class: 0.3324
05/05 15:53:31 - mmengine - INFO - Epoch(train)  [7][200/287]  base_lr: 1.0000e-04 lr: 6.9834e-05  eta: 1:34:12  time: 1.4186  data_time: 0.1630  memory: 47312  loss: 0.5502  loss_rpn_cls: 0.0000  loss_rpn_bbox: 0.0919  loss_rpn_obj: 0.0215  loss_bbox: 0.0333  loss_bbox_score: 0.0018  loss_ood: 0.0253  loss_pseudo_class: 0.3763
05/05 15:54:41 - mmengine - INFO - Epoch(train)  [7][250/287]  base_lr: 1.0000e-04 lr: 6.9834e-05  eta: 1:32:17  time: 1.4075  data_time: 0.1631  memory: 47313  loss: 0.5184  loss_rpn_cls: 0.0000  loss_rpn_bbox: 0.1054  loss_rpn_obj: 0.0216  loss_bbox: 0.0340  loss_bbox_score: 0.0019  loss_ood: 0.0256  loss_pseudo_class: 0.3299
05/05 15:55:22 - mmengine - INFO - Exp name: oln_ssos_box_convnext-t-p4-w7_fpn_amp-ms-crop-3x_dbf6_oodsampling1_startepoch3_k10_20250505_144606
05/05 15:55:34 - mmengine - INFO - Exp name: oln_ssos_box_convnext-t-p4-w7_fpn_amp-ms-crop-3x_dbf6_oodsampling1_startepoch3_k10_20250505_144606
05/05 15:55:38 - mmengine - INFO - Epoch(val)  [7][ 50/572]    eta: 0:00:40  time: 0.0781  data_time: 0.0195  memory: 47313  
05/05 15:55:42 - mmengine - INFO - Epoch(val)  [7][100/572]    eta: 0:00:37  time: 0.0824  data_time: 0.0214  memory: 1139  
05/05 15:55:46 - mmengine - INFO - Epoch(val)  [7][150/572]    eta: 0:00:33  time: 0.0786  data_time: 0.0203  memory: 1021  
05/05 15:55:50 - mmengine - INFO - Epoch(val)  [7][200/572]    eta: 0:00:29  time: 0.0790  data_time: 0.0204  memory: 1059  
05/05 15:55:54 - mmengine - INFO - Epoch(val)  [7][250/572]    eta: 0:00:25  time: 0.0815  data_time: 0.0213  memory: 1139  
05/05 15:55:58 - mmengine - INFO - Epoch(val)  [7][300/572]    eta: 0:00:21  time: 0.0797  data_time: 0.0208  memory: 1046  
05/05 15:56:02 - mmengine - INFO - Epoch(val)  [7][350/572]    eta: 0:00:17  time: 0.0780  data_time: 0.0198  memory: 1059  
05/05 15:56:05 - mmengine - INFO - Epoch(val)  [7][400/572]    eta: 0:00:13  time: 0.0737  data_time: 0.0152  memory: 1113  
05/05 15:56:09 - mmengine - INFO - Epoch(val)  [7][450/572]    eta: 0:00:09  time: 0.0735  data_time: 0.0147  memory: 1113  
05/05 15:56:13 - mmengine - INFO - Epoch(val)  [7][500/572]    eta: 0:00:05  time: 0.0813  data_time: 0.0216  memory: 1087  
05/05 15:56:17 - mmengine - INFO - Epoch(val)  [7][550/572]    eta: 0:00:01  time: 0.0798  data_time: 0.0208  memory: 1033  
05/05 15:56:32 - mmengine - INFO - Evaluating bbox...
Loading and preparing results...
DONE (t=2.39s)
creating index...
index created!
Running per image evaluation...
Evaluate annotation type *bbox*
DONE (t=24.49s).
Accumulating evaluation results...
DONE (t=33.08s).
 Average Precision  (AP) @[ IoU=0.50:0.95 | area=   all | maxDets=100 ] = 0.171
 Average Precision  (AP) @[ IoU=0.50      | area=   all | maxDets=100 ] = 0.335
 Average Precision  (AP) @[ IoU=0.75      | area=   all | maxDets=100 ] = 0.173
 Average Precision  (AP) @[ IoU=0.50:0.95 | area= small | maxDets=100 ] = 0.030
 Average Precision  (AP) @[ IoU=0.50:0.95 | area=medium | maxDets=100 ] = 0.042
 Average Precision  (AP) @[ IoU=0.50:0.95 | area= large | maxDets=100 ] = 0.456
 Average Recall     (AR) @[ IoU=0.50:0.95 | area=   all | maxDets= 10 ] = 0.378
 Average Recall     (AR) @[ IoU=0.50:0.95 | area=   all | maxDets= 20 ] = 0.415
 Average Recall     (AR) @[ IoU=0.50:0.95 | area=   all | maxDets= 30 ] = 0.435
 Average Recall     (AR) @[ IoU=0.50:0.95 | area=   all | maxDets= 50 ] = 0.456
 Average Recall     (AR) @[ IoU=0.50:0.95 | area=   all | maxDets=100 ] = 0.484
 Average Recall     (AR) @[ IoU=0.50:0.95 | area=   all | maxDets=300 ] = 0.511
 Average Recall     (AR) @[ IoU=0.50:0.95 | area=   all | maxDets=500 ] = 0.516
 Average Recall     (AR) @[ IoU=0.50:0.95 | area=   all | maxDets=1000 ] = 0.520
 Average Recall     (AR) @[ IoU=0.50:0.95 | area=   all | maxDets=1500 ] = 0.520
05/05 15:57:37 - mmengine - INFO - Optimal score threshold: 0.529453444480896
05/05 15:57:37 - mmengine - INFO - Non OS Detected Anomaly Score Threshold: 0.8019027709960938
05/05 15:57:38 - mmengine - INFO - Non OS All Anomaly Score Threshold: 0.7634667158126831
05/05 15:57:38 - mmengine - INFO - Detected Anomaly Score Threshold: 0.8095539212226868
05/05 15:57:38 - mmengine - INFO - All Anomaly Score Threshold: 0.7851474285125732
05/05 15:57:38 - mmengine - INFO - bbox_mAP_copypaste: 0.171 0.335 0.173 0.030 0.042 0.456
05/05 15:57:38 - mmengine - INFO - Epoch(val) [7][572/572]    dbf6/bbox_mAP: 0.1710  dbf6/bbox_mAP_50: 0.3350  dbf6/bbox_mAP_75: 0.1730  dbf6/bbox_mAP_s: 0.0300  dbf6/bbox_mAP_m: 0.0420  dbf6/bbox_mAP_l: 0.4560  data_time: 0.0196  time: 0.0786
  0%|          | 0/287 [00:00<?, ?it/s]  0%|          | 1/287 [00:00<02:28,  1.92it/s]  1%|          | 2/287 [00:00<02:11,  2.17it/s]  1%|          | 3/287 [00:01<02:13,  2.13it/s]  1%|▏         | 4/287 [00:01<02:16,  2.07it/s]  2%|▏         | 5/287 [00:02<02:05,  2.24it/s]  2%|▏         | 6/287 [00:02<02:02,  2.30it/s]  2%|▏         | 7/287 [00:03<02:08,  2.19it/s]  3%|▎         | 8/287 [00:03<02:01,  2.29it/s]  3%|▎         | 9/287 [00:04<02:00,  2.31it/s]  3%|▎         | 10/287 [00:04<02:07,  2.17it/s]  4%|▍         | 11/287 [00:04<01:58,  2.32it/s]  4%|▍         | 12/287 [00:05<02:04,  2.22it/s]  5%|▍         | 13/287 [00:05<02:02,  2.23it/s]  5%|▍         | 14/287 [00:06<01:59,  2.28it/s]  5%|▌         | 15/287 [00:06<02:00,  2.26it/s]  6%|▌         | 16/287 [00:07<01:58,  2.28it/s]  6%|▌         | 17/287 [00:07<01:54,  2.36it/s]  6%|▋         | 18/287 [00:07<01:52,  2.40it/s]  7%|▋         | 19/287 [00:08<01:48,  2.46it/s]  7%|▋         | 20/287 [00:08<01:47,  2.48it/s]  7%|▋         | 21/287 [00:09<01:50,  2.40it/s]  8%|▊         | 22/287 [00:09<01:47,  2.45it/s]  8%|▊         | 23/287 [00:10<01:55,  2.28it/s]  8%|▊         | 24/287 [00:10<01:52,  2.34it/s]  9%|▊         | 25/287 [00:10<01:46,  2.45it/s]  9%|▉         | 26/287 [00:11<01:48,  2.40it/s]  9%|▉         | 27/287 [00:11<01:49,  2.37it/s] 10%|▉         | 28/287 [00:12<01:49,  2.36it/s] 10%|█         | 29/287 [00:12<01:46,  2.42it/s] 10%|█         | 30/287 [00:12<01:46,  2.42it/s] 11%|█         | 31/287 [00:13<01:45,  2.42it/s] 11%|█         | 32/287 [00:13<01:47,  2.37it/s] 11%|█▏        | 33/287 [00:14<01:46,  2.40it/s] 12%|█▏        | 34/287 [00:14<01:44,  2.43it/s] 12%|█▏        | 35/287 [00:14<01:42,  2.46it/s] 13%|█▎        | 36/287 [00:15<01:40,  2.50it/s] 13%|█▎        | 37/287 [00:15<01:45,  2.38it/s] 13%|█▎        | 38/287 [00:16<01:44,  2.39it/s] 14%|█▎        | 39/287 [00:16<01:49,  2.26it/s] 14%|█▍        | 40/287 [00:17<01:42,  2.41it/s] 14%|█▍        | 41/287 [00:17<01:46,  2.32it/s] 15%|█▍        | 42/287 [00:18<01:48,  2.25it/s] 15%|█▍        | 43/287 [00:18<01:46,  2.28it/s] 15%|█▌        | 44/287 [00:18<01:50,  2.20it/s] 16%|█▌        | 45/287 [00:19<01:46,  2.27it/s] 16%|█▌        | 46/287 [00:19<01:43,  2.33it/s] 16%|█▋        | 47/287 [00:20<01:41,  2.37it/s] 17%|█▋        | 48/287 [00:20<01:37,  2.46it/s] 17%|█▋        | 49/287 [00:21<01:40,  2.36it/s] 17%|█▋        | 50/287 [00:21<01:35,  2.48it/s] 18%|█▊        | 51/287 [00:21<01:39,  2.37it/s] 18%|█▊        | 52/287 [00:22<01:37,  2.42it/s] 18%|█▊        | 53/287 [00:22<01:33,  2.49it/s] 19%|█▉        | 54/287 [00:23<01:36,  2.41it/s] 19%|█▉        | 55/287 [00:23<01:37,  2.38it/s] 20%|█▉        | 56/287 [00:23<01:35,  2.41it/s] 20%|█▉        | 57/287 [00:24<01:34,  2.43it/s] 20%|██        | 58/287 [00:24<01:40,  2.28it/s] 21%|██        | 59/287 [00:25<01:43,  2.21it/s] 21%|██        | 60/287 [00:25<01:38,  2.31it/s] 21%|██▏       | 61/287 [00:26<01:39,  2.26it/s] 22%|██▏       | 62/287 [00:26<01:33,  2.40it/s] 22%|██▏       | 63/287 [00:26<01:32,  2.43it/s] 22%|██▏       | 64/287 [00:27<01:32,  2.42it/s] 23%|██▎       | 65/287 [00:27<01:30,  2.45it/s] 23%|██▎       | 66/287 [00:28<01:33,  2.35it/s] 23%|██▎       | 67/287 [00:28<01:31,  2.39it/s] 24%|██▎       | 68/287 [00:28<01:30,  2.42it/s] 24%|██▍       | 69/287 [00:29<01:27,  2.49it/s] 24%|██▍       | 70/287 [00:29<01:30,  2.40it/s] 25%|██▍       | 71/287 [00:30<01:30,  2.39it/s] 25%|██▌       | 72/287 [00:30<01:27,  2.46it/s] 25%|██▌       | 73/287 [00:31<01:28,  2.43it/s] 26%|██▌       | 74/287 [00:31<01:30,  2.37it/s] 26%|██▌       | 75/287 [00:31<01:27,  2.41it/s] 26%|██▋       | 76/287 [00:32<01:26,  2.43it/s] 27%|██▋       | 77/287 [00:32<01:27,  2.39it/s] 27%|██▋       | 78/287 [00:33<01:29,  2.33it/s] 28%|██▊       | 79/287 [00:33<01:33,  2.22it/s] 28%|██▊       | 80/287 [00:34<01:37,  2.12it/s] 28%|██▊       | 81/287 [00:34<01:31,  2.24it/s] 29%|██▊       | 82/287 [00:35<01:30,  2.26it/s] 29%|██▉       | 83/287 [00:35<01:28,  2.29it/s] 29%|██▉       | 84/287 [00:35<01:28,  2.29it/s] 30%|██▉       | 85/287 [00:36<01:31,  2.21it/s] 30%|██▉       | 86/287 [00:36<01:33,  2.14it/s] 30%|███       | 87/287 [00:37<01:32,  2.16it/s] 31%|███       | 88/287 [00:37<01:28,  2.25it/s] 31%|███       | 89/287 [00:38<01:27,  2.25it/s] 31%|███▏      | 90/287 [00:38<01:26,  2.29it/s] 32%|███▏      | 91/287 [00:38<01:20,  2.44it/s] 32%|███▏      | 92/287 [00:39<01:20,  2.41it/s] 32%|███▏      | 93/287 [00:39<01:19,  2.44it/s] 33%|███▎      | 94/287 [00:40<01:22,  2.35it/s] 33%|███▎      | 95/287 [00:40<01:21,  2.37it/s] 33%|███▎      | 96/287 [00:41<01:19,  2.40it/s] 34%|███▍      | 97/287 [00:41<01:18,  2.41it/s] 34%|███▍      | 98/287 [00:41<01:20,  2.36it/s] 34%|███▍      | 99/287 [00:42<01:20,  2.33it/s] 35%|███▍      | 100/287 [00:42<01:23,  2.25it/s] 35%|███▌      | 101/287 [00:43<01:19,  2.35it/s] 36%|███▌      | 102/287 [00:43<01:18,  2.34it/s] 36%|███▌      | 103/287 [00:44<01:18,  2.35it/s] 36%|███▌      | 104/287 [00:44<01:17,  2.37it/s] 37%|███▋      | 105/287 [00:44<01:15,  2.40it/s] 37%|███▋      | 106/287 [00:45<01:13,  2.47it/s] 37%|███▋      | 107/287 [00:45<01:13,  2.44it/s] 38%|███▊      | 108/287 [00:46<01:10,  2.52it/s] 38%|███▊      | 109/287 [00:46<01:09,  2.54it/s] 38%|███▊      | 110/287 [00:46<01:15,  2.33it/s] 39%|███▊      | 111/287 [00:47<01:11,  2.48it/s] 39%|███▉      | 112/287 [00:47<01:16,  2.29it/s] 39%|███▉      | 113/287 [00:48<01:14,  2.35it/s] 40%|███▉      | 114/287 [00:48<01:16,  2.26it/s] 40%|████      | 115/287 [00:49<01:16,  2.24it/s] 40%|████      | 116/287 [00:49<01:13,  2.32it/s] 41%|████      | 117/287 [00:49<01:11,  2.38it/s] 41%|████      | 118/287 [00:50<01:11,  2.35it/s] 41%|████▏     | 119/287 [00:50<01:12,  2.31it/s] 42%|████▏     | 120/287 [00:51<01:14,  2.23it/s] 42%|████▏     | 121/287 [00:51<01:13,  2.26it/s] 43%|████▎     | 122/287 [00:52<01:16,  2.16it/s] 43%|████▎     | 123/287 [00:52<01:11,  2.30it/s] 43%|████▎     | 124/287 [00:53<01:10,  2.31it/s] 44%|████▎     | 125/287 [00:53<01:08,  2.38it/s] 44%|████▍     | 126/287 [00:53<01:04,  2.49it/s] 44%|████▍     | 127/287 [00:54<01:07,  2.37it/s] 45%|████▍     | 128/287 [00:54<01:04,  2.45it/s] 45%|████▍     | 129/287 [00:55<01:08,  2.30it/s] 45%|████▌     | 130/287 [00:55<01:05,  2.41it/s] 46%|████▌     | 131/287 [00:55<01:04,  2.42it/s] 46%|████▌     | 132/287 [00:56<01:04,  2.40it/s] 46%|████▋     | 133/287 [00:56<01:01,  2.50it/s] 47%|████▋     | 134/287 [00:57<01:00,  2.51it/s] 47%|████▋     | 135/287 [00:57<01:01,  2.47it/s] 47%|████▋     | 136/287 [00:57<01:00,  2.51it/s] 48%|████▊     | 137/287 [00:58<00:58,  2.54it/s] 48%|████▊     | 138/287 [00:58<00:58,  2.53it/s] 48%|████▊     | 139/287 [00:59<00:59,  2.49it/s] 49%|████▉     | 140/287 [00:59<00:59,  2.49it/s] 49%|████▉     | 141/287 [00:59<01:00,  2.41it/s] 49%|████▉     | 142/287 [01:00<00:59,  2.43it/s] 50%|████▉     | 143/287 [01:00<00:59,  2.41it/s] 50%|█████     | 144/287 [01:01<00:59,  2.42it/s] 51%|█████     | 145/287 [01:01<00:58,  2.43it/s] 51%|█████     | 146/287 [01:01<00:56,  2.50it/s] 51%|█████     | 147/287 [01:02<00:57,  2.42it/s] 52%|█████▏    | 148/287 [01:02<00:56,  2.48it/s] 52%|█████▏    | 149/287 [01:03<00:59,  2.30it/s] 52%|█████▏    | 150/287 [01:03<01:01,  2.22it/s] 53%|█████▎    | 151/287 [01:04<00:59,  2.28it/s] 53%|█████▎    | 152/287 [01:04<00:59,  2.28it/s] 53%|█████▎    | 153/287 [01:05<00:59,  2.26it/s] 54%|█████▎    | 154/287 [01:05<00:58,  2.29it/s] 54%|█████▍    | 155/287 [01:05<00:56,  2.33it/s] 54%|█████▍    | 156/287 [01:06<00:56,  2.30it/s] 55%|█████▍    | 157/287 [01:06<00:55,  2.35it/s] 55%|█████▌    | 158/287 [01:07<00:55,  2.34it/s] 55%|█████▌    | 159/287 [01:07<00:52,  2.46it/s] 56%|█████▌    | 160/287 [01:07<00:52,  2.40it/s] 56%|█████▌    | 161/287 [01:08<00:55,  2.27it/s] 56%|█████▋    | 162/287 [01:08<00:54,  2.29it/s] 57%|█████▋    | 163/287 [01:09<00:52,  2.38it/s] 57%|█████▋    | 164/287 [01:09<00:52,  2.36it/s] 57%|█████▋    | 165/287 [01:10<00:50,  2.40it/s] 58%|█████▊    | 166/287 [01:10<00:49,  2.42it/s] 58%|█████▊    | 167/287 [01:10<00:49,  2.43it/s] 59%|█████▊    | 168/287 [01:11<00:48,  2.45it/s] 59%|█████▉    | 169/287 [01:11<00:48,  2.44it/s] 59%|█████▉    | 170/287 [01:12<00:48,  2.40it/s] 60%|█████▉    | 171/287 [01:12<00:49,  2.36it/s] 60%|█████▉    | 172/287 [01:13<00:48,  2.35it/s] 60%|██████    | 173/287 [01:13<00:49,  2.31it/s] 61%|██████    | 174/287 [01:13<00:50,  2.22it/s] 61%|██████    | 175/287 [01:14<00:47,  2.35it/s] 61%|██████▏   | 176/287 [01:14<00:47,  2.36it/s] 62%|██████▏   | 177/287 [01:15<00:47,  2.34it/s] 62%|██████▏   | 178/287 [01:15<00:45,  2.38it/s] 62%|██████▏   | 179/287 [01:15<00:44,  2.45it/s] 63%|██████▎   | 180/287 [01:16<00:45,  2.34it/s] 63%|██████▎   | 181/287 [01:17<00:49,  2.13it/s] 63%|██████▎   | 182/287 [01:17<00:47,  2.23it/s] 64%|██████▍   | 183/287 [01:17<00:45,  2.28it/s] 64%|██████▍   | 184/287 [01:18<00:44,  2.32it/s] 64%|██████▍   | 185/287 [01:18<00:44,  2.31it/s] 65%|██████▍   | 186/287 [01:19<00:42,  2.40it/s] 65%|██████▌   | 187/287 [01:19<00:41,  2.38it/s] 66%|██████▌   | 188/287 [01:20<00:44,  2.22it/s] 66%|██████▌   | 189/287 [01:20<00:42,  2.33it/s] 66%|██████▌   | 190/287 [01:20<00:42,  2.31it/s] 67%|██████▋   | 191/287 [01:21<00:40,  2.37it/s] 67%|██████▋   | 192/287 [01:21<00:40,  2.33it/s] 67%|██████▋   | 193/287 [01:22<00:42,  2.23it/s] 68%|██████▊   | 194/287 [01:22<00:43,  2.14it/s] 68%|██████▊   | 195/287 [01:23<00:41,  2.24it/s] 68%|██████▊   | 196/287 [01:23<00:39,  2.32it/s] 69%|██████▊   | 197/287 [01:23<00:38,  2.35it/s] 69%|██████▉   | 198/287 [01:24<00:38,  2.32it/s] 69%|██████▉   | 199/287 [01:24<00:38,  2.30it/s] 70%|██████▉   | 200/287 [01:25<00:38,  2.29it/s] 70%|███████   | 201/287 [01:25<00:39,  2.16it/s] 70%|███████   | 202/287 [01:26<00:37,  2.30it/s] 71%|███████   | 203/287 [01:26<00:35,  2.36it/s] 71%|███████   | 204/287 [01:26<00:35,  2.34it/s] 71%|███████▏  | 205/287 [01:27<00:35,  2.32it/s] 72%|███████▏  | 206/287 [01:27<00:33,  2.38it/s] 72%|███████▏  | 207/287 [01:28<00:33,  2.38it/s] 72%|███████▏  | 208/287 [01:28<00:32,  2.40it/s] 73%|███████▎  | 209/287 [01:28<00:31,  2.46it/s] 73%|███████▎  | 210/287 [01:29<00:31,  2.43it/s] 74%|███████▎  | 211/287 [01:29<00:31,  2.40it/s] 74%|███████▍  | 212/287 [01:30<00:30,  2.42it/s] 74%|███████▍  | 213/287 [01:30<00:30,  2.41it/s] 75%|███████▍  | 214/287 [01:31<00:32,  2.27it/s] 75%|███████▍  | 215/287 [01:31<00:32,  2.23it/s] 75%|███████▌  | 216/287 [01:32<00:31,  2.26it/s] 76%|███████▌  | 217/287 [01:32<00:30,  2.33it/s] 76%|███████▌  | 218/287 [01:32<00:28,  2.40it/s] 76%|███████▋  | 219/287 [01:33<00:28,  2.39it/s] 77%|███████▋  | 220/287 [01:33<00:30,  2.23it/s] 77%|███████▋  | 221/287 [01:34<00:30,  2.17it/s] 77%|███████▋  | 222/287 [01:34<00:30,  2.17it/s] 78%|███████▊  | 223/287 [01:35<00:28,  2.25it/s] 78%|███████▊  | 224/287 [01:35<00:26,  2.36it/s] 78%|███████▊  | 225/287 [01:35<00:25,  2.40it/s] 79%|███████▊  | 226/287 [01:36<00:25,  2.41it/s] 79%|███████▉  | 227/287 [01:36<00:26,  2.25it/s] 79%|███████▉  | 228/287 [01:37<00:26,  2.20it/s] 80%|███████▉  | 229/287 [01:37<00:25,  2.27it/s] 80%|████████  | 230/287 [01:38<00:24,  2.32it/s] 80%|████████  | 231/287 [01:38<00:24,  2.31it/s] 81%|████████  | 232/287 [01:38<00:23,  2.37it/s] 81%|████████  | 233/287 [01:39<00:24,  2.21it/s] 82%|████████▏ | 234/287 [01:39<00:23,  2.26it/s] 82%|████████▏ | 235/287 [01:40<00:22,  2.33it/s] 82%|████████▏ | 236/287 [01:40<00:21,  2.35it/s] 83%|████████▎ | 237/287 [01:41<00:21,  2.28it/s] 83%|████████▎ | 238/287 [01:41<00:21,  2.32it/s] 83%|████████▎ | 239/287 [01:41<00:20,  2.40it/s] 84%|████████▎ | 240/287 [01:42<00:20,  2.31it/s] 84%|████████▍ | 241/287 [01:42<00:21,  2.18it/s] 84%|████████▍ | 242/287 [01:43<00:20,  2.20it/s] 85%|████████▍ | 243/287 [01:43<00:19,  2.21it/s] 85%|████████▌ | 244/287 [01:44<00:18,  2.27it/s] 85%|████████▌ | 245/287 [01:44<00:19,  2.16it/s] 86%|████████▌ | 246/287 [01:45<00:19,  2.15it/s] 86%|████████▌ | 247/287 [01:45<00:17,  2.24it/s] 86%|████████▋ | 248/287 [01:46<00:17,  2.28it/s] 87%|████████▋ | 249/287 [01:46<00:16,  2.29it/s] 87%|████████▋ | 250/287 [01:46<00:15,  2.33it/s] 87%|████████▋ | 251/287 [01:47<00:16,  2.20it/s] 88%|████████▊ | 252/287 [01:47<00:15,  2.25it/s] 88%|████████▊ | 253/287 [01:48<00:14,  2.31it/s] 89%|████████▊ | 254/287 [01:48<00:14,  2.31it/s] 89%|████████▉ | 255/287 [01:49<00:13,  2.44it/s] 89%|████████▉ | 256/287 [01:49<00:13,  2.35it/s] 90%|████████▉ | 257/287 [01:50<00:13,  2.24it/s] 90%|████████▉ | 258/287 [01:50<00:12,  2.31it/s] 90%|█████████ | 259/287 [01:50<00:12,  2.19it/s] 91%|█████████ | 260/287 [01:51<00:12,  2.16it/s] 91%|█████████ | 261/287 [01:51<00:11,  2.28it/s] 91%|█████████▏| 262/287 [01:52<00:10,  2.33it/s] 92%|█████████▏| 263/287 [01:52<00:10,  2.34it/s] 92%|█████████▏| 264/287 [01:53<00:09,  2.32it/s] 92%|█████████▏| 265/287 [01:53<00:09,  2.35it/s] 93%|█████████▎| 266/287 [01:53<00:08,  2.47it/s] 93%|█████████▎| 267/287 [01:54<00:08,  2.33it/s] 93%|█████████▎| 268/287 [01:54<00:08,  2.27it/s] 94%|█████████▎| 269/287 [01:55<00:08,  2.17it/s] 94%|█████████▍| 270/287 [01:55<00:07,  2.26it/s] 94%|█████████▍| 271/287 [01:56<00:07,  2.27it/s] 95%|█████████▍| 272/287 [01:56<00:06,  2.27it/s] 95%|█████████▌| 273/287 [01:56<00:06,  2.29it/s] 95%|█████████▌| 274/287 [01:57<00:05,  2.39it/s] 96%|█████████▌| 275/287 [01:57<00:04,  2.42it/s] 96%|█████████▌| 276/287 [01:58<00:04,  2.38it/s] 97%|█████████▋| 277/287 [01:58<00:04,  2.39it/s] 97%|█████████▋| 278/287 [01:59<00:03,  2.35it/s] 97%|█████████▋| 279/287 [01:59<00:03,  2.38it/s] 98%|█████████▊| 280/287 [01:59<00:02,  2.37it/s] 98%|█████████▊| 281/287 [02:00<00:02,  2.44it/s] 98%|█████████▊| 282/287 [02:00<00:02,  2.45it/s] 99%|█████████▊| 283/287 [02:01<00:01,  2.35it/s] 99%|█████████▉| 284/287 [02:01<00:01,  2.29it/s] 99%|█████████▉| 285/287 [02:02<00:00,  2.35it/s]100%|█████████▉| 286/287 [02:02<00:00,  2.34it/s]100%|██████████| 287/287 [02:02<00:00,  2.51it/s]100%|██████████| 287/287 [02:02<00:00,  2.34it/s]
/home3/qljx17/MMOln-ssos/mmdetection/mmdet/models/dense_heads/anchor_head.py:115: UserWarning: DeprecationWarning: anchor_generator is deprecated, please use "prior_generator" instead
  warnings.warn('DeprecationWarning: anchor_generator is deprecated, '
/home3/qljx17/MMOln-ssos/mmdetection/mmdet/models/task_modules/samplers/sampling_result.py:132: UserWarning: DeprecationWarning: pos_bboxes is deprecated, please use "pos_priors" instead
  warnings.warn('DeprecationWarning: pos_bboxes is deprecated, '
loading annotations into memory...
Done (t=0.04s)
creating index...
index created!
05/05 16:00:53 - mmengine - INFO - Epoch(train)  [8][ 50/287]  base_lr: 1.0000e-04 lr: 6.9834e-05  eta: 1:32:12  time: 3.8904  data_time: 2.6267  memory: 47313  loss: 0.3988  loss_rpn_cls: 0.0000  loss_rpn_bbox: 0.0891  loss_rpn_obj: 0.0211  loss_bbox: 0.0336  loss_bbox_score: 0.0019  loss_ood: 0.0249  loss_pseudo_class: 0.2283
05/05 16:02:05 - mmengine - INFO - Epoch(train)  [8][100/287]  base_lr: 1.0000e-04 lr: 6.9834e-05  eta: 1:30:18  time: 1.4349  data_time: 0.1651  memory: 47313  loss: 0.4410  loss_rpn_cls: 0.0000  loss_rpn_bbox: 0.1009  loss_rpn_obj: 0.0202  loss_bbox: 0.0350  loss_bbox_score: 0.0019  loss_ood: 0.0249  loss_pseudo_class: 0.2580
05/05 16:03:14 - mmengine - INFO - Epoch(train)  [8][150/287]  base_lr: 1.0000e-04 lr: 6.9834e-05  eta: 1:28:22  time: 1.3832  data_time: 0.1621  memory: 47313  loss: 0.4704  loss_rpn_cls: 0.0000  loss_rpn_bbox: 0.0947  loss_rpn_obj: 0.0204  loss_bbox: 0.0326  loss_bbox_score: 0.0018  loss_ood: 0.0259  loss_pseudo_class: 0.2949
05/05 16:04:24 - mmengine - INFO - Epoch(train)  [8][200/287]  base_lr: 1.0000e-04 lr: 6.9834e-05  eta: 1:26:29  time: 1.3993  data_time: 0.1606  memory: 47312  loss: 0.4745  loss_rpn_cls: 0.0000  loss_rpn_bbox: 0.0923  loss_rpn_obj: 0.0211  loss_bbox: 0.0325  loss_bbox_score: 0.0018  loss_ood: 0.0263  loss_pseudo_class: 0.3005
05/05 16:05:34 - mmengine - INFO - Epoch(train)  [8][250/287]  base_lr: 1.0000e-04 lr: 6.9834e-05  eta: 1:24:40  time: 1.4134  data_time: 0.1631  memory: 47313  loss: 0.5285  loss_rpn_cls: 0.0000  loss_rpn_bbox: 0.0902  loss_rpn_obj: 0.0213  loss_bbox: 0.0340  loss_bbox_score: 0.0018  loss_ood: 0.0257  loss_pseudo_class: 0.3554
05/05 16:06:27 - mmengine - INFO - Exp name: oln_ssos_box_convnext-t-p4-w7_fpn_amp-ms-crop-3x_dbf6_oodsampling1_startepoch3_k10_20250505_144606
05/05 16:06:27 - mmengine - INFO - Saving checkpoint at 8 epochs
/home3/qljx17/MMOln-ssos/mmdetection/mmdet/models/dense_heads/anchor_head.py:115: UserWarning: DeprecationWarning: anchor_generator is deprecated, please use "prior_generator" instead
  warnings.warn('DeprecationWarning: anchor_generator is deprecated, '
05/05 16:06:34 - mmengine - INFO - Epoch(val)  [8][ 50/572]    eta: 0:00:41  time: 0.0799  data_time: 0.0208  memory: 47312  
05/05 16:06:38 - mmengine - INFO - Epoch(val)  [8][100/572]    eta: 0:00:38  time: 0.0822  data_time: 0.0214  memory: 1139  
05/05 16:06:42 - mmengine - INFO - Epoch(val)  [8][150/572]    eta: 0:00:34  time: 0.0797  data_time: 0.0211  memory: 1021  
05/05 16:06:46 - mmengine - INFO - Epoch(val)  [8][200/572]    eta: 0:00:29  time: 0.0797  data_time: 0.0209  memory: 1059  
05/05 16:06:50 - mmengine - INFO - Epoch(val)  [8][250/572]    eta: 0:00:25  time: 0.0800  data_time: 0.0206  memory: 1139  
05/05 16:06:54 - mmengine - INFO - Epoch(val)  [8][300/572]    eta: 0:00:21  time: 0.0805  data_time: 0.0214  memory: 1046  
05/05 16:06:58 - mmengine - INFO - Epoch(val)  [8][350/572]    eta: 0:00:17  time: 0.0779  data_time: 0.0199  memory: 1059  
05/05 16:07:02 - mmengine - INFO - Epoch(val)  [8][400/572]    eta: 0:00:13  time: 0.0749  data_time: 0.0159  memory: 1113  
05/05 16:07:05 - mmengine - INFO - Epoch(val)  [8][450/572]    eta: 0:00:09  time: 0.0746  data_time: 0.0154  memory: 1113  
05/05 16:07:09 - mmengine - INFO - Epoch(val)  [8][500/572]    eta: 0:00:05  time: 0.0804  data_time: 0.0213  memory: 1087  
05/05 16:07:13 - mmengine - INFO - Epoch(val)  [8][550/572]    eta: 0:00:01  time: 0.0798  data_time: 0.0211  memory: 1033  
05/05 16:07:28 - mmengine - INFO - Evaluating bbox...
Loading and preparing results...
DONE (t=2.33s)
creating index...
index created!
Running per image evaluation...
Evaluate annotation type *bbox*
DONE (t=23.42s).
Accumulating evaluation results...
DONE (t=31.34s).
 Average Precision  (AP) @[ IoU=0.50:0.95 | area=   all | maxDets=100 ] = 0.085
 Average Precision  (AP) @[ IoU=0.50      | area=   all | maxDets=100 ] = 0.155
 Average Precision  (AP) @[ IoU=0.75      | area=   all | maxDets=100 ] = 0.086
 Average Precision  (AP) @[ IoU=0.50:0.95 | area= small | maxDets=100 ] = 0.011
 Average Precision  (AP) @[ IoU=0.50:0.95 | area=medium | maxDets=100 ] = 0.024
 Average Precision  (AP) @[ IoU=0.50:0.95 | area= large | maxDets=100 ] = 0.356
 Average Recall     (AR) @[ IoU=0.50:0.95 | area=   all | maxDets= 10 ] = 0.385
 Average Recall     (AR) @[ IoU=0.50:0.95 | area=   all | maxDets= 20 ] = 0.422
 Average Recall     (AR) @[ IoU=0.50:0.95 | area=   all | maxDets= 30 ] = 0.441
 Average Recall     (AR) @[ IoU=0.50:0.95 | area=   all | maxDets= 50 ] = 0.461
 Average Recall     (AR) @[ IoU=0.50:0.95 | area=   all | maxDets=100 ] = 0.484
 Average Recall     (AR) @[ IoU=0.50:0.95 | area=   all | maxDets=300 ] = 0.513
 Average Recall     (AR) @[ IoU=0.50:0.95 | area=   all | maxDets=500 ] = 0.519
 Average Recall     (AR) @[ IoU=0.50:0.95 | area=   all | maxDets=1000 ] = 0.524
 Average Recall     (AR) @[ IoU=0.50:0.95 | area=   all | maxDets=1500 ] = 0.524
05/05 16:08:30 - mmengine - INFO - Optimal score threshold: 0.558030366897583
05/05 16:08:30 - mmengine - INFO - Non OS Detected Anomaly Score Threshold: 0.8176231980323792
05/05 16:08:31 - mmengine - INFO - Non OS All Anomaly Score Threshold: 0.7975093126296997
05/05 16:08:31 - mmengine - INFO - Detected Anomaly Score Threshold: 0.8216909170150757
05/05 16:08:31 - mmengine - INFO - All Anomaly Score Threshold: 0.7887176275253296
05/05 16:08:31 - mmengine - INFO - bbox_mAP_copypaste: 0.085 0.155 0.086 0.011 0.024 0.356
05/05 16:08:31 - mmengine - INFO - Epoch(val) [8][572/572]    dbf6/bbox_mAP: 0.0850  dbf6/bbox_mAP_50: 0.1550  dbf6/bbox_mAP_75: 0.0860  dbf6/bbox_mAP_s: 0.0110  dbf6/bbox_mAP_m: 0.0240  dbf6/bbox_mAP_l: 0.3560  data_time: 0.0199  time: 0.0789
  0%|          | 0/287 [00:00<?, ?it/s]  0%|          | 1/287 [00:00<02:27,  1.94it/s]  1%|          | 2/287 [00:00<02:12,  2.15it/s]  1%|          | 3/287 [00:01<02:11,  2.17it/s]  1%|▏         | 4/287 [00:01<02:08,  2.20it/s]  2%|▏         | 5/287 [00:02<02:04,  2.26it/s]  2%|▏         | 6/287 [00:02<02:00,  2.34it/s]  2%|▏         | 7/287 [00:03<02:00,  2.32it/s]  3%|▎         | 8/287 [00:03<01:51,  2.50it/s]  3%|▎         | 9/287 [00:03<01:56,  2.39it/s]  3%|▎         | 10/287 [00:04<01:54,  2.42it/s]  4%|▍         | 11/287 [00:04<01:57,  2.35it/s]  4%|▍         | 12/287 [00:05<01:59,  2.30it/s]  5%|▍         | 13/287 [00:05<01:52,  2.43it/s]  5%|▍         | 14/287 [00:05<01:50,  2.48it/s]  5%|▌         | 15/287 [00:06<01:56,  2.33it/s]  6%|▌         | 16/287 [00:06<01:50,  2.44it/s]  6%|▌         | 17/287 [00:07<01:49,  2.46it/s]  6%|▋         | 18/287 [00:07<01:52,  2.39it/s]  7%|▋         | 19/287 [00:08<01:48,  2.48it/s]  7%|▋         | 20/287 [00:08<01:47,  2.49it/s]  7%|▋         | 21/287 [00:08<01:52,  2.37it/s]  8%|▊         | 22/287 [00:09<01:50,  2.39it/s]  8%|▊         | 23/287 [00:09<01:50,  2.39it/s]  8%|▊         | 24/287 [00:10<01:44,  2.51it/s]  9%|▊         | 25/287 [00:10<01:44,  2.50it/s]  9%|▉         | 26/287 [00:10<01:45,  2.48it/s]  9%|▉         | 27/287 [00:11<01:42,  2.54it/s] 10%|▉         | 28/287 [00:11<01:45,  2.45it/s] 10%|█         | 29/287 [00:12<01:46,  2.41it/s] 10%|█         | 30/287 [00:12<01:43,  2.48it/s] 11%|█         | 31/287 [00:12<01:41,  2.52it/s] 11%|█         | 32/287 [00:13<01:45,  2.42it/s] 11%|█▏        | 33/287 [00:13<01:43,  2.45it/s] 12%|█▏        | 34/287 [00:14<01:41,  2.48it/s] 12%|█▏        | 35/287 [00:14<01:49,  2.31it/s] 13%|█▎        | 36/287 [00:15<01:46,  2.36it/s] 13%|█▎        | 37/287 [00:15<01:44,  2.40it/s] 13%|█▎        | 38/287 [00:15<01:49,  2.27it/s] 14%|█▎        | 39/287 [00:16<01:46,  2.33it/s] 14%|█▍        | 40/287 [00:16<01:51,  2.22it/s] 14%|█▍        | 41/287 [00:17<01:48,  2.27it/s] 15%|█▍        | 42/287 [00:17<01:43,  2.36it/s] 15%|█▍        | 43/287 [00:18<01:41,  2.40it/s] 15%|█▌        | 44/287 [00:18<01:44,  2.31it/s] 16%|█▌        | 45/287 [00:18<01:41,  2.39it/s] 16%|█▌        | 46/287 [00:19<01:41,  2.38it/s] 16%|█▋        | 47/287 [00:19<01:39,  2.42it/s] 17%|█▋        | 48/287 [00:20<01:39,  2.40it/s] 17%|█▋        | 49/287 [00:20<01:37,  2.44it/s] 17%|█▋        | 50/287 [00:20<01:37,  2.43it/s] 18%|█▊        | 51/287 [00:21<01:38,  2.40it/s] 18%|█▊        | 52/287 [00:21<01:38,  2.39it/s] 18%|█▊        | 53/287 [00:22<01:35,  2.44it/s] 19%|█▉        | 54/287 [00:22<01:37,  2.38it/s] 19%|█▉        | 55/287 [00:23<01:37,  2.38it/s] 20%|█▉        | 56/287 [00:23<01:36,  2.39it/s] 20%|█▉        | 57/287 [00:23<01:36,  2.39it/s] 20%|██        | 58/287 [00:24<01:36,  2.37it/s] 21%|██        | 59/287 [00:24<01:37,  2.33it/s] 21%|██        | 60/287 [00:25<01:33,  2.42it/s] 21%|██▏       | 61/287 [00:25<01:38,  2.30it/s] 22%|██▏       | 62/287 [00:26<01:38,  2.28it/s] 22%|██▏       | 63/287 [00:26<01:37,  2.29it/s] 22%|██▏       | 64/287 [00:26<01:33,  2.39it/s] 23%|██▎       | 65/287 [00:27<01:36,  2.29it/s] 23%|██▎       | 66/287 [00:27<01:42,  2.16it/s] 23%|██▎       | 67/287 [00:28<01:45,  2.09it/s] 24%|██▎       | 68/287 [00:28<01:41,  2.15it/s] 24%|██▍       | 69/287 [00:29<01:37,  2.23it/s] 24%|██▍       | 70/287 [00:29<01:35,  2.28it/s] 25%|██▍       | 71/287 [00:30<01:31,  2.36it/s] 25%|██▌       | 72/287 [00:30<01:30,  2.37it/s] 25%|██▌       | 73/287 [00:30<01:35,  2.23it/s] 26%|██▌       | 74/287 [00:31<01:32,  2.30it/s] 26%|██▌       | 75/287 [00:31<01:30,  2.34it/s] 26%|██▋       | 76/287 [00:32<01:28,  2.38it/s] 27%|██▋       | 77/287 [00:32<01:25,  2.45it/s] 27%|██▋       | 78/287 [00:33<01:29,  2.34it/s] 28%|██▊       | 79/287 [00:33<01:25,  2.42it/s] 28%|██▊       | 80/287 [00:33<01:27,  2.36it/s] 28%|██▊       | 81/287 [00:34<01:25,  2.41it/s] 29%|██▊       | 82/287 [00:34<01:31,  2.25it/s] 29%|██▉       | 83/287 [00:35<01:32,  2.22it/s] 29%|██▉       | 84/287 [00:35<01:35,  2.13it/s] 30%|██▉       | 85/287 [00:36<01:29,  2.25it/s] 30%|██▉       | 86/287 [00:36<01:27,  2.30it/s] 30%|███       | 87/287 [00:36<01:27,  2.29it/s] 31%|███       | 88/287 [00:37<01:26,  2.29it/s] 31%|███       | 89/287 [00:37<01:25,  2.32it/s] 31%|███▏      | 90/287 [00:38<01:36,  2.05it/s] 32%|███▏      | 91/287 [00:38<01:32,  2.12it/s] 32%|███▏      | 92/287 [00:39<01:28,  2.20it/s] 32%|███▏      | 93/287 [00:39<01:27,  2.23it/s] 33%|███▎      | 94/287 [00:40<01:26,  2.23it/s] 33%|███▎      | 95/287 [00:40<01:25,  2.25it/s] 33%|███▎      | 96/287 [00:41<01:28,  2.17it/s] 34%|███▍      | 97/287 [00:41<01:23,  2.27it/s] 34%|███▍      | 98/287 [00:41<01:22,  2.29it/s] 34%|███▍      | 99/287 [00:42<01:24,  2.23it/s] 35%|███▍      | 100/287 [00:42<01:19,  2.37it/s] 35%|███▌      | 101/287 [00:43<01:18,  2.35it/s] 36%|███▌      | 102/287 [00:43<01:18,  2.35it/s] 36%|███▌      | 103/287 [00:44<01:15,  2.42it/s] 36%|███▌      | 104/287 [00:44<01:15,  2.41it/s] 37%|███▋      | 105/287 [00:44<01:15,  2.42it/s] 37%|███▋      | 106/287 [00:45<01:13,  2.46it/s] 37%|███▋      | 107/287 [00:45<01:13,  2.44it/s] 38%|███▊      | 108/287 [00:46<01:18,  2.27it/s] 38%|███▊      | 109/287 [00:46<01:14,  2.39it/s] 38%|███▊      | 110/287 [00:46<01:14,  2.39it/s] 39%|███▊      | 111/287 [00:47<01:19,  2.21it/s] 39%|███▉      | 112/287 [00:47<01:17,  2.26it/s] 39%|███▉      | 113/287 [00:48<01:15,  2.31it/s] 40%|███▉      | 114/287 [00:48<01:13,  2.35it/s] 40%|████      | 115/287 [00:49<01:12,  2.38it/s] 40%|████      | 116/287 [00:49<01:09,  2.45it/s] 41%|████      | 117/287 [00:49<01:09,  2.43it/s] 41%|████      | 118/287 [00:50<01:11,  2.36it/s] 41%|████▏     | 119/287 [00:50<01:10,  2.37it/s] 42%|████▏     | 120/287 [00:51<01:10,  2.36it/s] 42%|████▏     | 121/287 [00:51<01:10,  2.36it/s] 43%|████▎     | 122/287 [00:52<01:14,  2.21it/s] 43%|████▎     | 123/287 [00:52<01:11,  2.28it/s] 43%|████▎     | 124/287 [00:52<01:10,  2.32it/s] 44%|████▎     | 125/287 [00:53<01:09,  2.32it/s] 44%|████▍     | 126/287 [00:53<01:07,  2.38it/s] 44%|████▍     | 127/287 [00:54<01:08,  2.35it/s] 45%|████▍     | 128/287 [00:54<01:05,  2.43it/s] 45%|████▍     | 129/287 [00:55<01:04,  2.43it/s] 45%|████▌     | 130/287 [00:55<01:08,  2.28it/s] 46%|████▌     | 131/287 [00:56<01:11,  2.17it/s] 46%|████▌     | 132/287 [00:56<01:10,  2.20it/s] 46%|████▋     | 133/287 [00:56<01:07,  2.29it/s] 47%|████▋     | 134/287 [00:57<01:07,  2.26it/s] 47%|████▋     | 135/287 [00:57<01:05,  2.31it/s] 47%|████▋     | 136/287 [00:58<01:04,  2.35it/s] 48%|████▊     | 137/287 [00:58<01:02,  2.41it/s] 48%|████▊     | 138/287 [00:58<01:02,  2.38it/s] 48%|████▊     | 139/287 [00:59<01:05,  2.27it/s] 49%|████▉     | 140/287 [00:59<01:08,  2.16it/s] 49%|████▉     | 141/287 [01:00<01:07,  2.16it/s] 49%|████▉     | 142/287 [01:00<01:05,  2.20it/s] 50%|████▉     | 143/287 [01:01<01:03,  2.26it/s] 50%|█████     | 144/287 [01:01<01:04,  2.22it/s] 51%|█████     | 145/287 [01:02<01:04,  2.21it/s] 51%|█████     | 146/287 [01:02<01:02,  2.27it/s] 51%|█████     | 147/287 [01:03<01:00,  2.33it/s] 52%|█████▏    | 148/287 [01:03<01:02,  2.21it/s] 52%|█████▏    | 149/287 [01:03<01:00,  2.27it/s] 52%|█████▏    | 150/287 [01:04<00:59,  2.31it/s] 53%|█████▎    | 151/287 [01:04<00:57,  2.38it/s] 53%|█████▎    | 152/287 [01:05<00:55,  2.43it/s] 53%|█████▎    | 153/287 [01:05<00:55,  2.42it/s] 54%|█████▎    | 154/287 [01:05<00:54,  2.42it/s] 54%|█████▍    | 155/287 [01:06<00:54,  2.43it/s] 54%|█████▍    | 156/287 [01:06<00:53,  2.44it/s] 55%|█████▍    | 157/287 [01:07<00:54,  2.39it/s] 55%|█████▌    | 158/287 [01:07<00:51,  2.49it/s] 55%|█████▌    | 159/287 [01:08<00:53,  2.39it/s] 56%|█████▌    | 160/287 [01:08<00:55,  2.29it/s] 56%|█████▌    | 161/287 [01:08<00:53,  2.34it/s] 56%|█████▋    | 162/287 [01:09<00:56,  2.22it/s] 57%|█████▋    | 163/287 [01:09<00:55,  2.22it/s] 57%|█████▋    | 164/287 [01:10<00:53,  2.31it/s] 57%|█████▋    | 165/287 [01:10<00:52,  2.32it/s] 58%|█████▊    | 166/287 [01:11<00:52,  2.29it/s] 58%|█████▊    | 167/287 [01:11<00:53,  2.24it/s] 59%|█████▊    | 168/287 [01:12<00:55,  2.16it/s] 59%|█████▉    | 169/287 [01:12<00:52,  2.24it/s] 59%|█████▉    | 170/287 [01:12<00:51,  2.27it/s] 60%|█████▉    | 171/287 [01:13<00:48,  2.38it/s] 60%|█████▉    | 172/287 [01:13<00:48,  2.35it/s] 60%|██████    | 173/287 [01:14<00:46,  2.45it/s] 61%|██████    | 174/287 [01:14<00:46,  2.45it/s] 61%|██████    | 175/287 [01:14<00:46,  2.41it/s] 61%|██████▏   | 176/287 [01:15<00:45,  2.42it/s] 62%|██████▏   | 177/287 [01:15<00:45,  2.40it/s] 62%|██████▏   | 178/287 [01:16<00:46,  2.36it/s] 62%|██████▏   | 179/287 [01:16<00:47,  2.28it/s] 63%|██████▎   | 180/287 [01:17<00:45,  2.37it/s] 63%|██████▎   | 181/287 [01:17<00:44,  2.37it/s] 63%|██████▎   | 182/287 [01:17<00:43,  2.39it/s] 64%|██████▍   | 183/287 [01:18<00:43,  2.37it/s] 64%|██████▍   | 184/287 [01:18<00:42,  2.43it/s] 64%|██████▍   | 185/287 [01:19<00:42,  2.41it/s] 65%|██████▍   | 186/287 [01:19<00:41,  2.43it/s] 65%|██████▌   | 187/287 [01:19<00:40,  2.49it/s] 66%|██████▌   | 188/287 [01:20<00:39,  2.48it/s] 66%|██████▌   | 189/287 [01:20<00:41,  2.39it/s] 66%|██████▌   | 190/287 [01:21<00:40,  2.40it/s] 67%|██████▋   | 191/287 [01:21<00:41,  2.30it/s] 67%|██████▋   | 192/287 [01:22<00:41,  2.31it/s] 67%|██████▋   | 193/287 [01:22<00:38,  2.44it/s] 68%|██████▊   | 194/287 [01:22<00:39,  2.33it/s] 68%|██████▊   | 195/287 [01:23<00:40,  2.29it/s] 68%|██████▊   | 196/287 [01:23<00:37,  2.39it/s] 69%|██████▊   | 197/287 [01:24<00:37,  2.42it/s] 69%|██████▉   | 198/287 [01:24<00:36,  2.45it/s] 69%|██████▉   | 199/287 [01:25<00:36,  2.39it/s] 70%|██████▉   | 200/287 [01:25<00:36,  2.37it/s] 70%|███████   | 201/287 [01:25<00:36,  2.36it/s] 70%|███████   | 202/287 [01:26<00:36,  2.33it/s] 71%|███████   | 203/287 [01:26<00:38,  2.19it/s] 71%|███████   | 204/287 [01:27<00:36,  2.30it/s] 71%|███████▏  | 205/287 [01:27<00:37,  2.17it/s] 72%|███████▏  | 206/287 [01:28<00:35,  2.25it/s] 72%|███████▏  | 207/287 [01:28<00:34,  2.32it/s] 72%|███████▏  | 208/287 [01:29<00:33,  2.33it/s] 73%|███████▎  | 209/287 [01:29<00:33,  2.31it/s] 73%|███████▎  | 210/287 [01:29<00:32,  2.34it/s] 74%|███████▎  | 211/287 [01:30<00:32,  2.32it/s] 74%|███████▍  | 212/287 [01:30<00:34,  2.19it/s] 74%|███████▍  | 213/287 [01:31<00:31,  2.32it/s] 75%|███████▍  | 214/287 [01:31<00:31,  2.33it/s] 75%|███████▍  | 215/287 [01:32<00:32,  2.19it/s] 75%|███████▌  | 216/287 [01:32<00:33,  2.12it/s] 76%|███████▌  | 217/287 [01:33<00:31,  2.20it/s] 76%|███████▌  | 218/287 [01:33<00:30,  2.29it/s] 76%|███████▋  | 219/287 [01:33<00:28,  2.38it/s] 77%|███████▋  | 220/287 [01:34<00:27,  2.46it/s] 77%|███████▋  | 221/287 [01:34<00:27,  2.41it/s] 77%|███████▋  | 222/287 [01:35<00:26,  2.42it/s] 78%|███████▊  | 223/287 [01:35<00:27,  2.34it/s] 78%|███████▊  | 224/287 [01:35<00:26,  2.40it/s] 78%|███████▊  | 225/287 [01:36<00:26,  2.30it/s] 79%|███████▊  | 226/287 [01:36<00:26,  2.34it/s] 79%|███████▉  | 227/287 [01:37<00:25,  2.38it/s] 79%|███████▉  | 228/287 [01:37<00:23,  2.47it/s] 80%|███████▉  | 229/287 [01:38<00:25,  2.28it/s] 80%|████████  | 230/287 [01:38<00:24,  2.35it/s] 80%|████████  | 231/287 [01:38<00:23,  2.37it/s] 81%|████████  | 232/287 [01:39<00:22,  2.44it/s] 81%|████████  | 233/287 [01:39<00:22,  2.44it/s] 82%|████████▏ | 234/287 [01:40<00:21,  2.42it/s] 82%|████████▏ | 235/287 [01:40<00:22,  2.30it/s] 82%|████████▏ | 236/287 [01:41<00:22,  2.25it/s] 83%|████████▎ | 237/287 [01:41<00:21,  2.35it/s] 83%|████████▎ | 238/287 [01:41<00:21,  2.24it/s] 83%|████████▎ | 239/287 [01:42<00:20,  2.38it/s] 84%|████████▎ | 240/287 [01:42<00:19,  2.42it/s] 84%|████████▍ | 241/287 [01:43<00:19,  2.40it/s] 84%|████████▍ | 242/287 [01:43<00:18,  2.41it/s] 85%|████████▍ | 243/287 [01:44<00:19,  2.25it/s] 85%|████████▌ | 244/287 [01:44<00:17,  2.41it/s] 85%|████████▌ | 245/287 [01:44<00:17,  2.40it/s] 86%|████████▌ | 246/287 [01:45<00:17,  2.40it/s] 86%|████████▌ | 247/287 [01:45<00:17,  2.25it/s] 86%|████████▋ | 248/287 [01:46<00:17,  2.18it/s] 87%|████████▋ | 249/287 [01:46<00:17,  2.22it/s] 87%|████████▋ | 250/287 [01:47<00:15,  2.37it/s] 87%|████████▋ | 251/287 [01:47<00:14,  2.40it/s] 88%|████████▊ | 252/287 [01:47<00:14,  2.46it/s] 88%|████████▊ | 253/287 [01:48<00:13,  2.47it/s] 89%|████████▊ | 254/287 [01:48<00:14,  2.28it/s] 89%|████████▉ | 255/287 [01:49<00:13,  2.29it/s] 89%|████████▉ | 256/287 [01:49<00:13,  2.33it/s] 90%|████████▉ | 257/287 [01:49<00:12,  2.36it/s] 90%|████████▉ | 258/287 [01:50<00:12,  2.40it/s] 90%|█████████ | 259/287 [01:50<00:11,  2.48it/s] 91%|█████████ | 260/287 [01:51<00:11,  2.45it/s] 91%|█████████ | 261/287 [01:51<00:11,  2.27it/s] 91%|█████████▏| 262/287 [01:52<00:10,  2.29it/s] 92%|█████████▏| 263/287 [01:52<00:10,  2.20it/s] 92%|█████████▏| 264/287 [01:52<00:09,  2.32it/s] 92%|█████████▏| 265/287 [01:53<00:09,  2.38it/s] 93%|█████████▎| 266/287 [01:53<00:08,  2.38it/s] 93%|█████████▎| 267/287 [01:54<00:08,  2.35it/s] 93%|█████████▎| 268/287 [01:54<00:08,  2.35it/s] 94%|█████████▎| 269/287 [01:55<00:07,  2.33it/s] 94%|█████████▍| 270/287 [01:55<00:07,  2.32it/s] 94%|█████████▍| 271/287 [01:55<00:06,  2.33it/s] 95%|█████████▍| 272/287 [01:56<00:06,  2.36it/s] 95%|█████████▌| 273/287 [01:56<00:05,  2.35it/s] 95%|█████████▌| 274/287 [01:57<00:05,  2.25it/s] 96%|█████████▌| 275/287 [01:57<00:05,  2.26it/s] 96%|█████████▌| 276/287 [01:58<00:04,  2.30it/s] 97%|█████████▋| 277/287 [01:58<00:04,  2.19it/s] 97%|█████████▋| 278/287 [01:59<00:04,  2.19it/s] 97%|█████████▋| 279/287 [01:59<00:03,  2.15it/s] 98%|█████████▊| 280/287 [01:59<00:03,  2.28it/s] 98%|█████████▊| 281/287 [02:00<00:02,  2.13it/s] 98%|█████████▊| 282/287 [02:00<00:02,  2.19it/s] 99%|█████████▊| 283/287 [02:01<00:01,  2.27it/s] 99%|█████████▉| 284/287 [02:01<00:01,  2.21it/s] 99%|█████████▉| 285/287 [02:02<00:00,  2.29it/s]100%|█████████▉| 286/287 [02:02<00:00,  2.40it/s]100%|██████████| 287/287 [02:02<00:00,  2.50it/s]100%|██████████| 287/287 [02:02<00:00,  2.33it/s]
/home3/qljx17/MMOln-ssos/mmdetection/mmdet/models/dense_heads/anchor_head.py:115: UserWarning: DeprecationWarning: anchor_generator is deprecated, please use "prior_generator" instead
  warnings.warn('DeprecationWarning: anchor_generator is deprecated, '
/home3/qljx17/MMOln-ssos/mmdetection/mmdet/models/task_modules/samplers/sampling_result.py:132: UserWarning: DeprecationWarning: pos_bboxes is deprecated, please use "pos_priors" instead
  warnings.warn('DeprecationWarning: pos_bboxes is deprecated, '
loading annotations into memory...
Done (t=0.04s)
creating index...
index created!
05/05 16:11:45 - mmengine - INFO - Epoch(train)  [9][ 50/287]  base_lr: 1.0000e-04 lr: 6.9834e-05  eta: 1:24:00  time: 3.8630  data_time: 2.6295  memory: 47312  loss: 0.4520  loss_rpn_cls: 0.0000  loss_rpn_bbox: 0.0932  loss_rpn_obj: 0.0212  loss_bbox: 0.0341  loss_bbox_score: 0.0019  loss_ood: 0.0244  loss_pseudo_class: 0.2773
05/05 16:12:56 - mmengine - INFO - Epoch(train)  [9][100/287]  base_lr: 1.0000e-04 lr: 6.9834e-05  eta: 1:22:09  time: 1.4243  data_time: 0.1639  memory: 47313  loss: 0.4685  loss_rpn_cls: 0.0000  loss_rpn_bbox: 0.0921  loss_rpn_obj: 0.0196  loss_bbox: 0.0314  loss_bbox_score: 0.0017  loss_ood: 0.0254  loss_pseudo_class: 0.2983
05/05 16:14:06 - mmengine - INFO - Epoch(train)  [9][150/287]  base_lr: 1.0000e-04 lr: 6.9834e-05  eta: 1:20:20  time: 1.4072  data_time: 0.1677  memory: 47312  loss: 0.4703  loss_rpn_cls: 0.0000  loss_rpn_bbox: 0.0976  loss_rpn_obj: 0.0206  loss_bbox: 0.0323  loss_bbox_score: 0.0017  loss_ood: 0.0247  loss_pseudo_class: 0.2933
05/05 16:15:16 - mmengine - INFO - Epoch(train)  [9][200/287]  base_lr: 1.0000e-04 lr: 6.9834e-05  eta: 1:18:31  time: 1.3912  data_time: 0.1644  memory: 47313  loss: 0.4698  loss_rpn_cls: 0.0000  loss_rpn_bbox: 0.0906  loss_rpn_obj: 0.0217  loss_bbox: 0.0341  loss_bbox_score: 0.0018  loss_ood: 0.0243  loss_pseudo_class: 0.2972
05/05 16:16:27 - mmengine - INFO - Epoch(train)  [9][250/287]  base_lr: 1.0000e-04 lr: 6.9834e-05  eta: 1:16:45  time: 1.4220  data_time: 0.1667  memory: 47313  loss: 0.3839  loss_rpn_cls: 0.0000  loss_rpn_bbox: 0.0848  loss_rpn_obj: 0.0207  loss_bbox: 0.0340  loss_bbox_score: 0.0018  loss_ood: 0.0241  loss_pseudo_class: 0.2186
05/05 16:17:18 - mmengine - INFO - Exp name: oln_ssos_box_convnext-t-p4-w7_fpn_amp-ms-crop-3x_dbf6_oodsampling1_startepoch3_k10_20250505_144606
05/05 16:17:22 - mmengine - INFO - Epoch(val)  [9][ 50/572]    eta: 0:00:41  time: 0.0801  data_time: 0.0208  memory: 47313  
05/05 16:17:26 - mmengine - INFO - Epoch(val)  [9][100/572]    eta: 0:00:38  time: 0.0826  data_time: 0.0216  memory: 1139  
05/05 16:17:30 - mmengine - INFO - Epoch(val)  [9][150/572]    eta: 0:00:34  time: 0.0800  data_time: 0.0212  memory: 1021  
05/05 16:17:34 - mmengine - INFO - Epoch(val)  [9][200/572]    eta: 0:00:30  time: 0.0826  data_time: 0.0225  memory: 1059  
05/05 16:17:38 - mmengine - INFO - Epoch(val)  [9][250/572]    eta: 0:00:26  time: 0.0805  data_time: 0.0207  memory: 1139  
05/05 16:17:42 - mmengine - INFO - Epoch(val)  [9][300/572]    eta: 0:00:22  time: 0.0811  data_time: 0.0217  memory: 1045  
05/05 16:17:46 - mmengine - INFO - Epoch(val)  [9][350/572]    eta: 0:00:17  time: 0.0786  data_time: 0.0203  memory: 1059  
05/05 16:17:50 - mmengine - INFO - Epoch(val)  [9][400/572]    eta: 0:00:13  time: 0.0753  data_time: 0.0160  memory: 1113  
05/05 16:17:54 - mmengine - INFO - Epoch(val)  [9][450/572]    eta: 0:00:09  time: 0.0745  data_time: 0.0154  memory: 1113  
05/05 16:17:58 - mmengine - INFO - Epoch(val)  [9][500/572]    eta: 0:00:05  time: 0.0807  data_time: 0.0216  memory: 1087  
05/05 16:18:02 - mmengine - INFO - Epoch(val)  [9][550/572]    eta: 0:00:01  time: 0.0818  data_time: 0.0224  memory: 1033  
05/05 16:18:17 - mmengine - INFO - Evaluating bbox...
Loading and preparing results...
DONE (t=2.86s)
creating index...
index created!
Running per image evaluation...
Evaluate annotation type *bbox*
DONE (t=24.64s).
Accumulating evaluation results...
DONE (t=32.42s).
 Average Precision  (AP) @[ IoU=0.50:0.95 | area=   all | maxDets=100 ] = 0.190
 Average Precision  (AP) @[ IoU=0.50      | area=   all | maxDets=100 ] = 0.310
 Average Precision  (AP) @[ IoU=0.75      | area=   all | maxDets=100 ] = 0.218
 Average Precision  (AP) @[ IoU=0.50:0.95 | area= small | maxDets=100 ] = 0.004
 Average Precision  (AP) @[ IoU=0.50:0.95 | area=medium | maxDets=100 ] = 0.037
 Average Precision  (AP) @[ IoU=0.50:0.95 | area= large | maxDets=100 ] = 0.550
 Average Recall     (AR) @[ IoU=0.50:0.95 | area=   all | maxDets= 10 ] = 0.381
 Average Recall     (AR) @[ IoU=0.50:0.95 | area=   all | maxDets= 20 ] = 0.425
 Average Recall     (AR) @[ IoU=0.50:0.95 | area=   all | maxDets= 30 ] = 0.445
 Average Recall     (AR) @[ IoU=0.50:0.95 | area=   all | maxDets= 50 ] = 0.468
 Average Recall     (AR) @[ IoU=0.50:0.95 | area=   all | maxDets=100 ] = 0.496
 Average Recall     (AR) @[ IoU=0.50:0.95 | area=   all | maxDets=300 ] = 0.523
 Average Recall     (AR) @[ IoU=0.50:0.95 | area=   all | maxDets=500 ] = 0.527
 Average Recall     (AR) @[ IoU=0.50:0.95 | area=   all | maxDets=1000 ] = 0.529
 Average Recall     (AR) @[ IoU=0.50:0.95 | area=   all | maxDets=1500 ] = 0.529
05/05 16:19:22 - mmengine - INFO - Optimal score threshold: 0.5242284834384918
05/05 16:19:22 - mmengine - INFO - Non OS Detected Anomaly Score Threshold: 0.8315965533256531
05/05 16:19:22 - mmengine - INFO - Non OS All Anomaly Score Threshold: 0.7975633144378662
05/05 16:19:22 - mmengine - INFO - Detected Anomaly Score Threshold: 0.8317148089408875
05/05 16:19:22 - mmengine - INFO - All Anomaly Score Threshold: 0.7926416397094727
05/05 16:19:22 - mmengine - INFO - bbox_mAP_copypaste: 0.190 0.310 0.218 0.004 0.037 0.550
05/05 16:19:23 - mmengine - INFO - Epoch(val) [9][572/572]    dbf6/bbox_mAP: 0.1900  dbf6/bbox_mAP_50: 0.3100  dbf6/bbox_mAP_75: 0.2180  dbf6/bbox_mAP_s: 0.0040  dbf6/bbox_mAP_m: 0.0370  dbf6/bbox_mAP_l: 0.5500  data_time: 0.0203  time: 0.0797
  0%|          | 0/287 [00:00<?, ?it/s]  0%|          | 1/287 [00:00<01:57,  2.44it/s]  1%|          | 2/287 [00:00<02:03,  2.31it/s]  1%|          | 3/287 [00:01<02:02,  2.33it/s]  1%|▏         | 4/287 [00:01<02:14,  2.10it/s]  2%|▏         | 5/287 [00:02<02:18,  2.03it/s]  2%|▏         | 6/287 [00:02<02:07,  2.20it/s]  2%|▏         | 7/287 [00:03<02:04,  2.26it/s]  3%|▎         | 8/287 [00:03<02:03,  2.25it/s]  3%|▎         | 9/287 [00:04<01:59,  2.32it/s]  3%|▎         | 10/287 [00:04<02:02,  2.26it/s]  4%|▍         | 11/287 [00:04<02:05,  2.21it/s]  4%|▍         | 12/287 [00:05<02:01,  2.26it/s]  5%|▍         | 13/287 [00:05<01:58,  2.32it/s]  5%|▍         | 14/287 [00:06<01:59,  2.29it/s]  5%|▌         | 15/287 [00:06<01:58,  2.29it/s]  6%|▌         | 16/287 [00:07<01:58,  2.29it/s]  6%|▌         | 17/287 [00:07<02:02,  2.20it/s]  6%|▋         | 18/287 [00:07<01:58,  2.28it/s]  7%|▋         | 19/287 [00:08<01:56,  2.31it/s]  7%|▋         | 20/287 [00:08<01:55,  2.32it/s]  7%|▋         | 21/287 [00:09<01:55,  2.30it/s]  8%|▊         | 22/287 [00:09<01:57,  2.25it/s]  8%|▊         | 23/287 [00:10<01:57,  2.25it/s]  8%|▊         | 24/287 [00:10<02:00,  2.18it/s]  9%|▊         | 25/287 [00:11<01:54,  2.29it/s]  9%|▉         | 26/287 [00:11<01:48,  2.40it/s]  9%|▉         | 27/287 [00:11<01:49,  2.38it/s] 10%|▉         | 28/287 [00:12<01:48,  2.38it/s] 10%|█         | 29/287 [00:12<01:46,  2.42it/s] 10%|█         | 30/287 [00:13<01:52,  2.28it/s] 11%|█         | 31/287 [00:13<01:53,  2.26it/s] 11%|█         | 32/287 [00:14<01:54,  2.22it/s] 11%|█▏        | 33/287 [00:14<01:50,  2.30it/s] 12%|█▏        | 34/287 [00:14<01:50,  2.29it/s] 12%|█▏        | 35/287 [00:15<01:54,  2.21it/s] 13%|█▎        | 36/287 [00:15<01:48,  2.32it/s] 13%|█▎        | 37/287 [00:16<01:45,  2.37it/s] 13%|█▎        | 38/287 [00:16<01:52,  2.22it/s] 14%|█▎        | 39/287 [00:17<01:49,  2.26it/s] 14%|█▍        | 40/287 [00:17<01:45,  2.35it/s] 14%|█▍        | 41/287 [00:18<01:51,  2.22it/s] 15%|█▍        | 42/287 [00:18<01:50,  2.22it/s] 15%|█▍        | 43/287 [00:18<01:45,  2.32it/s] 15%|█▌        | 44/287 [00:19<01:50,  2.20it/s] 16%|█▌        | 45/287 [00:19<01:48,  2.22it/s] 16%|█▌        | 46/287 [00:20<01:44,  2.31it/s] 16%|█▋        | 47/287 [00:20<01:42,  2.34it/s] 17%|█▋        | 48/287 [00:21<01:40,  2.38it/s] 17%|█▋        | 49/287 [00:21<01:37,  2.44it/s] 17%|█▋        | 50/287 [00:21<01:36,  2.47it/s] 18%|█▊        | 51/287 [00:22<01:40,  2.36it/s] 18%|█▊        | 52/287 [00:22<01:35,  2.46it/s] 18%|█▊        | 53/287 [00:23<01:33,  2.49it/s] 19%|█▉        | 54/287 [00:23<01:33,  2.50it/s] 19%|█▉        | 55/287 [00:23<01:39,  2.34it/s] 20%|█▉        | 56/287 [00:24<01:40,  2.30it/s] 20%|█▉        | 57/287 [00:24<01:42,  2.25it/s] 20%|██        | 58/287 [00:25<01:37,  2.35it/s] 21%|██        | 59/287 [00:25<01:34,  2.40it/s] 21%|██        | 60/287 [00:26<01:36,  2.35it/s] 21%|██▏       | 61/287 [00:26<01:34,  2.40it/s] 22%|██▏       | 62/287 [00:26<01:37,  2.32it/s] 22%|██▏       | 63/287 [00:27<01:31,  2.43it/s] 22%|██▏       | 64/287 [00:27<01:31,  2.44it/s] 23%|██▎       | 65/287 [00:28<01:32,  2.39it/s] 23%|██▎       | 66/287 [00:28<01:31,  2.43it/s] 23%|██▎       | 67/287 [00:28<01:31,  2.41it/s] 24%|██▎       | 68/287 [00:29<01:30,  2.43it/s] 24%|██▍       | 69/287 [00:29<01:27,  2.50it/s] 24%|██▍       | 70/287 [00:30<01:27,  2.47it/s] 25%|██▍       | 71/287 [00:30<01:27,  2.46it/s] 25%|██▌       | 72/287 [00:31<01:31,  2.35it/s] 25%|██▌       | 73/287 [00:31<01:30,  2.35it/s] 26%|██▌       | 74/287 [00:31<01:30,  2.35it/s] 26%|██▌       | 75/287 [00:32<01:33,  2.28it/s] 26%|██▋       | 76/287 [00:32<01:27,  2.40it/s] 27%|██▋       | 77/287 [00:33<01:29,  2.36it/s] 27%|██▋       | 78/287 [00:33<01:29,  2.33it/s] 28%|██▊       | 79/287 [00:34<01:28,  2.34it/s] 28%|██▊       | 80/287 [00:34<01:28,  2.34it/s] 28%|██▊       | 81/287 [00:34<01:24,  2.43it/s] 29%|██▊       | 82/287 [00:35<01:26,  2.37it/s] 29%|██▉       | 83/287 [00:35<01:24,  2.41it/s] 29%|██▉       | 84/287 [00:36<01:23,  2.42it/s] 30%|██▉       | 85/287 [00:36<01:24,  2.40it/s] 30%|██▉       | 86/287 [00:36<01:23,  2.40it/s] 30%|███       | 87/287 [00:37<01:25,  2.33it/s] 31%|███       | 88/287 [00:37<01:23,  2.39it/s] 31%|███       | 89/287 [00:38<01:22,  2.41it/s] 31%|███▏      | 90/287 [00:38<01:21,  2.43it/s] 32%|███▏      | 91/287 [00:39<01:24,  2.32it/s] 32%|███▏      | 92/287 [00:39<01:25,  2.29it/s] 32%|███▏      | 93/287 [00:39<01:22,  2.35it/s] 33%|███▎      | 94/287 [00:40<01:20,  2.39it/s] 33%|███▎      | 95/287 [00:40<01:17,  2.48it/s] 33%|███▎      | 96/287 [00:41<01:17,  2.47it/s] 34%|███▍      | 97/287 [00:41<01:17,  2.45it/s] 34%|███▍      | 98/287 [00:41<01:17,  2.45it/s] 34%|███▍      | 99/287 [00:42<01:22,  2.29it/s] 35%|███▍      | 100/287 [00:42<01:17,  2.42it/s] 35%|███▌      | 101/287 [00:43<01:15,  2.48it/s] 36%|███▌      | 102/287 [00:43<01:16,  2.43it/s] 36%|███▌      | 103/287 [00:44<01:15,  2.43it/s] 36%|███▌      | 104/287 [00:44<01:16,  2.40it/s] 37%|███▋      | 105/287 [00:44<01:18,  2.32it/s] 37%|███▋      | 106/287 [00:45<01:18,  2.31it/s] 37%|███▋      | 107/287 [00:45<01:14,  2.43it/s] 38%|███▊      | 108/287 [00:46<01:14,  2.39it/s] 38%|███▊      | 109/287 [00:46<01:19,  2.25it/s] 38%|███▊      | 110/287 [00:47<01:19,  2.21it/s] 39%|███▊      | 111/287 [00:47<01:19,  2.22it/s] 39%|███▉      | 112/287 [00:47<01:16,  2.28it/s] 39%|███▉      | 113/287 [00:48<01:14,  2.32it/s] 40%|███▉      | 114/287 [00:48<01:11,  2.41it/s] 40%|████      | 115/287 [00:49<01:10,  2.45it/s] 40%|████      | 116/287 [00:49<01:09,  2.45it/s] 41%|████      | 117/287 [00:49<01:09,  2.45it/s] 41%|████      | 118/287 [00:50<01:09,  2.42it/s] 41%|████▏     | 119/287 [00:50<01:08,  2.45it/s] 42%|████▏     | 120/287 [00:51<01:07,  2.46it/s] 42%|████▏     | 121/287 [00:51<01:06,  2.50it/s] 43%|████▎     | 122/287 [00:52<01:08,  2.40it/s] 43%|████▎     | 123/287 [00:52<01:13,  2.24it/s] 43%|████▎     | 124/287 [00:52<01:09,  2.33it/s] 44%|████▎     | 125/287 [00:53<01:08,  2.37it/s] 44%|████▍     | 126/287 [00:53<01:06,  2.43it/s] 44%|████▍     | 127/287 [00:54<01:10,  2.26it/s] 45%|████▍     | 128/287 [00:54<01:09,  2.27it/s] 45%|████▍     | 129/287 [00:55<01:08,  2.30it/s] 45%|████▌     | 130/287 [00:55<01:05,  2.39it/s] 46%|████▌     | 131/287 [00:55<01:06,  2.35it/s] 46%|████▌     | 132/287 [00:56<01:07,  2.29it/s] 46%|████▋     | 133/287 [00:56<01:06,  2.30it/s] 47%|████▋     | 134/287 [00:57<01:10,  2.17it/s] 47%|████▋     | 135/287 [00:57<01:06,  2.30it/s] 47%|████▋     | 136/287 [00:58<01:10,  2.14it/s] 48%|████▊     | 137/287 [00:58<01:08,  2.19it/s] 48%|████▊     | 138/287 [00:59<01:06,  2.26it/s] 48%|████▊     | 139/287 [00:59<01:05,  2.27it/s] 49%|████▉     | 140/287 [00:59<01:00,  2.43it/s] 49%|████▉     | 141/287 [01:00<01:02,  2.34it/s] 49%|████▉     | 142/287 [01:00<01:04,  2.25it/s] 50%|████▉     | 143/287 [01:01<01:02,  2.32it/s] 50%|█████     | 144/287 [01:01<01:02,  2.31it/s] 51%|█████     | 145/287 [01:02<01:02,  2.27it/s] 51%|█████     | 146/287 [01:02<01:03,  2.20it/s] 51%|█████     | 147/287 [01:03<01:06,  2.10it/s] 52%|█████▏    | 148/287 [01:03<01:08,  2.04it/s] 52%|█████▏    | 149/287 [01:03<01:01,  2.26it/s] 52%|█████▏    | 150/287 [01:04<01:03,  2.14it/s] 53%|█████▎    | 151/287 [01:05<01:05,  2.07it/s] 53%|█████▎    | 152/287 [01:05<01:01,  2.21it/s] 53%|█████▎    | 153/287 [01:05<00:58,  2.30it/s] 54%|█████▎    | 154/287 [01:06<01:00,  2.18it/s] 54%|█████▍    | 155/287 [01:06<00:59,  2.21it/s] 54%|█████▍    | 156/287 [01:07<00:57,  2.26it/s] 55%|█████▍    | 157/287 [01:07<00:54,  2.37it/s] 55%|█████▌    | 158/287 [01:07<00:55,  2.34it/s] 55%|█████▌    | 159/287 [01:08<00:54,  2.36it/s] 56%|█████▌    | 160/287 [01:08<00:53,  2.39it/s] 56%|█████▌    | 161/287 [01:09<00:53,  2.36it/s] 56%|█████▋    | 162/287 [01:09<00:55,  2.26it/s] 57%|█████▋    | 163/287 [01:10<00:52,  2.36it/s] 57%|█████▋    | 164/287 [01:10<00:55,  2.23it/s] 57%|█████▋    | 165/287 [01:11<00:53,  2.28it/s] 58%|█████▊    | 166/287 [01:11<00:51,  2.37it/s] 58%|█████▊    | 167/287 [01:11<00:50,  2.38it/s] 59%|█████▊    | 168/287 [01:12<00:50,  2.37it/s] 59%|█████▉    | 169/287 [01:12<00:49,  2.38it/s] 59%|█████▉    | 170/287 [01:13<00:50,  2.33it/s] 60%|█████▉    | 171/287 [01:13<00:48,  2.38it/s] 60%|█████▉    | 172/287 [01:13<00:49,  2.31it/s] 60%|██████    | 173/287 [01:14<00:49,  2.30it/s] 61%|██████    | 174/287 [01:14<00:47,  2.39it/s] 61%|██████    | 175/287 [01:15<00:45,  2.48it/s] 61%|██████▏   | 176/287 [01:15<00:46,  2.40it/s] 62%|██████▏   | 177/287 [01:16<00:46,  2.37it/s] 62%|██████▏   | 178/287 [01:16<00:46,  2.35it/s] 62%|██████▏   | 179/287 [01:16<00:44,  2.41it/s] 63%|██████▎   | 180/287 [01:17<00:44,  2.42it/s] 63%|██████▎   | 181/287 [01:17<00:45,  2.35it/s] 63%|██████▎   | 182/287 [01:18<00:45,  2.33it/s] 64%|██████▍   | 183/287 [01:18<00:43,  2.37it/s] 64%|██████▍   | 184/287 [01:19<00:43,  2.36it/s] 64%|██████▍   | 185/287 [01:19<00:43,  2.37it/s] 65%|██████▍   | 186/287 [01:19<00:41,  2.44it/s] 65%|██████▌   | 187/287 [01:20<00:41,  2.42it/s] 66%|██████▌   | 188/287 [01:20<00:41,  2.39it/s] 66%|██████▌   | 189/287 [01:21<00:40,  2.39it/s] 66%|██████▌   | 190/287 [01:21<00:43,  2.24it/s] 67%|██████▋   | 191/287 [01:21<00:41,  2.30it/s] 67%|██████▋   | 192/287 [01:22<00:41,  2.31it/s] 67%|██████▋   | 193/287 [01:22<00:39,  2.39it/s] 68%|██████▊   | 194/287 [01:23<00:37,  2.49it/s] 68%|██████▊   | 195/287 [01:23<00:37,  2.44it/s] 68%|██████▊   | 196/287 [01:23<00:36,  2.46it/s] 69%|██████▊   | 197/287 [01:24<00:36,  2.49it/s] 69%|██████▉   | 198/287 [01:24<00:36,  2.41it/s] 69%|██████▉   | 199/287 [01:25<00:35,  2.45it/s] 70%|██████▉   | 200/287 [01:25<00:35,  2.47it/s] 70%|███████   | 201/287 [01:25<00:33,  2.56it/s] 70%|███████   | 202/287 [01:26<00:33,  2.54it/s] 71%|███████   | 203/287 [01:26<00:35,  2.34it/s] 71%|███████   | 204/287 [01:27<00:34,  2.42it/s] 71%|███████▏  | 205/287 [01:27<00:34,  2.39it/s] 72%|███████▏  | 206/287 [01:28<00:34,  2.35it/s] 72%|███████▏  | 207/287 [01:28<00:33,  2.37it/s] 72%|███████▏  | 208/287 [01:28<00:32,  2.44it/s] 73%|███████▎  | 209/287 [01:29<00:32,  2.38it/s] 73%|███████▎  | 210/287 [01:29<00:32,  2.39it/s] 74%|███████▎  | 211/287 [01:30<00:32,  2.35it/s] 74%|███████▍  | 212/287 [01:30<00:33,  2.26it/s] 74%|███████▍  | 213/287 [01:31<00:31,  2.34it/s] 75%|███████▍  | 214/287 [01:31<00:33,  2.20it/s] 75%|███████▍  | 215/287 [01:32<00:32,  2.23it/s] 75%|███████▌  | 216/287 [01:32<00:30,  2.33it/s] 76%|███████▌  | 217/287 [01:32<00:30,  2.28it/s] 76%|███████▌  | 218/287 [01:33<00:30,  2.28it/s] 76%|███████▋  | 219/287 [01:33<00:31,  2.19it/s] 77%|███████▋  | 220/287 [01:34<00:30,  2.21it/s] 77%|███████▋  | 221/287 [01:34<00:29,  2.28it/s] 77%|███████▋  | 222/287 [01:35<00:28,  2.28it/s] 78%|███████▊  | 223/287 [01:35<00:28,  2.21it/s] 78%|███████▊  | 224/287 [01:36<00:28,  2.18it/s] 78%|███████▊  | 225/287 [01:36<00:26,  2.31it/s] 79%|███████▊  | 226/287 [01:36<00:25,  2.35it/s] 79%|███████▉  | 227/287 [01:37<00:25,  2.33it/s] 79%|███████▉  | 228/287 [01:37<00:25,  2.34it/s] 80%|███████▉  | 229/287 [01:38<00:24,  2.32it/s] 80%|████████  | 230/287 [01:38<00:25,  2.20it/s] 80%|████████  | 231/287 [01:39<00:25,  2.24it/s] 81%|████████  | 232/287 [01:39<00:26,  2.08it/s] 81%|████████  | 233/287 [01:40<00:26,  2.08it/s] 82%|████████▏ | 234/287 [01:40<00:25,  2.06it/s] 82%|████████▏ | 235/287 [01:41<00:23,  2.18it/s] 82%|████████▏ | 236/287 [01:41<00:22,  2.22it/s] 83%|████████▎ | 237/287 [01:41<00:22,  2.23it/s] 83%|████████▎ | 238/287 [01:42<00:20,  2.34it/s] 83%|████████▎ | 239/287 [01:42<00:21,  2.28it/s] 84%|████████▎ | 240/287 [01:43<00:20,  2.34it/s] 84%|████████▍ | 241/287 [01:43<00:20,  2.26it/s] 84%|████████▍ | 242/287 [01:44<00:20,  2.21it/s] 85%|████████▍ | 243/287 [01:44<00:20,  2.20it/s] 85%|████████▌ | 244/287 [01:45<00:19,  2.24it/s] 85%|████████▌ | 245/287 [01:45<00:18,  2.32it/s] 86%|████████▌ | 246/287 [01:45<00:17,  2.37it/s] 86%|████████▌ | 247/287 [01:46<00:17,  2.30it/s] 86%|████████▋ | 248/287 [01:46<00:17,  2.26it/s] 87%|████████▋ | 249/287 [01:47<00:17,  2.20it/s] 87%|████████▋ | 250/287 [01:47<00:16,  2.24it/s] 87%|████████▋ | 251/287 [01:48<00:15,  2.28it/s] 88%|████████▊ | 252/287 [01:48<00:15,  2.32it/s] 88%|████████▊ | 253/287 [01:48<00:14,  2.33it/s] 89%|████████▊ | 254/287 [01:49<00:14,  2.27it/s] 89%|████████▉ | 255/287 [01:49<00:14,  2.21it/s] 89%|████████▉ | 256/287 [01:50<00:13,  2.25it/s] 90%|████████▉ | 257/287 [01:50<00:12,  2.34it/s] 90%|████████▉ | 258/287 [01:51<00:13,  2.16it/s] 90%|█████████ | 259/287 [01:51<00:12,  2.29it/s] 91%|█████████ | 260/287 [01:51<00:11,  2.36it/s] 91%|█████████ | 261/287 [01:52<00:10,  2.38it/s] 91%|█████████▏| 262/287 [01:52<00:10,  2.39it/s] 92%|█████████▏| 263/287 [01:53<00:09,  2.42it/s] 92%|█████████▏| 264/287 [01:53<00:09,  2.45it/s] 92%|█████████▏| 265/287 [01:54<00:09,  2.27it/s] 93%|█████████▎| 266/287 [01:54<00:08,  2.38it/s] 93%|█████████▎| 267/287 [01:54<00:08,  2.43it/s] 93%|█████████▎| 268/287 [01:55<00:07,  2.43it/s] 94%|█████████▎| 269/287 [01:55<00:07,  2.36it/s] 94%|█████████▍| 270/287 [01:56<00:07,  2.35it/s] 94%|█████████▍| 271/287 [01:56<00:06,  2.45it/s] 95%|█████████▍| 272/287 [01:57<00:06,  2.30it/s] 95%|█████████▌| 273/287 [01:57<00:06,  2.31it/s] 95%|█████████▌| 274/287 [01:57<00:05,  2.38it/s] 96%|█████████▌| 275/287 [01:58<00:05,  2.34it/s] 96%|█████████▌| 276/287 [01:58<00:04,  2.34it/s] 97%|█████████▋| 277/287 [01:59<00:04,  2.37it/s] 97%|█████████▋| 278/287 [01:59<00:03,  2.32it/s] 97%|█████████▋| 279/287 [02:00<00:03,  2.22it/s] 98%|█████████▊| 280/287 [02:00<00:03,  2.31it/s] 98%|█████████▊| 281/287 [02:00<00:02,  2.30it/s] 98%|█████████▊| 282/287 [02:01<00:02,  2.35it/s] 99%|█████████▊| 283/287 [02:01<00:01,  2.35it/s] 99%|█████████▉| 284/287 [02:02<00:01,  2.26it/s] 99%|█████████▉| 285/287 [02:02<00:00,  2.32it/s]100%|█████████▉| 286/287 [02:02<00:00,  2.43it/s]100%|██████████| 287/287 [02:03<00:00,  2.65it/s]100%|██████████| 287/287 [02:03<00:00,  2.33it/s]
/home3/qljx17/MMOln-ssos/mmdetection/mmdet/models/dense_heads/anchor_head.py:115: UserWarning: DeprecationWarning: anchor_generator is deprecated, please use "prior_generator" instead
  warnings.warn('DeprecationWarning: anchor_generator is deprecated, '
/home3/qljx17/MMOln-ssos/mmdetection/mmdet/models/task_modules/samplers/sampling_result.py:132: UserWarning: DeprecationWarning: pos_bboxes is deprecated, please use "pos_priors" instead
  warnings.warn('DeprecationWarning: pos_bboxes is deprecated, '
loading annotations into memory...
Done (t=0.04s)
creating index...
index created!
05/05 16:22:38 - mmengine - INFO - Epoch(train) [10][ 50/287]  base_lr: 1.0000e-04 lr: 6.9834e-05  eta: 1:15:42  time: 3.9095  data_time: 2.6383  memory: 47313  loss: 0.4402  loss_rpn_cls: 0.0000  loss_rpn_bbox: 0.0945  loss_rpn_obj: 0.0216  loss_bbox: 0.0333  loss_bbox_score: 0.0019  loss_ood: 0.0238  loss_pseudo_class: 0.2651
05/05 16:23:47 - mmengine - INFO - Epoch(train) [10][100/287]  base_lr: 1.0000e-04 lr: 6.9834e-05  eta: 1:13:53  time: 1.3742  data_time: 0.1607  memory: 47312  loss: 0.4031  loss_rpn_cls: 0.0000  loss_rpn_bbox: 0.0876  loss_rpn_obj: 0.0199  loss_bbox: 0.0329  loss_bbox_score: 0.0017  loss_ood: 0.0240  loss_pseudo_class: 0.2371
05/05 16:24:59 - mmengine - INFO - Epoch(train) [10][150/287]  base_lr: 1.0000e-04 lr: 6.9834e-05  eta: 1:12:09  time: 1.4485  data_time: 0.1659  memory: 47313  loss: 0.4596  loss_rpn_cls: 0.0000  loss_rpn_bbox: 0.0938  loss_rpn_obj: 0.0201  loss_bbox: 0.0337  loss_bbox_score: 0.0018  loss_ood: 0.0238  loss_pseudo_class: 0.2863
05/05 16:26:09 - mmengine - INFO - Epoch(train) [10][200/287]  base_lr: 1.0000e-04 lr: 6.9834e-05  eta: 1:10:24  time: 1.3989  data_time: 0.1628  memory: 47312  loss: 0.4568  loss_rpn_cls: 0.0000  loss_rpn_bbox: 0.0971  loss_rpn_obj: 0.0209  loss_bbox: 0.0322  loss_bbox_score: 0.0018  loss_ood: 0.0242  loss_pseudo_class: 0.2805
05/05 16:27:21 - mmengine - INFO - Epoch(train) [10][250/287]  base_lr: 1.0000e-04 lr: 6.9834e-05  eta: 1:08:41  time: 1.4389  data_time: 0.1629  memory: 47313  loss: 0.3812  loss_rpn_cls: 0.0000  loss_rpn_bbox: 0.0868  loss_rpn_obj: 0.0201  loss_bbox: 0.0323  loss_bbox_score: 0.0018  loss_ood: 0.0229  loss_pseudo_class: 0.2173
05/05 16:28:13 - mmengine - INFO - Exp name: oln_ssos_box_convnext-t-p4-w7_fpn_amp-ms-crop-3x_dbf6_oodsampling1_startepoch3_k10_20250505_144606
05/05 16:28:13 - mmengine - INFO - Saving checkpoint at 10 epochs
/home3/qljx17/MMOln-ssos/mmdetection/mmdet/models/dense_heads/anchor_head.py:115: UserWarning: DeprecationWarning: anchor_generator is deprecated, please use "prior_generator" instead
  warnings.warn('DeprecationWarning: anchor_generator is deprecated, '
05/05 16:28:20 - mmengine - INFO - Epoch(val) [10][ 50/572]    eta: 0:00:41  time: 0.0795  data_time: 0.0205  memory: 47313  
05/05 16:28:24 - mmengine - INFO - Epoch(val) [10][100/572]    eta: 0:00:38  time: 0.0833  data_time: 0.0220  memory: 1139  
05/05 16:28:28 - mmengine - INFO - Epoch(val) [10][150/572]    eta: 0:00:34  time: 0.0799  data_time: 0.0212  memory: 1021  
05/05 16:28:32 - mmengine - INFO - Epoch(val) [10][200/572]    eta: 0:00:30  time: 0.0812  data_time: 0.0216  memory: 1059  
05/05 16:28:36 - mmengine - INFO - Epoch(val) [10][250/572]    eta: 0:00:26  time: 0.0812  data_time: 0.0210  memory: 1139  
05/05 16:28:40 - mmengine - INFO - Epoch(val) [10][300/572]    eta: 0:00:22  time: 0.0809  data_time: 0.0215  memory: 1046  
05/05 16:28:44 - mmengine - INFO - Epoch(val) [10][350/572]    eta: 0:00:17  time: 0.0793  data_time: 0.0206  memory: 1059  
05/05 16:28:48 - mmengine - INFO - Epoch(val) [10][400/572]    eta: 0:00:13  time: 0.0752  data_time: 0.0159  memory: 1113  
05/05 16:28:52 - mmengine - INFO - Epoch(val) [10][450/572]    eta: 0:00:09  time: 0.0749  data_time: 0.0155  memory: 1113  
05/05 16:28:56 - mmengine - INFO - Epoch(val) [10][500/572]    eta: 0:00:05  time: 0.0830  data_time: 0.0228  memory: 1087  
05/05 16:29:00 - mmengine - INFO - Epoch(val) [10][550/572]    eta: 0:00:01  time: 0.0803  data_time: 0.0211  memory: 1033  
05/05 16:29:15 - mmengine - INFO - Evaluating bbox...
Loading and preparing results...
DONE (t=2.93s)
creating index...
index created!
Running per image evaluation...
Evaluate annotation type *bbox*
DONE (t=25.94s).
Accumulating evaluation results...
DONE (t=25.39s).
 Average Precision  (AP) @[ IoU=0.50:0.95 | area=   all | maxDets=100 ] = 0.250
 Average Precision  (AP) @[ IoU=0.50      | area=   all | maxDets=100 ] = 0.397
 Average Precision  (AP) @[ IoU=0.75      | area=   all | maxDets=100 ] = 0.251
 Average Precision  (AP) @[ IoU=0.50:0.95 | area= small | maxDets=100 ] = 0.013
 Average Precision  (AP) @[ IoU=0.50:0.95 | area=medium | maxDets=100 ] = 0.086
 Average Precision  (AP) @[ IoU=0.50:0.95 | area= large | maxDets=100 ] = 0.610
 Average Recall     (AR) @[ IoU=0.50:0.95 | area=   all | maxDets= 10 ] = 0.429
 Average Recall     (AR) @[ IoU=0.50:0.95 | area=   all | maxDets= 20 ] = 0.460
 Average Recall     (AR) @[ IoU=0.50:0.95 | area=   all | maxDets= 30 ] = 0.476
 Average Recall     (AR) @[ IoU=0.50:0.95 | area=   all | maxDets= 50 ] = 0.492
 Average Recall     (AR) @[ IoU=0.50:0.95 | area=   all | maxDets=100 ] = 0.516
 Average Recall     (AR) @[ IoU=0.50:0.95 | area=   all | maxDets=300 ] = 0.536
 Average Recall     (AR) @[ IoU=0.50:0.95 | area=   all | maxDets=500 ] = 0.542
 Average Recall     (AR) @[ IoU=0.50:0.95 | area=   all | maxDets=1000 ] = 0.544
 Average Recall     (AR) @[ IoU=0.50:0.95 | area=   all | maxDets=1500 ] = 0.544
05/05 16:30:15 - mmengine - INFO - Optimal score threshold: 0.5157335519790649
05/05 16:30:15 - mmengine - INFO - Non OS Detected Anomaly Score Threshold: 0.8267017006874084
05/05 16:30:15 - mmengine - INFO - Non OS All Anomaly Score Threshold: 0.784206748008728
05/05 16:30:15 - mmengine - INFO - Detected Anomaly Score Threshold: 0.8220365047454834
05/05 16:30:15 - mmengine - INFO - All Anomaly Score Threshold: 0.8087159991264343
05/05 16:30:15 - mmengine - INFO - bbox_mAP_copypaste: 0.250 0.397 0.251 0.013 0.086 0.610
05/05 16:30:16 - mmengine - INFO - Epoch(val) [10][572/572]    dbf6/bbox_mAP: 0.2500  dbf6/bbox_mAP_50: 0.3970  dbf6/bbox_mAP_75: 0.2510  dbf6/bbox_mAP_s: 0.0130  dbf6/bbox_mAP_m: 0.0860  dbf6/bbox_mAP_l: 0.6100  data_time: 0.0203  time: 0.0798
  0%|          | 0/287 [00:00<?, ?it/s]  0%|          | 1/287 [00:00<02:17,  2.08it/s]  1%|          | 2/287 [00:00<02:08,  2.21it/s]  1%|          | 3/287 [00:01<02:07,  2.23it/s]  1%|▏         | 4/287 [00:01<02:03,  2.30it/s]  2%|▏         | 5/287 [00:02<02:08,  2.19it/s]  2%|▏         | 6/287 [00:02<02:07,  2.21it/s]  2%|▏         | 7/287 [00:03<01:57,  2.38it/s]  3%|▎         | 8/287 [00:03<01:56,  2.40it/s]  3%|▎         | 9/287 [00:03<01:57,  2.36it/s]  3%|▎         | 10/287 [00:04<01:54,  2.41it/s]  4%|▍         | 11/287 [00:04<01:52,  2.44it/s]  4%|▍         | 12/287 [00:05<01:53,  2.43it/s]  5%|▍         | 13/287 [00:05<01:52,  2.44it/s]  5%|▍         | 14/287 [00:05<01:53,  2.41it/s]  5%|▌         | 15/287 [00:06<01:46,  2.56it/s]  6%|▌         | 16/287 [00:06<01:47,  2.52it/s]  6%|▌         | 17/287 [00:07<01:50,  2.44it/s]  6%|▋         | 18/287 [00:07<01:51,  2.40it/s]  7%|▋         | 19/287 [00:07<01:47,  2.49it/s]  7%|▋         | 20/287 [00:08<01:49,  2.44it/s]  7%|▋         | 21/287 [00:08<01:53,  2.34it/s]  8%|▊         | 22/287 [00:09<01:56,  2.28it/s]  8%|▊         | 23/287 [00:09<01:51,  2.36it/s]  8%|▊         | 24/287 [00:10<01:58,  2.23it/s]  9%|▊         | 25/287 [00:10<01:53,  2.30it/s]  9%|▉         | 26/287 [00:10<01:50,  2.36it/s]  9%|▉         | 27/287 [00:11<01:47,  2.41it/s] 10%|▉         | 28/287 [00:11<01:49,  2.36it/s] 10%|█         | 29/287 [00:12<01:50,  2.33it/s] 10%|█         | 30/287 [00:12<01:49,  2.35it/s] 11%|█         | 31/287 [00:13<01:50,  2.31it/s] 11%|█         | 32/287 [00:13<01:57,  2.18it/s] 11%|█▏        | 33/287 [00:14<01:59,  2.12it/s] 12%|█▏        | 34/287 [00:14<01:55,  2.19it/s] 12%|█▏        | 35/287 [00:14<01:50,  2.28it/s] 13%|█▎        | 36/287 [00:15<01:54,  2.19it/s] 13%|█▎        | 37/287 [00:15<01:52,  2.23it/s] 13%|█▎        | 38/287 [00:16<01:57,  2.11it/s] 14%|█▎        | 39/287 [00:16<01:53,  2.18it/s] 14%|█▍        | 40/287 [00:17<01:59,  2.07it/s] 14%|█▍        | 41/287 [00:17<01:52,  2.19it/s] 15%|█▍        | 42/287 [00:18<01:48,  2.25it/s] 15%|█▍        | 43/287 [00:18<01:47,  2.26it/s] 15%|█▌        | 44/287 [00:19<01:48,  2.24it/s] 16%|█▌        | 45/287 [00:19<01:52,  2.16it/s] 16%|█▌        | 46/287 [00:20<01:54,  2.10it/s] 16%|█▋        | 47/287 [00:20<01:49,  2.20it/s] 17%|█▋        | 48/287 [00:21<01:52,  2.12it/s] 17%|█▋        | 49/287 [00:21<01:43,  2.31it/s] 17%|█▋        | 50/287 [00:21<01:42,  2.30it/s] 18%|█▊        | 51/287 [00:22<01:39,  2.37it/s] 18%|█▊        | 52/287 [00:22<01:42,  2.28it/s] 18%|█▊        | 53/287 [00:23<01:41,  2.30it/s] 19%|█▉        | 54/287 [00:23<01:38,  2.36it/s] 19%|█▉        | 55/287 [00:23<01:36,  2.40it/s] 20%|█▉        | 56/287 [00:24<01:37,  2.37it/s] 20%|█▉        | 57/287 [00:24<01:38,  2.34it/s] 20%|██        | 58/287 [00:25<01:37,  2.35it/s] 21%|██        | 59/287 [00:25<01:39,  2.28it/s] 21%|██        | 60/287 [00:26<01:36,  2.34it/s] 21%|██▏       | 61/287 [00:26<01:32,  2.45it/s] 22%|██▏       | 62/287 [00:26<01:32,  2.42it/s] 22%|██▏       | 63/287 [00:27<01:31,  2.45it/s] 22%|██▏       | 64/287 [00:27<01:30,  2.46it/s] 23%|██▎       | 65/287 [00:28<01:33,  2.38it/s] 23%|██▎       | 66/287 [00:28<01:30,  2.43it/s] 23%|██▎       | 67/287 [00:28<01:32,  2.39it/s] 24%|██▎       | 68/287 [00:29<01:32,  2.36it/s] 24%|██▍       | 69/287 [00:29<01:31,  2.39it/s] 24%|██▍       | 70/287 [00:30<01:28,  2.46it/s] 25%|██▍       | 71/287 [00:30<01:27,  2.47it/s] 25%|██▌       | 72/287 [00:31<01:33,  2.30it/s] 25%|██▌       | 73/287 [00:31<01:30,  2.35it/s] 26%|██▌       | 74/287 [00:31<01:30,  2.35it/s] 26%|██▌       | 75/287 [00:32<01:26,  2.44it/s] 26%|██▋       | 76/287 [00:32<01:28,  2.38it/s] 27%|██▋       | 77/287 [00:33<01:33,  2.25it/s] 27%|██▋       | 78/287 [00:33<01:31,  2.28it/s] 28%|██▊       | 79/287 [00:34<01:32,  2.25it/s] 28%|██▊       | 80/287 [00:34<01:33,  2.21it/s] 28%|██▊       | 81/287 [00:34<01:28,  2.33it/s] 29%|██▊       | 82/287 [00:35<01:31,  2.23it/s] 29%|██▉       | 83/287 [00:35<01:33,  2.19it/s] 29%|██▉       | 84/287 [00:36<01:31,  2.22it/s] 30%|██▉       | 85/287 [00:36<01:26,  2.35it/s] 30%|██▉       | 86/287 [00:37<01:25,  2.34it/s] 30%|███       | 87/287 [00:37<01:30,  2.20it/s] 31%|███       | 88/287 [00:38<01:32,  2.15it/s] 31%|███       | 89/287 [00:38<01:24,  2.35it/s] 31%|███▏      | 90/287 [00:38<01:22,  2.38it/s] 32%|███▏      | 91/287 [00:39<01:28,  2.22it/s] 32%|███▏      | 92/287 [00:39<01:25,  2.27it/s] 32%|███▏      | 93/287 [00:40<01:22,  2.35it/s] 33%|███▎      | 94/287 [00:40<01:24,  2.27it/s] 33%|███▎      | 95/287 [00:41<01:21,  2.36it/s] 33%|███▎      | 96/287 [00:41<01:21,  2.33it/s] 34%|███▍      | 97/287 [00:41<01:21,  2.34it/s] 34%|███▍      | 98/287 [00:42<01:24,  2.23it/s] 34%|███▍      | 99/287 [00:42<01:19,  2.37it/s] 35%|███▍      | 100/287 [00:43<01:20,  2.34it/s] 35%|███▌      | 101/287 [00:43<01:20,  2.31it/s] 36%|███▌      | 102/287 [00:44<01:17,  2.38it/s] 36%|███▌      | 103/287 [00:44<01:18,  2.33it/s] 36%|███▌      | 104/287 [00:45<01:23,  2.18it/s] 37%|███▋      | 105/287 [00:45<01:18,  2.31it/s] 37%|███▋      | 106/287 [00:45<01:17,  2.34it/s] 37%|███▋      | 107/287 [00:46<01:16,  2.35it/s] 38%|███▊      | 108/287 [00:46<01:16,  2.35it/s] 38%|███▊      | 109/287 [00:47<01:16,  2.32it/s] 38%|███▊      | 110/287 [00:47<01:13,  2.41it/s] 39%|███▊      | 111/287 [00:47<01:13,  2.41it/s] 39%|███▉      | 112/287 [00:48<01:14,  2.35it/s] 39%|███▉      | 113/287 [00:48<01:14,  2.33it/s] 40%|███▉      | 114/287 [00:49<01:18,  2.22it/s] 40%|████      | 115/287 [00:49<01:15,  2.29it/s] 40%|████      | 116/287 [00:50<01:13,  2.32it/s] 41%|████      | 117/287 [00:50<01:12,  2.35it/s] 41%|████      | 118/287 [00:51<01:15,  2.24it/s] 41%|████▏     | 119/287 [00:51<01:12,  2.33it/s] 42%|████▏     | 120/287 [00:51<01:11,  2.35it/s] 42%|████▏     | 121/287 [00:52<01:09,  2.38it/s] 43%|████▎     | 122/287 [00:52<01:08,  2.42it/s] 43%|████▎     | 123/287 [00:53<01:06,  2.48it/s] 43%|████▎     | 124/287 [00:53<01:09,  2.35it/s] 44%|████▎     | 125/287 [00:53<01:08,  2.38it/s] 44%|████▍     | 126/287 [00:54<01:07,  2.38it/s] 44%|████▍     | 127/287 [00:54<01:08,  2.35it/s] 45%|████▍     | 128/287 [00:55<01:10,  2.25it/s] 45%|████▍     | 129/287 [00:55<01:10,  2.23it/s] 45%|████▌     | 130/287 [00:56<01:08,  2.29it/s] 46%|████▌     | 131/287 [00:56<01:08,  2.27it/s] 46%|████▌     | 132/287 [00:57<01:10,  2.21it/s] 46%|████▋     | 133/287 [00:57<01:13,  2.08it/s] 47%|████▋     | 134/287 [00:58<01:11,  2.14it/s] 47%|████▋     | 135/287 [00:58<01:10,  2.16it/s] 47%|████▋     | 136/287 [00:58<01:06,  2.26it/s] 48%|████▊     | 137/287 [00:59<01:05,  2.29it/s] 48%|████▊     | 138/287 [00:59<01:02,  2.37it/s] 48%|████▊     | 139/287 [01:00<01:03,  2.34it/s] 49%|████▉     | 140/287 [01:00<01:06,  2.21it/s] 49%|████▉     | 141/287 [01:01<01:07,  2.17it/s] 49%|████▉     | 142/287 [01:01<01:07,  2.14it/s] 50%|████▉     | 143/287 [01:02<01:04,  2.23it/s] 50%|█████     | 144/287 [01:02<01:02,  2.28it/s] 51%|█████     | 145/287 [01:02<01:01,  2.31it/s] 51%|█████     | 146/287 [01:03<01:04,  2.17it/s] 51%|█████     | 147/287 [01:03<01:01,  2.28it/s] 52%|█████▏    | 148/287 [01:04<01:00,  2.28it/s] 52%|█████▏    | 149/287 [01:04<00:58,  2.34it/s] 52%|█████▏    | 150/287 [01:05<00:58,  2.32it/s] 53%|█████▎    | 151/287 [01:05<01:01,  2.21it/s] 53%|█████▎    | 152/287 [01:05<00:59,  2.27it/s] 53%|█████▎    | 153/287 [01:06<00:58,  2.31it/s] 54%|█████▎    | 154/287 [01:06<01:00,  2.21it/s] 54%|█████▍    | 155/287 [01:07<01:00,  2.19it/s] 54%|█████▍    | 156/287 [01:07<00:57,  2.27it/s] 55%|█████▍    | 157/287 [01:08<00:56,  2.31it/s] 55%|█████▌    | 158/287 [01:08<00:55,  2.34it/s] 55%|█████▌    | 159/287 [01:09<00:58,  2.20it/s] 56%|█████▌    | 160/287 [01:09<00:57,  2.20it/s] 56%|█████▌    | 161/287 [01:10<00:59,  2.11it/s] 56%|█████▋    | 162/287 [01:10<00:57,  2.18it/s] 57%|█████▋    | 163/287 [01:10<00:54,  2.26it/s] 57%|█████▋    | 164/287 [01:11<00:53,  2.29it/s] 57%|█████▋    | 165/287 [01:11<00:55,  2.22it/s] 58%|█████▊    | 166/287 [01:12<00:52,  2.29it/s] 58%|█████▊    | 167/287 [01:12<00:51,  2.34it/s] 59%|█████▊    | 168/287 [01:13<00:49,  2.39it/s] 59%|█████▉    | 169/287 [01:13<00:48,  2.42it/s] 59%|█████▉    | 170/287 [01:13<00:48,  2.40it/s] 60%|█████▉    | 171/287 [01:14<00:49,  2.36it/s] 60%|█████▉    | 172/287 [01:14<00:49,  2.30it/s] 60%|██████    | 173/287 [01:15<00:52,  2.19it/s] 61%|██████    | 174/287 [01:15<00:49,  2.31it/s] 61%|██████    | 175/287 [01:16<00:50,  2.22it/s] 61%|██████▏   | 176/287 [01:16<00:48,  2.30it/s] 62%|██████▏   | 177/287 [01:16<00:46,  2.35it/s] 62%|██████▏   | 178/287 [01:17<00:46,  2.33it/s] 62%|██████▏   | 179/287 [01:17<00:49,  2.19it/s] 63%|██████▎   | 180/287 [01:18<00:47,  2.26it/s] 63%|██████▎   | 181/287 [01:18<00:44,  2.39it/s] 63%|██████▎   | 182/287 [01:19<00:46,  2.24it/s] 64%|██████▍   | 183/287 [01:19<00:45,  2.27it/s] 64%|██████▍   | 184/287 [01:20<00:44,  2.30it/s] 64%|██████▍   | 185/287 [01:20<00:45,  2.22it/s] 65%|██████▍   | 186/287 [01:20<00:44,  2.28it/s] 65%|██████▌   | 187/287 [01:21<00:41,  2.40it/s] 66%|██████▌   | 188/287 [01:21<00:40,  2.45it/s] 66%|██████▌   | 189/287 [01:22<00:40,  2.41it/s] 66%|██████▌   | 190/287 [01:22<00:40,  2.42it/s] 67%|██████▋   | 191/287 [01:22<00:39,  2.41it/s] 67%|██████▋   | 192/287 [01:23<00:40,  2.33it/s] 67%|██████▋   | 193/287 [01:23<00:39,  2.36it/s] 68%|██████▊   | 194/287 [01:24<00:38,  2.43it/s] 68%|██████▊   | 195/287 [01:24<00:40,  2.26it/s] 68%|██████▊   | 196/287 [01:25<00:39,  2.28it/s] 69%|██████▊   | 197/287 [01:25<00:38,  2.34it/s] 69%|██████▉   | 198/287 [01:25<00:37,  2.39it/s] 69%|██████▉   | 199/287 [01:26<00:36,  2.38it/s] 70%|██████▉   | 200/287 [01:26<00:35,  2.43it/s] 70%|███████   | 201/287 [01:27<00:35,  2.44it/s] 70%|███████   | 202/287 [01:27<00:34,  2.47it/s] 71%|███████   | 203/287 [01:27<00:32,  2.57it/s] 71%|███████   | 204/287 [01:28<00:33,  2.47it/s] 71%|███████▏  | 205/287 [01:28<00:33,  2.42it/s] 72%|███████▏  | 206/287 [01:29<00:33,  2.41it/s] 72%|███████▏  | 207/287 [01:29<00:32,  2.49it/s] 72%|███████▏  | 208/287 [01:29<00:31,  2.50it/s] 73%|███████▎  | 209/287 [01:30<00:32,  2.42it/s] 73%|███████▎  | 210/287 [01:30<00:32,  2.35it/s] 74%|███████▎  | 211/287 [01:31<00:32,  2.36it/s] 74%|███████▍  | 212/287 [01:31<00:32,  2.32it/s] 74%|███████▍  | 213/287 [01:32<00:33,  2.23it/s] 75%|███████▍  | 214/287 [01:32<00:31,  2.31it/s] 75%|███████▍  | 215/287 [01:32<00:29,  2.42it/s] 75%|███████▌  | 216/287 [01:33<00:29,  2.37it/s] 76%|███████▌  | 217/287 [01:33<00:31,  2.22it/s] 76%|███████▌  | 218/287 [01:34<00:30,  2.26it/s] 76%|███████▋  | 219/287 [01:34<00:29,  2.32it/s] 77%|███████▋  | 220/287 [01:35<00:28,  2.32it/s] 77%|███████▋  | 221/287 [01:35<00:28,  2.29it/s] 77%|███████▋  | 222/287 [01:36<00:27,  2.32it/s] 78%|███████▊  | 223/287 [01:36<00:26,  2.45it/s] 78%|███████▊  | 224/287 [01:36<00:26,  2.42it/s] 78%|███████▊  | 225/287 [01:37<00:25,  2.41it/s] 79%|███████▊  | 226/287 [01:37<00:25,  2.41it/s] 79%|███████▉  | 227/287 [01:38<00:25,  2.35it/s] 79%|███████▉  | 228/287 [01:38<00:24,  2.38it/s] 80%|███████▉  | 229/287 [01:39<00:25,  2.24it/s] 80%|████████  | 230/287 [01:39<00:24,  2.28it/s] 80%|████████  | 231/287 [01:39<00:23,  2.39it/s] 81%|████████  | 232/287 [01:40<00:23,  2.37it/s] 81%|████████  | 233/287 [01:40<00:22,  2.37it/s] 82%|████████▏ | 234/287 [01:41<00:22,  2.39it/s] 82%|████████▏ | 235/287 [01:41<00:21,  2.41it/s] 82%|████████▏ | 236/287 [01:41<00:21,  2.33it/s] 83%|████████▎ | 237/287 [01:42<00:21,  2.28it/s] 83%|████████▎ | 238/287 [01:42<00:20,  2.36it/s] 83%|████████▎ | 239/287 [01:43<00:20,  2.38it/s] 84%|████████▎ | 240/287 [01:43<00:20,  2.33it/s] 84%|████████▍ | 241/287 [01:44<00:20,  2.23it/s] 84%|████████▍ | 242/287 [01:44<00:20,  2.25it/s] 85%|████████▍ | 243/287 [01:44<00:18,  2.35it/s] 85%|████████▌ | 244/287 [01:45<00:18,  2.33it/s] 85%|████████▌ | 245/287 [01:45<00:18,  2.27it/s] 86%|████████▌ | 246/287 [01:46<00:19,  2.15it/s] 86%|████████▌ | 247/287 [01:46<00:18,  2.16it/s] 86%|████████▋ | 248/287 [01:47<00:18,  2.11it/s] 87%|████████▋ | 249/287 [01:47<00:18,  2.05it/s] 87%|████████▋ | 250/287 [01:48<00:17,  2.06it/s] 87%|████████▋ | 251/287 [01:48<00:16,  2.20it/s] 88%|████████▊ | 252/287 [01:49<00:14,  2.37it/s] 88%|████████▊ | 253/287 [01:49<00:14,  2.39it/s] 89%|████████▊ | 254/287 [01:49<00:13,  2.39it/s] 89%|████████▉ | 255/287 [01:50<00:13,  2.44it/s] 89%|████████▉ | 256/287 [01:50<00:12,  2.42it/s] 90%|████████▉ | 257/287 [01:51<00:12,  2.39it/s] 90%|████████▉ | 258/287 [01:51<00:12,  2.36it/s] 90%|█████████ | 259/287 [01:52<00:12,  2.26it/s] 91%|█████████ | 260/287 [01:52<00:11,  2.27it/s] 91%|█████████ | 261/287 [01:52<00:11,  2.28it/s] 91%|█████████▏| 262/287 [01:53<00:10,  2.35it/s] 92%|█████████▏| 263/287 [01:53<00:09,  2.43it/s] 92%|█████████▏| 264/287 [01:54<00:09,  2.51it/s] 92%|█████████▏| 265/287 [01:54<00:08,  2.48it/s] 93%|█████████▎| 266/287 [01:54<00:08,  2.44it/s] 93%|█████████▎| 267/287 [01:55<00:08,  2.49it/s] 93%|█████████▎| 268/287 [01:55<00:07,  2.49it/s] 94%|█████████▎| 269/287 [01:56<00:07,  2.48it/s] 94%|█████████▍| 270/287 [01:56<00:06,  2.47it/s] 94%|█████████▍| 271/287 [01:57<00:06,  2.34it/s] 95%|█████████▍| 272/287 [01:57<00:06,  2.42it/s] 95%|█████████▌| 273/287 [01:57<00:05,  2.43it/s] 95%|█████████▌| 274/287 [01:58<00:05,  2.43it/s] 96%|█████████▌| 275/287 [01:58<00:05,  2.27it/s] 96%|█████████▌| 276/287 [01:59<00:04,  2.35it/s] 97%|█████████▋| 277/287 [01:59<00:04,  2.34it/s] 97%|█████████▋| 278/287 [01:59<00:03,  2.42it/s] 97%|█████████▋| 279/287 [02:00<00:03,  2.45it/s] 98%|█████████▊| 280/287 [02:00<00:02,  2.44it/s] 98%|█████████▊| 281/287 [02:01<00:02,  2.44it/s] 98%|█████████▊| 282/287 [02:01<00:02,  2.42it/s] 99%|█████████▊| 283/287 [02:01<00:01,  2.43it/s] 99%|█████████▉| 284/287 [02:02<00:01,  2.37it/s] 99%|█████████▉| 285/287 [02:02<00:00,  2.21it/s]100%|█████████▉| 286/287 [02:03<00:00,  2.32it/s]100%|██████████| 287/287 [02:03<00:00,  2.54it/s]100%|██████████| 287/287 [02:03<00:00,  2.32it/s]
/home3/qljx17/MMOln-ssos/mmdetection/mmdet/models/dense_heads/anchor_head.py:115: UserWarning: DeprecationWarning: anchor_generator is deprecated, please use "prior_generator" instead
  warnings.warn('DeprecationWarning: anchor_generator is deprecated, '
/home3/qljx17/MMOln-ssos/mmdetection/mmdet/models/task_modules/samplers/sampling_result.py:132: UserWarning: DeprecationWarning: pos_bboxes is deprecated, please use "pos_priors" instead
  warnings.warn('DeprecationWarning: pos_bboxes is deprecated, '
loading annotations into memory...
Done (t=0.04s)
creating index...
index created!
05/05 16:33:31 - mmengine - INFO - Epoch(train) [11][ 50/287]  base_lr: 1.0000e-04 lr: 6.9834e-05  eta: 1:07:20  time: 3.9091  data_time: 2.6511  memory: 47312  loss: 0.4165  loss_rpn_cls: 0.0000  loss_rpn_bbox: 0.0813  loss_rpn_obj: 0.0206  loss_bbox: 0.0324  loss_bbox_score: 0.0018  loss_ood: 0.0230  loss_pseudo_class: 0.2575
05/05 16:34:43 - mmengine - INFO - Epoch(train) [11][100/287]  base_lr: 1.0000e-04 lr: 6.9834e-05  eta: 1:05:36  time: 1.4337  data_time: 0.1671  memory: 47313  loss: 0.4294  loss_rpn_cls: 0.0000  loss_rpn_bbox: 0.0912  loss_rpn_obj: 0.0197  loss_bbox: 0.0334  loss_bbox_score: 0.0019  loss_ood: 0.0230  loss_pseudo_class: 0.2602
05/05 16:35:24 - mmengine - INFO - Exp name: oln_ssos_box_convnext-t-p4-w7_fpn_amp-ms-crop-3x_dbf6_oodsampling1_startepoch3_k10_20250505_144606
05/05 16:35:53 - mmengine - INFO - Epoch(train) [11][150/287]  base_lr: 1.0000e-04 lr: 6.9834e-05  eta: 1:03:52  time: 1.3985  data_time: 0.1662  memory: 47313  loss: 0.4647  loss_rpn_cls: 0.0000  loss_rpn_bbox: 0.0839  loss_rpn_obj: 0.0199  loss_bbox: 0.0345  loss_bbox_score: 0.0018  loss_ood: 0.0220  loss_pseudo_class: 0.3027
05/05 16:37:03 - mmengine - INFO - Epoch(train) [11][200/287]  base_lr: 1.0000e-04 lr: 6.9834e-05  eta: 1:02:10  time: 1.4043  data_time: 0.1655  memory: 47312  loss: 0.4566  loss_rpn_cls: 0.0000  loss_rpn_bbox: 0.0931  loss_rpn_obj: 0.0205  loss_bbox: 0.0337  loss_bbox_score: 0.0020  loss_ood: 0.0212  loss_pseudo_class: 0.2861
05/05 16:38:16 - mmengine - INFO - Epoch(train) [11][250/287]  base_lr: 1.0000e-04 lr: 6.9834e-05  eta: 1:00:30  time: 1.4507  data_time: 0.1672  memory: 47313  loss: 0.3873  loss_rpn_cls: 0.0000  loss_rpn_bbox: 0.0927  loss_rpn_obj: 0.0204  loss_bbox: 0.0349  loss_bbox_score: 0.0020  loss_ood: 0.0203  loss_pseudo_class: 0.2171
05/05 16:39:06 - mmengine - INFO - Exp name: oln_ssos_box_convnext-t-p4-w7_fpn_amp-ms-crop-3x_dbf6_oodsampling1_startepoch3_k10_20250505_144606
05/05 16:39:10 - mmengine - INFO - Epoch(val) [11][ 50/572]    eta: 0:00:41  time: 0.0796  data_time: 0.0205  memory: 47312  
05/05 16:39:15 - mmengine - INFO - Epoch(val) [11][100/572]    eta: 0:00:38  time: 0.0832  data_time: 0.0220  memory: 1139  
05/05 16:39:19 - mmengine - INFO - Epoch(val) [11][150/572]    eta: 0:00:34  time: 0.0800  data_time: 0.0213  memory: 1021  
05/05 16:39:23 - mmengine - INFO - Epoch(val) [11][200/572]    eta: 0:00:30  time: 0.0820  data_time: 0.0225  memory: 1059  
05/05 16:39:27 - mmengine - INFO - Epoch(val) [11][250/572]    eta: 0:00:26  time: 0.0808  data_time: 0.0209  memory: 1139  
05/05 16:39:31 - mmengine - INFO - Epoch(val) [11][300/572]    eta: 0:00:22  time: 0.0813  data_time: 0.0220  memory: 1046  
05/05 16:39:35 - mmengine - INFO - Epoch(val) [11][350/572]    eta: 0:00:18  time: 0.0820  data_time: 0.0227  memory: 1059  
05/05 16:39:39 - mmengine - INFO - Epoch(val) [11][400/572]    eta: 0:00:13  time: 0.0753  data_time: 0.0163  memory: 1113  
05/05 16:39:42 - mmengine - INFO - Epoch(val) [11][450/572]    eta: 0:00:09  time: 0.0759  data_time: 0.0161  memory: 1113  
05/05 16:39:47 - mmengine - INFO - Epoch(val) [11][500/572]    eta: 0:00:05  time: 0.0818  data_time: 0.0222  memory: 1087  
05/05 16:39:51 - mmengine - INFO - Epoch(val) [11][550/572]    eta: 0:00:01  time: 0.0796  data_time: 0.0209  memory: 1033  
05/05 16:40:05 - mmengine - INFO - Evaluating bbox...
Loading and preparing results...
DONE (t=2.80s)
creating index...
index created!
Running per image evaluation...
Evaluate annotation type *bbox*
DONE (t=24.32s).
Accumulating evaluation results...
DONE (t=24.33s).
 Average Precision  (AP) @[ IoU=0.50:0.95 | area=   all | maxDets=100 ] = 0.230
 Average Precision  (AP) @[ IoU=0.50      | area=   all | maxDets=100 ] = 0.376
 Average Precision  (AP) @[ IoU=0.75      | area=   all | maxDets=100 ] = 0.243
 Average Precision  (AP) @[ IoU=0.50:0.95 | area= small | maxDets=100 ] = 0.053
 Average Precision  (AP) @[ IoU=0.50:0.95 | area=medium | maxDets=100 ] = 0.072
 Average Precision  (AP) @[ IoU=0.50:0.95 | area= large | maxDets=100 ] = 0.571
 Average Recall     (AR) @[ IoU=0.50:0.95 | area=   all | maxDets= 10 ] = 0.410
 Average Recall     (AR) @[ IoU=0.50:0.95 | area=   all | maxDets= 20 ] = 0.447
 Average Recall     (AR) @[ IoU=0.50:0.95 | area=   all | maxDets= 30 ] = 0.463
 Average Recall     (AR) @[ IoU=0.50:0.95 | area=   all | maxDets= 50 ] = 0.484
 Average Recall     (AR) @[ IoU=0.50:0.95 | area=   all | maxDets=100 ] = 0.504
 Average Recall     (AR) @[ IoU=0.50:0.95 | area=   all | maxDets=300 ] = 0.529
 Average Recall     (AR) @[ IoU=0.50:0.95 | area=   all | maxDets=500 ] = 0.535
 Average Recall     (AR) @[ IoU=0.50:0.95 | area=   all | maxDets=1000 ] = 0.538
 Average Recall     (AR) @[ IoU=0.50:0.95 | area=   all | maxDets=1500 ] = 0.538
05/05 16:41:01 - mmengine - INFO - Optimal score threshold: 0.5277762174606323
05/05 16:41:01 - mmengine - INFO - Non OS Detected Anomaly Score Threshold: 0.8136338591575623
05/05 16:41:02 - mmengine - INFO - Non OS All Anomaly Score Threshold: 0.8059443235397339
05/05 16:41:02 - mmengine - INFO - Detected Anomaly Score Threshold: 0.8074928522109985
05/05 16:41:02 - mmengine - INFO - All Anomaly Score Threshold: 0.8071395754814148
05/05 16:41:02 - mmengine - INFO - bbox_mAP_copypaste: 0.230 0.376 0.243 0.053 0.072 0.571
05/05 16:41:02 - mmengine - INFO - Epoch(val) [11][572/572]    dbf6/bbox_mAP: 0.2300  dbf6/bbox_mAP_50: 0.3760  dbf6/bbox_mAP_75: 0.2430  dbf6/bbox_mAP_s: 0.0530  dbf6/bbox_mAP_m: 0.0720  dbf6/bbox_mAP_l: 0.5710  data_time: 0.0206  time: 0.0800
  0%|          | 0/287 [00:00<?, ?it/s]  0%|          | 1/287 [00:00<02:13,  2.14it/s]  1%|          | 2/287 [00:00<02:15,  2.10it/s]  1%|          | 3/287 [00:01<02:06,  2.25it/s]  1%|▏         | 4/287 [00:01<02:02,  2.31it/s]  2%|▏         | 5/287 [00:02<01:57,  2.40it/s]  2%|▏         | 6/287 [00:02<02:07,  2.20it/s]  2%|▏         | 7/287 [00:03<02:13,  2.10it/s]  3%|▎         | 8/287 [00:03<02:06,  2.21it/s]  3%|▎         | 9/287 [00:04<02:04,  2.23it/s]  3%|▎         | 10/287 [00:04<02:00,  2.29it/s]  4%|▍         | 11/287 [00:04<02:00,  2.30it/s]  4%|▍         | 12/287 [00:05<01:56,  2.36it/s]  5%|▍         | 13/287 [00:05<01:55,  2.37it/s]  5%|▍         | 14/287 [00:06<01:52,  2.43it/s]  5%|▌         | 15/287 [00:06<01:48,  2.50it/s]  6%|▌         | 16/287 [00:06<01:48,  2.50it/s]  6%|▌         | 17/287 [00:07<01:48,  2.50it/s]  6%|▋         | 18/287 [00:07<01:45,  2.54it/s]  7%|▋         | 19/287 [00:08<01:53,  2.37it/s]  7%|▋         | 20/287 [00:08<01:51,  2.39it/s]  7%|▋         | 21/287 [00:09<01:54,  2.33it/s]  8%|▊         | 22/287 [00:09<01:53,  2.33it/s]  8%|▊         | 23/287 [00:09<01:49,  2.40it/s]  8%|▊         | 24/287 [00:10<01:48,  2.41it/s]  9%|▊         | 25/287 [00:10<01:47,  2.44it/s]  9%|▉         | 26/287 [00:11<01:48,  2.40it/s]  9%|▉         | 27/287 [00:11<01:49,  2.37it/s] 10%|▉         | 28/287 [00:11<01:45,  2.45it/s] 10%|█         | 29/287 [00:12<01:50,  2.35it/s] 10%|█         | 30/287 [00:12<01:51,  2.31it/s] 11%|█         | 31/287 [00:13<01:46,  2.39it/s] 11%|█         | 32/287 [00:13<01:45,  2.41it/s] 11%|█▏        | 33/287 [00:13<01:45,  2.40it/s] 12%|█▏        | 34/287 [00:14<01:46,  2.37it/s] 12%|█▏        | 35/287 [00:14<01:41,  2.47it/s] 13%|█▎        | 36/287 [00:15<01:41,  2.47it/s] 13%|█▎        | 37/287 [00:15<01:43,  2.41it/s] 13%|█▎        | 38/287 [00:16<01:43,  2.40it/s] 14%|█▎        | 39/287 [00:16<01:41,  2.43it/s] 14%|█▍        | 40/287 [00:16<01:48,  2.27it/s] 14%|█▍        | 41/287 [00:17<01:45,  2.33it/s] 15%|█▍        | 42/287 [00:17<01:44,  2.34it/s] 15%|█▍        | 43/287 [00:18<01:42,  2.39it/s] 15%|█▌        | 44/287 [00:18<01:42,  2.38it/s] 16%|█▌        | 45/287 [00:19<01:40,  2.40it/s] 16%|█▌        | 46/287 [00:19<01:37,  2.46it/s] 16%|█▋        | 47/287 [00:19<01:45,  2.28it/s] 17%|█▋        | 48/287 [00:20<01:44,  2.30it/s] 17%|█▋        | 49/287 [00:20<01:45,  2.25it/s] 17%|█▋        | 50/287 [00:21<01:41,  2.34it/s] 18%|█▊        | 51/287 [00:21<01:36,  2.44it/s] 18%|█▊        | 52/287 [00:22<01:39,  2.37it/s] 18%|█▊        | 53/287 [00:22<01:38,  2.38it/s] 19%|█▉        | 54/287 [00:22<01:38,  2.35it/s] 19%|█▉        | 55/287 [00:23<01:38,  2.36it/s] 20%|█▉        | 56/287 [00:23<01:42,  2.25it/s] 20%|█▉        | 57/287 [00:24<01:40,  2.28it/s] 20%|██        | 58/287 [00:24<01:45,  2.16it/s] 21%|██        | 59/287 [00:25<01:40,  2.28it/s] 21%|██        | 60/287 [00:25<01:39,  2.29it/s] 21%|██▏       | 61/287 [00:25<01:38,  2.31it/s] 22%|██▏       | 62/287 [00:26<01:36,  2.33it/s] 22%|██▏       | 63/287 [00:26<01:36,  2.32it/s] 22%|██▏       | 64/287 [00:27<01:42,  2.18it/s] 23%|██▎       | 65/287 [00:27<01:44,  2.13it/s] 23%|██▎       | 66/287 [00:28<01:42,  2.16it/s] 23%|██▎       | 67/287 [00:28<01:36,  2.28it/s] 24%|██▎       | 68/287 [00:29<01:37,  2.25it/s] 24%|██▍       | 69/287 [00:29<01:35,  2.28it/s] 24%|██▍       | 70/287 [00:29<01:32,  2.33it/s] 25%|██▍       | 71/287 [00:30<01:36,  2.25it/s] 25%|██▌       | 72/287 [00:30<01:36,  2.24it/s] 25%|██▌       | 73/287 [00:31<01:38,  2.17it/s] 26%|██▌       | 74/287 [00:31<01:33,  2.27it/s] 26%|██▌       | 75/287 [00:32<01:29,  2.37it/s] 26%|██▋       | 76/287 [00:32<01:34,  2.24it/s] 27%|██▋       | 77/287 [00:33<01:31,  2.29it/s] 27%|██▋       | 78/287 [00:33<01:34,  2.20it/s] 28%|██▊       | 79/287 [00:33<01:30,  2.29it/s] 28%|██▊       | 80/287 [00:34<01:29,  2.33it/s] 28%|██▊       | 81/287 [00:34<01:32,  2.23it/s] 29%|██▊       | 82/287 [00:35<01:29,  2.28it/s] 29%|██▉       | 83/287 [00:35<01:27,  2.32it/s] 29%|██▉       | 84/287 [00:36<01:26,  2.35it/s] 30%|██▉       | 85/287 [00:36<01:22,  2.46it/s] 30%|██▉       | 86/287 [00:36<01:22,  2.44it/s] 30%|███       | 87/287 [00:37<01:22,  2.42it/s] 31%|███       | 88/287 [00:37<01:21,  2.44it/s] 31%|███       | 89/287 [00:38<01:19,  2.50it/s] 31%|███▏      | 90/287 [00:38<01:22,  2.39it/s] 32%|███▏      | 91/287 [00:39<01:23,  2.35it/s] 32%|███▏      | 92/287 [00:39<01:22,  2.37it/s] 32%|███▏      | 93/287 [00:39<01:21,  2.38it/s] 33%|███▎      | 94/287 [00:40<01:18,  2.44it/s] 33%|███▎      | 95/287 [00:40<01:18,  2.44it/s] 33%|███▎      | 96/287 [00:41<01:17,  2.46it/s] 34%|███▍      | 97/287 [00:41<01:18,  2.44it/s] 34%|███▍      | 98/287 [00:41<01:20,  2.35it/s] 34%|███▍      | 99/287 [00:42<01:22,  2.29it/s] 35%|███▍      | 100/287 [00:42<01:19,  2.35it/s] 35%|███▌      | 101/287 [00:43<01:22,  2.25it/s] 36%|███▌      | 102/287 [00:43<01:19,  2.32it/s] 36%|███▌      | 103/287 [00:44<01:18,  2.35it/s] 36%|███▌      | 104/287 [00:44<01:17,  2.38it/s] 37%|███▋      | 105/287 [00:44<01:16,  2.39it/s] 37%|███▋      | 106/287 [00:45<01:14,  2.42it/s] 37%|███▋      | 107/287 [00:45<01:13,  2.46it/s] 38%|███▊      | 108/287 [00:46<01:18,  2.27it/s] 38%|███▊      | 109/287 [00:46<01:23,  2.13it/s] 38%|███▊      | 110/287 [00:47<01:21,  2.18it/s] 39%|███▊      | 111/287 [00:47<01:22,  2.13it/s] 39%|███▉      | 112/287 [00:48<01:19,  2.19it/s] 39%|███▉      | 113/287 [00:48<01:22,  2.11it/s] 40%|███▉      | 114/287 [00:49<01:18,  2.20it/s] 40%|████      | 115/287 [00:49<01:15,  2.27it/s] 40%|████      | 116/287 [00:49<01:14,  2.31it/s] 41%|████      | 117/287 [00:50<01:11,  2.38it/s] 41%|████      | 118/287 [00:50<01:10,  2.40it/s] 41%|████▏     | 119/287 [00:51<01:12,  2.33it/s] 42%|████▏     | 120/287 [00:51<01:09,  2.39it/s] 42%|████▏     | 121/287 [00:51<01:09,  2.39it/s] 43%|████▎     | 122/287 [00:52<01:10,  2.35it/s] 43%|████▎     | 123/287 [00:52<01:10,  2.33it/s] 43%|████▎     | 124/287 [00:53<01:12,  2.24it/s] 44%|████▎     | 125/287 [00:53<01:11,  2.28it/s] 44%|████▍     | 126/287 [00:54<01:08,  2.36it/s] 44%|████▍     | 127/287 [00:54<01:05,  2.44it/s] 45%|████▍     | 128/287 [00:54<01:10,  2.24it/s] 45%|████▍     | 129/287 [00:55<01:07,  2.33it/s] 45%|████▌     | 130/287 [00:55<01:06,  2.36it/s] 46%|████▌     | 131/287 [00:56<01:05,  2.40it/s] 46%|████▌     | 132/287 [00:56<01:05,  2.36it/s] 46%|████▋     | 133/287 [00:57<01:06,  2.30it/s] 47%|████▋     | 134/287 [00:57<01:10,  2.17it/s] 47%|████▋     | 135/287 [00:58<01:10,  2.17it/s] 47%|████▋     | 136/287 [00:58<01:06,  2.28it/s] 48%|████▊     | 137/287 [00:58<01:03,  2.35it/s] 48%|████▊     | 138/287 [00:59<01:06,  2.25it/s] 48%|████▊     | 139/287 [00:59<01:05,  2.27it/s] 49%|████▉     | 140/287 [01:00<01:05,  2.26it/s] 49%|████▉     | 141/287 [01:00<01:04,  2.28it/s] 49%|████▉     | 142/287 [01:01<01:03,  2.27it/s] 50%|████▉     | 143/287 [01:01<01:02,  2.29it/s] 50%|█████     | 144/287 [01:01<00:59,  2.39it/s] 51%|█████     | 145/287 [01:02<00:58,  2.42it/s] 51%|█████     | 146/287 [01:02<01:01,  2.30it/s] 51%|█████     | 147/287 [01:03<00:59,  2.34it/s] 52%|█████▏    | 148/287 [01:03<00:59,  2.35it/s] 52%|█████▏    | 149/287 [01:04<00:57,  2.39it/s] 52%|█████▏    | 150/287 [01:04<00:57,  2.37it/s] 53%|█████▎    | 151/287 [01:04<00:56,  2.43it/s] 53%|█████▎    | 152/287 [01:05<00:54,  2.48it/s] 53%|█████▎    | 153/287 [01:05<00:55,  2.43it/s] 54%|█████▎    | 154/287 [01:06<00:56,  2.37it/s] 54%|█████▍    | 155/287 [01:06<00:54,  2.42it/s] 54%|█████▍    | 156/287 [01:06<00:54,  2.39it/s] 55%|█████▍    | 157/287 [01:07<00:53,  2.43it/s] 55%|█████▌    | 158/287 [01:07<00:55,  2.33it/s] 55%|█████▌    | 159/287 [01:08<00:54,  2.36it/s] 56%|█████▌    | 160/287 [01:08<00:53,  2.39it/s] 56%|█████▌    | 161/287 [01:09<00:53,  2.37it/s] 56%|█████▋    | 162/287 [01:09<00:56,  2.21it/s] 57%|█████▋    | 163/287 [01:09<00:54,  2.29it/s] 57%|█████▋    | 164/287 [01:10<00:54,  2.26it/s] 57%|█████▋    | 165/287 [01:10<00:53,  2.29it/s] 58%|█████▊    | 166/287 [01:11<00:52,  2.29it/s] 58%|█████▊    | 167/287 [01:11<00:53,  2.23it/s] 59%|█████▊    | 168/287 [01:12<00:52,  2.28it/s] 59%|█████▉    | 169/287 [01:12<00:53,  2.21it/s] 59%|█████▉    | 170/287 [01:13<00:50,  2.30it/s] 60%|█████▉    | 171/287 [01:13<00:50,  2.31it/s] 60%|█████▉    | 172/287 [01:13<00:51,  2.23it/s] 60%|██████    | 173/287 [01:14<00:50,  2.25it/s] 61%|██████    | 174/287 [01:14<00:51,  2.18it/s] 61%|██████    | 175/287 [01:15<00:53,  2.09it/s] 61%|██████▏   | 176/287 [01:15<00:51,  2.15it/s] 62%|██████▏   | 177/287 [01:16<00:49,  2.20it/s] 62%|██████▏   | 178/287 [01:16<00:45,  2.40it/s] 62%|██████▏   | 179/287 [01:17<00:46,  2.31it/s] 63%|██████▎   | 180/287 [01:17<00:45,  2.34it/s] 63%|██████▎   | 181/287 [01:17<00:44,  2.39it/s] 63%|██████▎   | 182/287 [01:18<00:44,  2.35it/s] 64%|██████▍   | 183/287 [01:18<00:43,  2.39it/s] 64%|██████▍   | 184/287 [01:19<00:43,  2.39it/s] 64%|██████▍   | 185/287 [01:19<00:43,  2.33it/s] 65%|██████▍   | 186/287 [01:19<00:41,  2.44it/s] 65%|██████▌   | 187/287 [01:20<00:41,  2.41it/s] 66%|██████▌   | 188/287 [01:20<00:39,  2.51it/s] 66%|██████▌   | 189/287 [01:21<00:40,  2.43it/s] 66%|██████▌   | 190/287 [01:21<00:40,  2.37it/s] 67%|██████▋   | 191/287 [01:22<00:42,  2.24it/s] 67%|██████▋   | 192/287 [01:22<00:41,  2.27it/s] 67%|██████▋   | 193/287 [01:23<00:41,  2.28it/s] 68%|██████▊   | 194/287 [01:23<00:39,  2.34it/s] 68%|██████▊   | 195/287 [01:23<00:38,  2.39it/s] 68%|██████▊   | 196/287 [01:24<00:38,  2.38it/s] 69%|██████▊   | 197/287 [01:24<00:38,  2.35it/s] 69%|██████▉   | 198/287 [01:25<00:37,  2.35it/s] 69%|██████▉   | 199/287 [01:25<00:36,  2.42it/s] 70%|██████▉   | 200/287 [01:25<00:35,  2.42it/s] 70%|███████   | 201/287 [01:26<00:34,  2.47it/s] 70%|███████   | 202/287 [01:26<00:34,  2.44it/s] 71%|███████   | 203/287 [01:27<00:35,  2.40it/s] 71%|███████   | 204/287 [01:27<00:35,  2.37it/s] 71%|███████▏  | 205/287 [01:27<00:34,  2.40it/s] 72%|███████▏  | 206/287 [01:28<00:33,  2.41it/s] 72%|███████▏  | 207/287 [01:28<00:34,  2.35it/s] 72%|███████▏  | 208/287 [01:29<00:36,  2.19it/s] 73%|███████▎  | 209/287 [01:29<00:34,  2.28it/s] 73%|███████▎  | 210/287 [01:30<00:35,  2.17it/s] 74%|███████▎  | 211/287 [01:30<00:34,  2.23it/s] 74%|███████▍  | 212/287 [01:31<00:33,  2.24it/s] 74%|███████▍  | 213/287 [01:31<00:34,  2.13it/s] 75%|███████▍  | 214/287 [01:32<00:32,  2.24it/s] 75%|███████▍  | 215/287 [01:32<00:32,  2.22it/s] 75%|███████▌  | 216/287 [01:32<00:31,  2.27it/s] 76%|███████▌  | 217/287 [01:33<00:32,  2.14it/s] 76%|███████▌  | 218/287 [01:33<00:31,  2.21it/s] 76%|███████▋  | 219/287 [01:34<00:31,  2.14it/s] 77%|███████▋  | 220/287 [01:34<00:32,  2.06it/s] 77%|███████▋  | 221/287 [01:35<00:31,  2.08it/s] 77%|███████▋  | 222/287 [01:35<00:30,  2.13it/s] 78%|███████▊  | 223/287 [01:36<00:30,  2.07it/s] 78%|███████▊  | 224/287 [01:36<00:29,  2.13it/s] 78%|███████▊  | 225/287 [01:37<00:27,  2.22it/s] 79%|███████▊  | 226/287 [01:37<00:27,  2.20it/s] 79%|███████▉  | 227/287 [01:38<00:26,  2.25it/s] 79%|███████▉  | 228/287 [01:38<00:24,  2.42it/s] 80%|███████▉  | 229/287 [01:38<00:23,  2.44it/s] 80%|████████  | 230/287 [01:39<00:23,  2.42it/s] 80%|████████  | 231/287 [01:39<00:23,  2.39it/s] 81%|████████  | 232/287 [01:40<00:24,  2.23it/s] 81%|████████  | 233/287 [01:40<00:24,  2.23it/s] 82%|████████▏ | 234/287 [01:41<00:23,  2.28it/s] 82%|████████▏ | 235/287 [01:41<00:22,  2.26it/s] 82%|████████▏ | 236/287 [01:41<00:21,  2.39it/s] 83%|████████▎ | 237/287 [01:42<00:20,  2.42it/s] 83%|████████▎ | 238/287 [01:42<00:20,  2.44it/s] 83%|████████▎ | 239/287 [01:43<00:20,  2.39it/s] 84%|████████▎ | 240/287 [01:43<00:19,  2.44it/s] 84%|████████▍ | 241/287 [01:43<00:19,  2.41it/s] 84%|████████▍ | 242/287 [01:44<00:18,  2.44it/s] 85%|████████▍ | 243/287 [01:44<00:17,  2.48it/s] 85%|████████▌ | 244/287 [01:45<00:17,  2.49it/s] 85%|████████▌ | 245/287 [01:45<00:17,  2.46it/s] 86%|████████▌ | 246/287 [01:46<00:17,  2.29it/s] 86%|████████▌ | 247/287 [01:46<00:18,  2.19it/s] 86%|████████▋ | 248/287 [01:46<00:17,  2.22it/s] 87%|████████▋ | 249/287 [01:47<00:16,  2.32it/s] 87%|████████▋ | 250/287 [01:47<00:15,  2.33it/s] 87%|████████▋ | 251/287 [01:48<00:15,  2.36it/s] 88%|████████▊ | 252/287 [01:48<00:14,  2.37it/s] 88%|████████▊ | 253/287 [01:48<00:14,  2.41it/s] 89%|████████▊ | 254/287 [01:49<00:13,  2.39it/s] 89%|████████▉ | 255/287 [01:49<00:13,  2.41it/s] 89%|████████▉ | 256/287 [01:50<00:13,  2.33it/s] 90%|████████▉ | 257/287 [01:50<00:12,  2.34it/s] 90%|████████▉ | 258/287 [01:51<00:12,  2.29it/s] 90%|█████████ | 259/287 [01:51<00:12,  2.30it/s] 91%|█████████ | 260/287 [01:51<00:11,  2.39it/s] 91%|█████████ | 261/287 [01:52<00:10,  2.45it/s] 91%|█████████▏| 262/287 [01:52<00:10,  2.34it/s] 92%|█████████▏| 263/287 [01:53<00:10,  2.30it/s] 92%|█████████▏| 264/287 [01:53<00:10,  2.20it/s] 92%|█████████▏| 265/287 [01:54<00:09,  2.36it/s] 93%|█████████▎| 266/287 [01:54<00:08,  2.41it/s] 93%|█████████▎| 267/287 [01:54<00:08,  2.40it/s] 93%|█████████▎| 268/287 [01:55<00:07,  2.43it/s] 94%|█████████▎| 269/287 [01:55<00:07,  2.49it/s] 94%|█████████▍| 270/287 [01:56<00:06,  2.48it/s] 94%|█████████▍| 271/287 [01:56<00:06,  2.30it/s] 95%|█████████▍| 272/287 [01:57<00:06,  2.17it/s] 95%|█████████▌| 273/287 [01:57<00:06,  2.19it/s] 95%|█████████▌| 274/287 [01:58<00:05,  2.21it/s] 96%|█████████▌| 275/287 [01:58<00:05,  2.26it/s] 96%|█████████▌| 276/287 [01:58<00:04,  2.32it/s] 97%|█████████▋| 277/287 [01:59<00:04,  2.39it/s] 97%|█████████▋| 278/287 [01:59<00:03,  2.36it/s] 97%|█████████▋| 279/287 [02:00<00:03,  2.39it/s] 98%|█████████▊| 280/287 [02:00<00:02,  2.34it/s] 98%|█████████▊| 281/287 [02:01<00:02,  2.21it/s] 98%|█████████▊| 282/287 [02:01<00:02,  2.34it/s] 99%|█████████▊| 283/287 [02:01<00:01,  2.34it/s] 99%|█████████▉| 284/287 [02:02<00:01,  2.37it/s] 99%|█████████▉| 285/287 [02:02<00:00,  2.41it/s]100%|█████████▉| 286/287 [02:03<00:00,  2.44it/s]100%|██████████| 287/287 [02:03<00:00,  2.54it/s]100%|██████████| 287/287 [02:03<00:00,  2.33it/s]
/home3/qljx17/MMOln-ssos/mmdetection/mmdet/models/dense_heads/anchor_head.py:115: UserWarning: DeprecationWarning: anchor_generator is deprecated, please use "prior_generator" instead
  warnings.warn('DeprecationWarning: anchor_generator is deprecated, '
/home3/qljx17/MMOln-ssos/mmdetection/mmdet/models/task_modules/samplers/sampling_result.py:132: UserWarning: DeprecationWarning: pos_bboxes is deprecated, please use "pos_priors" instead
  warnings.warn('DeprecationWarning: pos_bboxes is deprecated, '
loading annotations into memory...
Done (t=0.04s)
creating index...
index created!
05/05 16:44:17 - mmengine - INFO - Epoch(train) [12][ 50/287]  base_lr: 1.0000e-04 lr: 6.9834e-05  eta: 0:58:52  time: 3.8995  data_time: 2.6484  memory: 47313  loss: 0.4130  loss_rpn_cls: 0.0000  loss_rpn_bbox: 0.0917  loss_rpn_obj: 0.0196  loss_bbox: 0.0326  loss_bbox_score: 0.0018  loss_ood: 0.0219  loss_pseudo_class: 0.2453
05/05 16:45:27 - mmengine - INFO - Epoch(train) [12][100/287]  base_lr: 1.0000e-04 lr: 6.9834e-05  eta: 0:57:10  time: 1.4017  data_time: 0.1661  memory: 47312  loss: 0.3706  loss_rpn_cls: 0.0000  loss_rpn_bbox: 0.0837  loss_rpn_obj: 0.0197  loss_bbox: 0.0331  loss_bbox_score: 0.0017  loss_ood: 0.0208  loss_pseudo_class: 0.2116
05/05 16:46:39 - mmengine - INFO - Epoch(train) [12][150/287]  base_lr: 1.0000e-04 lr: 6.9834e-05  eta: 0:55:30  time: 1.4360  data_time: 0.1677  memory: 47312  loss: 0.4415  loss_rpn_cls: 0.0000  loss_rpn_bbox: 0.0921  loss_rpn_obj: 0.0203  loss_bbox: 0.0312  loss_bbox_score: 0.0017  loss_ood: 0.0220  loss_pseudo_class: 0.2743
05/05 16:47:50 - mmengine - INFO - Epoch(train) [12][200/287]  base_lr: 1.0000e-04 lr: 6.9834e-05  eta: 0:53:50  time: 1.4180  data_time: 0.1681  memory: 47313  loss: 0.4036  loss_rpn_cls: 0.0000  loss_rpn_bbox: 0.0849  loss_rpn_obj: 0.0204  loss_bbox: 0.0323  loss_bbox_score: 0.0018  loss_ood: 0.0206  loss_pseudo_class: 0.2436
05/05 16:49:01 - mmengine - INFO - Epoch(train) [12][250/287]  base_lr: 1.0000e-04 lr: 6.9834e-05  eta: 0:52:11  time: 1.4135  data_time: 0.1667  memory: 47312  loss: 0.4648  loss_rpn_cls: 0.0000  loss_rpn_bbox: 0.0952  loss_rpn_obj: 0.0191  loss_bbox: 0.0335  loss_bbox_score: 0.0019  loss_ood: 0.0210  loss_pseudo_class: 0.2942
05/05 16:49:52 - mmengine - INFO - Exp name: oln_ssos_box_convnext-t-p4-w7_fpn_amp-ms-crop-3x_dbf6_oodsampling1_startepoch3_k10_20250505_144606
05/05 16:49:52 - mmengine - INFO - Saving checkpoint at 12 epochs
/home3/qljx17/MMOln-ssos/mmdetection/mmdet/models/dense_heads/anchor_head.py:115: UserWarning: DeprecationWarning: anchor_generator is deprecated, please use "prior_generator" instead
  warnings.warn('DeprecationWarning: anchor_generator is deprecated, '
05/05 16:50:00 - mmengine - INFO - Epoch(val) [12][ 50/572]    eta: 0:00:41  time: 0.0796  data_time: 0.0206  memory: 47312  
05/05 16:50:04 - mmengine - INFO - Epoch(val) [12][100/572]    eta: 0:00:38  time: 0.0831  data_time: 0.0220  memory: 1139  
05/05 16:50:08 - mmengine - INFO - Epoch(val) [12][150/572]    eta: 0:00:34  time: 0.0797  data_time: 0.0210  memory: 1021  
05/05 16:50:12 - mmengine - INFO - Epoch(val) [12][200/572]    eta: 0:00:30  time: 0.0824  data_time: 0.0223  memory: 1059  
05/05 16:50:16 - mmengine - INFO - Epoch(val) [12][250/572]    eta: 0:00:26  time: 0.0808  data_time: 0.0209  memory: 1139  
05/05 16:50:20 - mmengine - INFO - Epoch(val) [12][300/572]    eta: 0:00:22  time: 0.0814  data_time: 0.0219  memory: 1046  
05/05 16:50:24 - mmengine - INFO - Epoch(val) [12][350/572]    eta: 0:00:17  time: 0.0801  data_time: 0.0211  memory: 1059  
05/05 16:50:28 - mmengine - INFO - Epoch(val) [12][400/572]    eta: 0:00:13  time: 0.0752  data_time: 0.0161  memory: 1113  
05/05 16:50:32 - mmengine - INFO - Epoch(val) [12][450/572]    eta: 0:00:09  time: 0.0759  data_time: 0.0164  memory: 1113  
05/05 16:50:36 - mmengine - INFO - Epoch(val) [12][500/572]    eta: 0:00:05  time: 0.0818  data_time: 0.0222  memory: 1087  
05/05 16:50:40 - mmengine - INFO - Epoch(val) [12][550/572]    eta: 0:00:01  time: 0.0798  data_time: 0.0210  memory: 1033  
05/05 16:50:54 - mmengine - INFO - Evaluating bbox...
Loading and preparing results...
DONE (t=2.85s)
creating index...
index created!
Running per image evaluation...
Evaluate annotation type *bbox*
DONE (t=24.42s).
Accumulating evaluation results...
DONE (t=24.42s).
 Average Precision  (AP) @[ IoU=0.50:0.95 | area=   all | maxDets=100 ] = 0.239
 Average Precision  (AP) @[ IoU=0.50      | area=   all | maxDets=100 ] = 0.372
 Average Precision  (AP) @[ IoU=0.75      | area=   all | maxDets=100 ] = 0.263
 Average Precision  (AP) @[ IoU=0.50:0.95 | area= small | maxDets=100 ] = 0.054
 Average Precision  (AP) @[ IoU=0.50:0.95 | area=medium | maxDets=100 ] = 0.082
 Average Precision  (AP) @[ IoU=0.50:0.95 | area= large | maxDets=100 ] = 0.598
 Average Recall     (AR) @[ IoU=0.50:0.95 | area=   all | maxDets= 10 ] = 0.429
 Average Recall     (AR) @[ IoU=0.50:0.95 | area=   all | maxDets= 20 ] = 0.457
 Average Recall     (AR) @[ IoU=0.50:0.95 | area=   all | maxDets= 30 ] = 0.473
 Average Recall     (AR) @[ IoU=0.50:0.95 | area=   all | maxDets= 50 ] = 0.496
 Average Recall     (AR) @[ IoU=0.50:0.95 | area=   all | maxDets=100 ] = 0.517
 Average Recall     (AR) @[ IoU=0.50:0.95 | area=   all | maxDets=300 ] = 0.536
 Average Recall     (AR) @[ IoU=0.50:0.95 | area=   all | maxDets=500 ] = 0.540
 Average Recall     (AR) @[ IoU=0.50:0.95 | area=   all | maxDets=1000 ] = 0.541
 Average Recall     (AR) @[ IoU=0.50:0.95 | area=   all | maxDets=1500 ] = 0.541
05/05 16:51:51 - mmengine - INFO - Optimal score threshold: 0.5358343124389648
05/05 16:51:51 - mmengine - INFO - Non OS Detected Anomaly Score Threshold: 0.8822535872459412
05/05 16:51:52 - mmengine - INFO - Non OS All Anomaly Score Threshold: 0.803734540939331
05/05 16:51:52 - mmengine - INFO - Detected Anomaly Score Threshold: 0.8842043280601501
05/05 16:51:52 - mmengine - INFO - All Anomaly Score Threshold: 0.8153684735298157
05/05 16:51:52 - mmengine - INFO - bbox_mAP_copypaste: 0.239 0.372 0.263 0.054 0.082 0.598
05/05 16:51:52 - mmengine - INFO - Epoch(val) [12][572/572]    dbf6/bbox_mAP: 0.2390  dbf6/bbox_mAP_50: 0.3720  dbf6/bbox_mAP_75: 0.2630  dbf6/bbox_mAP_s: 0.0540  dbf6/bbox_mAP_m: 0.0820  dbf6/bbox_mAP_l: 0.5980  data_time: 0.0204  time: 0.0799
  0%|          | 0/287 [00:00<?, ?it/s]  0%|          | 1/287 [00:00<02:06,  2.25it/s]  1%|          | 2/287 [00:00<02:08,  2.21it/s]  1%|          | 3/287 [00:01<02:04,  2.29it/s]  1%|▏         | 4/287 [00:01<02:07,  2.23it/s]  2%|▏         | 5/287 [00:02<02:06,  2.24it/s]  2%|▏         | 6/287 [00:02<02:01,  2.31it/s]  2%|▏         | 7/287 [00:03<01:58,  2.36it/s]  3%|▎         | 8/287 [00:03<01:56,  2.39it/s]  3%|▎         | 9/287 [00:03<01:57,  2.37it/s]  3%|▎         | 10/287 [00:04<01:59,  2.31it/s]  4%|▍         | 11/287 [00:04<01:56,  2.36it/s]  4%|▍         | 12/287 [00:05<01:52,  2.44it/s]  5%|▍         | 13/287 [00:05<01:50,  2.49it/s]  5%|▍         | 14/287 [00:05<01:51,  2.45it/s]  5%|▌         | 15/287 [00:06<01:55,  2.36it/s]  6%|▌         | 16/287 [00:06<01:51,  2.43it/s]  6%|▌         | 17/287 [00:07<01:51,  2.42it/s]  6%|▋         | 18/287 [00:07<01:50,  2.43it/s]  7%|▋         | 19/287 [00:08<01:59,  2.25it/s]  7%|▋         | 20/287 [00:08<01:55,  2.30it/s]  7%|▋         | 21/287 [00:09<02:01,  2.19it/s]  8%|▊         | 22/287 [00:09<02:04,  2.13it/s]  8%|▊         | 23/287 [00:09<01:57,  2.25it/s]  8%|▊         | 24/287 [00:10<01:51,  2.36it/s]  9%|▊         | 25/287 [00:10<01:49,  2.38it/s]  9%|▉         | 26/287 [00:11<01:55,  2.25it/s]  9%|▉         | 27/287 [00:11<01:53,  2.28it/s] 10%|▉         | 28/287 [00:12<01:54,  2.27it/s] 10%|█         | 29/287 [00:12<01:51,  2.32it/s] 10%|█         | 30/287 [00:12<01:51,  2.31it/s] 11%|█         | 31/287 [00:13<01:57,  2.17it/s] 11%|█         | 32/287 [00:13<01:52,  2.26it/s] 11%|█▏        | 33/287 [00:14<01:49,  2.31it/s] 12%|█▏        | 34/287 [00:14<01:57,  2.16it/s] 12%|█▏        | 35/287 [00:15<01:55,  2.19it/s] 13%|█▎        | 36/287 [00:15<01:50,  2.26it/s] 13%|█▎        | 37/287 [00:16<01:52,  2.22it/s] 13%|█▎        | 38/287 [00:16<01:51,  2.24it/s] 14%|█▎        | 39/287 [00:17<01:54,  2.16it/s] 14%|█▍        | 40/287 [00:17<01:50,  2.23it/s] 14%|█▍        | 41/287 [00:17<01:42,  2.39it/s] 15%|█▍        | 42/287 [00:18<01:47,  2.27it/s] 15%|█▍        | 43/287 [00:18<01:44,  2.33it/s] 15%|█▌        | 44/287 [00:19<01:43,  2.35it/s] 16%|█▌        | 45/287 [00:19<01:50,  2.20it/s] 16%|█▌        | 46/287 [00:20<01:44,  2.32it/s] 16%|█▋        | 47/287 [00:20<01:43,  2.33it/s] 17%|█▋        | 48/287 [00:20<01:43,  2.31it/s] 17%|█▋        | 49/287 [00:21<01:42,  2.31it/s] 17%|█▋        | 50/287 [00:21<01:42,  2.32it/s] 18%|█▊        | 51/287 [00:22<01:39,  2.36it/s] 18%|█▊        | 52/287 [00:22<01:35,  2.46it/s] 18%|█▊        | 53/287 [00:22<01:35,  2.45it/s] 19%|█▉        | 54/287 [00:23<01:38,  2.36it/s] 19%|█▉        | 55/287 [00:23<01:40,  2.30it/s] 20%|█▉        | 56/287 [00:24<01:36,  2.38it/s] 20%|█▉        | 57/287 [00:24<01:36,  2.38it/s] 20%|██        | 58/287 [00:25<01:32,  2.49it/s] 21%|██        | 59/287 [00:25<01:31,  2.48it/s] 21%|██        | 60/287 [00:25<01:34,  2.41it/s] 21%|██▏       | 61/287 [00:26<01:32,  2.44it/s] 22%|██▏       | 62/287 [00:26<01:32,  2.44it/s] 22%|██▏       | 63/287 [00:27<01:34,  2.38it/s] 22%|██▏       | 64/287 [00:27<01:38,  2.26it/s] 23%|██▎       | 65/287 [00:28<01:36,  2.31it/s] 23%|██▎       | 66/287 [00:28<01:40,  2.19it/s] 23%|██▎       | 67/287 [00:29<01:41,  2.16it/s] 24%|██▎       | 68/287 [00:29<01:44,  2.10it/s] 24%|██▍       | 69/287 [00:29<01:40,  2.18it/s] 24%|██▍       | 70/287 [00:30<01:36,  2.24it/s] 25%|██▍       | 71/287 [00:30<01:33,  2.32it/s] 25%|██▌       | 72/287 [00:31<01:34,  2.28it/s] 25%|██▌       | 73/287 [00:31<01:35,  2.25it/s] 26%|██▌       | 74/287 [00:32<01:33,  2.27it/s] 26%|██▌       | 75/287 [00:32<01:37,  2.17it/s] 26%|██▋       | 76/287 [00:32<01:32,  2.28it/s] 27%|██▋       | 77/287 [00:33<01:35,  2.21it/s] 27%|██▋       | 78/287 [00:33<01:31,  2.28it/s] 28%|██▊       | 79/287 [00:34<01:31,  2.28it/s] 28%|██▊       | 80/287 [00:34<01:35,  2.17it/s] 28%|██▊       | 81/287 [00:35<01:38,  2.10it/s] 29%|██▊       | 82/287 [00:35<01:33,  2.19it/s] 29%|██▉       | 83/287 [00:36<01:28,  2.30it/s] 29%|██▉       | 84/287 [00:36<01:31,  2.21it/s] 30%|██▉       | 85/287 [00:37<01:31,  2.21it/s] 30%|██▉       | 86/287 [00:37<01:29,  2.24it/s] 30%|███       | 87/287 [00:37<01:26,  2.30it/s] 31%|███       | 88/287 [00:38<01:23,  2.38it/s] 31%|███       | 89/287 [00:38<01:22,  2.39it/s] 31%|███▏      | 90/287 [00:39<01:22,  2.38it/s] 32%|███▏      | 91/287 [00:39<01:24,  2.31it/s] 32%|███▏      | 92/287 [00:40<01:29,  2.17it/s] 32%|███▏      | 93/287 [00:40<01:27,  2.21it/s] 33%|███▎      | 94/287 [00:40<01:26,  2.24it/s] 33%|███▎      | 95/287 [00:41<01:21,  2.36it/s] 33%|███▎      | 96/287 [00:41<01:18,  2.43it/s] 34%|███▍      | 97/287 [00:42<01:20,  2.36it/s] 34%|███▍      | 98/287 [00:42<01:22,  2.30it/s] 34%|███▍      | 99/287 [00:43<01:20,  2.33it/s] 35%|███▍      | 100/287 [00:43<01:25,  2.19it/s] 35%|███▌      | 101/287 [00:44<01:23,  2.24it/s] 36%|███▌      | 102/287 [00:44<01:18,  2.35it/s] 36%|███▌      | 103/287 [00:44<01:18,  2.34it/s] 36%|███▌      | 104/287 [00:45<01:23,  2.20it/s] 37%|███▋      | 105/287 [00:45<01:24,  2.15it/s] 37%|███▋      | 106/287 [00:46<01:20,  2.24it/s] 37%|███▋      | 107/287 [00:46<01:22,  2.19it/s] 38%|███▊      | 108/287 [00:47<01:19,  2.26it/s] 38%|███▊      | 109/287 [00:47<01:20,  2.22it/s] 38%|███▊      | 110/287 [00:47<01:16,  2.30it/s] 39%|███▊      | 111/287 [00:48<01:14,  2.35it/s] 39%|███▉      | 112/287 [00:48<01:12,  2.41it/s] 39%|███▉      | 113/287 [00:49<01:11,  2.42it/s] 40%|███▉      | 114/287 [00:49<01:10,  2.45it/s] 40%|████      | 115/287 [00:50<01:09,  2.46it/s] 40%|████      | 116/287 [00:50<01:14,  2.31it/s] 41%|████      | 117/287 [00:50<01:12,  2.35it/s] 41%|████      | 118/287 [00:51<01:09,  2.42it/s] 41%|████▏     | 119/287 [00:51<01:09,  2.41it/s] 42%|████▏     | 120/287 [00:52<01:10,  2.38it/s] 42%|████▏     | 121/287 [00:52<01:07,  2.45it/s] 43%|████▎     | 122/287 [00:52<01:06,  2.48it/s] 43%|████▎     | 123/287 [00:53<01:05,  2.51it/s] 43%|████▎     | 124/287 [00:53<01:07,  2.41it/s] 44%|████▎     | 125/287 [00:54<01:06,  2.45it/s] 44%|████▍     | 126/287 [00:54<01:04,  2.49it/s] 44%|████▍     | 127/287 [00:55<01:09,  2.32it/s] 45%|████▍     | 128/287 [00:55<01:09,  2.30it/s] 45%|████▍     | 129/287 [00:55<01:07,  2.36it/s] 45%|████▌     | 130/287 [00:56<01:07,  2.32it/s] 46%|████▌     | 131/287 [00:56<01:05,  2.39it/s] 46%|████▌     | 132/287 [00:57<01:04,  2.39it/s] 46%|████▋     | 133/287 [00:57<01:03,  2.41it/s] 47%|████▋     | 134/287 [00:57<01:01,  2.47it/s] 47%|████▋     | 135/287 [00:58<01:06,  2.30it/s] 47%|████▋     | 136/287 [00:58<01:05,  2.32it/s] 48%|████▊     | 137/287 [00:59<01:03,  2.35it/s] 48%|████▊     | 138/287 [00:59<01:03,  2.36it/s] 48%|████▊     | 139/287 [01:00<01:00,  2.46it/s] 49%|████▉     | 140/287 [01:00<00:59,  2.46it/s] 49%|████▉     | 141/287 [01:00<00:57,  2.54it/s] 49%|████▉     | 142/287 [01:01<00:59,  2.43it/s] 50%|████▉     | 143/287 [01:01<00:59,  2.44it/s] 50%|█████     | 144/287 [01:02<01:00,  2.38it/s] 51%|█████     | 145/287 [01:02<00:59,  2.40it/s] 51%|█████     | 146/287 [01:03<01:02,  2.26it/s] 51%|█████     | 147/287 [01:03<01:01,  2.29it/s] 52%|█████▏    | 148/287 [01:03<01:00,  2.28it/s] 52%|█████▏    | 149/287 [01:04<00:59,  2.33it/s] 52%|█████▏    | 150/287 [01:04<00:57,  2.38it/s] 53%|█████▎    | 151/287 [01:05<00:55,  2.44it/s] 53%|█████▎    | 152/287 [01:05<00:54,  2.48it/s] 53%|█████▎    | 153/287 [01:05<00:58,  2.31it/s] 54%|█████▎    | 154/287 [01:06<01:00,  2.18it/s] 54%|█████▍    | 155/287 [01:06<00:59,  2.21it/s] 54%|█████▍    | 156/287 [01:07<01:00,  2.18it/s] 55%|█████▍    | 157/287 [01:07<00:58,  2.21it/s] 55%|█████▌    | 158/287 [01:08<01:00,  2.13it/s] 55%|█████▌    | 159/287 [01:08<00:59,  2.15it/s] 56%|█████▌    | 160/287 [01:09<00:56,  2.25it/s] 56%|█████▌    | 161/287 [01:09<00:55,  2.27it/s] 56%|█████▋    | 162/287 [01:10<00:58,  2.15it/s] 57%|█████▋    | 163/287 [01:10<00:56,  2.21it/s] 57%|█████▋    | 164/287 [01:11<00:55,  2.23it/s] 57%|█████▋    | 165/287 [01:11<00:55,  2.19it/s] 58%|█████▊    | 166/287 [01:11<00:52,  2.30it/s] 58%|█████▊    | 167/287 [01:12<00:51,  2.32it/s] 59%|█████▊    | 168/287 [01:12<00:53,  2.24it/s] 59%|█████▉    | 169/287 [01:13<00:51,  2.31it/s] 59%|█████▉    | 170/287 [01:13<00:48,  2.39it/s] 60%|█████▉    | 171/287 [01:13<00:47,  2.44it/s] 60%|█████▉    | 172/287 [01:14<00:49,  2.30it/s] 60%|██████    | 173/287 [01:14<00:52,  2.16it/s] 61%|██████    | 174/287 [01:15<00:52,  2.15it/s] 61%|██████    | 175/287 [01:15<00:50,  2.21it/s] 61%|██████▏   | 176/287 [01:16<00:48,  2.30it/s] 62%|██████▏   | 177/287 [01:16<00:47,  2.30it/s] 62%|██████▏   | 178/287 [01:17<00:48,  2.26it/s] 62%|██████▏   | 179/287 [01:17<00:47,  2.29it/s] 63%|██████▎   | 180/287 [01:18<00:46,  2.32it/s] 63%|██████▎   | 181/287 [01:18<00:44,  2.38it/s] 63%|██████▎   | 182/287 [01:18<00:46,  2.24it/s] 64%|██████▍   | 183/287 [01:19<00:45,  2.27it/s] 64%|██████▍   | 184/287 [01:19<00:45,  2.29it/s] 64%|██████▍   | 185/287 [01:20<00:43,  2.37it/s] 65%|██████▍   | 186/287 [01:20<00:45,  2.22it/s] 65%|██████▌   | 187/287 [01:21<00:44,  2.23it/s] 66%|██████▌   | 188/287 [01:21<00:42,  2.35it/s] 66%|██████▌   | 189/287 [01:21<00:40,  2.39it/s] 66%|██████▌   | 190/287 [01:22<00:40,  2.38it/s] 67%|██████▋   | 191/287 [01:22<00:40,  2.36it/s] 67%|██████▋   | 192/287 [01:23<00:39,  2.42it/s] 67%|██████▋   | 193/287 [01:23<00:39,  2.37it/s] 68%|██████▊   | 194/287 [01:24<00:41,  2.23it/s] 68%|██████▊   | 195/287 [01:24<00:42,  2.14it/s] 68%|██████▊   | 196/287 [01:24<00:40,  2.24it/s] 69%|██████▊   | 197/287 [01:25<00:42,  2.13it/s] 69%|██████▉   | 198/287 [01:25<00:40,  2.18it/s] 69%|██████▉   | 199/287 [01:26<00:38,  2.31it/s] 70%|██████▉   | 200/287 [01:26<00:37,  2.31it/s] 70%|███████   | 201/287 [01:27<00:37,  2.30it/s] 70%|███████   | 202/287 [01:27<00:37,  2.26it/s] 71%|███████   | 203/287 [01:28<00:36,  2.27it/s] 71%|███████   | 204/287 [01:28<00:35,  2.35it/s] 71%|███████▏  | 205/287 [01:28<00:34,  2.39it/s] 72%|███████▏  | 206/287 [01:29<00:33,  2.38it/s] 72%|███████▏  | 207/287 [01:29<00:34,  2.34it/s] 72%|███████▏  | 208/287 [01:30<00:33,  2.39it/s] 73%|███████▎  | 209/287 [01:30<00:32,  2.39it/s] 73%|███████▎  | 210/287 [01:30<00:31,  2.41it/s] 74%|███████▎  | 211/287 [01:31<00:33,  2.28it/s] 74%|███████▍  | 212/287 [01:31<00:32,  2.30it/s] 74%|███████▍  | 213/287 [01:32<00:31,  2.37it/s] 75%|███████▍  | 214/287 [01:32<00:30,  2.42it/s] 75%|███████▍  | 215/287 [01:33<00:30,  2.39it/s] 75%|███████▌  | 216/287 [01:33<00:29,  2.37it/s] 76%|███████▌  | 217/287 [01:33<00:29,  2.35it/s] 76%|███████▌  | 218/287 [01:34<00:29,  2.33it/s] 76%|███████▋  | 219/287 [01:34<00:28,  2.41it/s] 77%|███████▋  | 220/287 [01:35<00:27,  2.47it/s] 77%|███████▋  | 221/287 [01:35<00:26,  2.50it/s] 77%|███████▋  | 222/287 [01:35<00:26,  2.43it/s] 78%|███████▊  | 223/287 [01:36<00:27,  2.30it/s] 78%|███████▊  | 224/287 [01:36<00:27,  2.30it/s] 78%|███████▊  | 225/287 [01:37<00:25,  2.40it/s] 79%|███████▊  | 226/287 [01:37<00:26,  2.30it/s] 79%|███████▉  | 227/287 [01:38<00:26,  2.29it/s] 79%|███████▉  | 228/287 [01:38<00:25,  2.31it/s] 80%|███████▉  | 229/287 [01:39<00:25,  2.25it/s] 80%|████████  | 230/287 [01:39<00:24,  2.31it/s] 80%|████████  | 231/287 [01:39<00:24,  2.26it/s] 81%|████████  | 232/287 [01:40<00:23,  2.36it/s] 81%|████████  | 233/287 [01:40<00:24,  2.20it/s] 82%|████████▏ | 234/287 [01:41<00:23,  2.25it/s] 82%|████████▏ | 235/287 [01:41<00:22,  2.27it/s] 82%|████████▏ | 236/287 [01:42<00:21,  2.34it/s] 83%|████████▎ | 237/287 [01:42<00:21,  2.38it/s] 83%|████████▎ | 238/287 [01:42<00:20,  2.43it/s] 83%|████████▎ | 239/287 [01:43<00:20,  2.40it/s] 84%|████████▎ | 240/287 [01:43<00:20,  2.32it/s] 84%|████████▍ | 241/287 [01:44<00:19,  2.34it/s] 84%|████████▍ | 242/287 [01:44<00:18,  2.47it/s] 85%|████████▍ | 243/287 [01:45<00:18,  2.39it/s] 85%|████████▌ | 244/287 [01:45<00:17,  2.43it/s] 85%|████████▌ | 245/287 [01:45<00:16,  2.51it/s] 86%|████████▌ | 246/287 [01:46<00:16,  2.49it/s] 86%|████████▌ | 247/287 [01:46<00:16,  2.43it/s] 86%|████████▋ | 248/287 [01:47<00:17,  2.27it/s] 87%|████████▋ | 249/287 [01:47<00:16,  2.29it/s] 87%|████████▋ | 250/287 [01:47<00:15,  2.34it/s] 87%|████████▋ | 251/287 [01:48<00:14,  2.42it/s] 88%|████████▊ | 252/287 [01:48<00:14,  2.40it/s] 88%|████████▊ | 253/287 [01:49<00:14,  2.39it/s] 89%|████████▊ | 254/287 [01:49<00:13,  2.40it/s] 89%|████████▉ | 255/287 [01:50<00:13,  2.32it/s] 89%|████████▉ | 256/287 [01:50<00:12,  2.41it/s] 90%|████████▉ | 257/287 [01:50<00:12,  2.47it/s] 90%|████████▉ | 258/287 [01:51<00:11,  2.46it/s] 90%|█████████ | 259/287 [01:51<00:11,  2.43it/s] 91%|█████████ | 260/287 [01:52<00:11,  2.25it/s] 91%|█████████ | 261/287 [01:52<00:11,  2.18it/s] 91%|█████████▏| 262/287 [01:53<00:12,  2.08it/s] 92%|█████████▏| 263/287 [01:53<00:10,  2.18it/s] 92%|█████████▏| 264/287 [01:54<00:10,  2.22it/s] 92%|█████████▏| 265/287 [01:54<00:09,  2.27it/s] 93%|█████████▎| 266/287 [01:54<00:09,  2.29it/s] 93%|█████████▎| 267/287 [01:55<00:08,  2.31it/s] 93%|█████████▎| 268/287 [01:55<00:08,  2.23it/s] 94%|█████████▎| 269/287 [01:56<00:07,  2.37it/s] 94%|█████████▍| 270/287 [01:56<00:07,  2.28it/s] 94%|█████████▍| 271/287 [01:57<00:06,  2.30it/s] 95%|█████████▍| 272/287 [01:57<00:06,  2.19it/s] 95%|█████████▌| 273/287 [01:58<00:06,  2.24it/s] 95%|█████████▌| 274/287 [01:58<00:05,  2.22it/s] 96%|█████████▌| 275/287 [01:58<00:05,  2.33it/s] 96%|█████████▌| 276/287 [01:59<00:04,  2.29it/s] 97%|█████████▋| 277/287 [01:59<00:04,  2.37it/s] 97%|█████████▋| 278/287 [02:00<00:03,  2.34it/s] 97%|█████████▋| 279/287 [02:00<00:03,  2.33it/s] 98%|█████████▊| 280/287 [02:00<00:02,  2.40it/s] 98%|█████████▊| 281/287 [02:01<00:02,  2.39it/s] 98%|█████████▊| 282/287 [02:01<00:02,  2.25it/s] 99%|█████████▊| 283/287 [02:02<00:01,  2.32it/s] 99%|█████████▉| 284/287 [02:02<00:01,  2.32it/s] 99%|█████████▉| 285/287 [02:03<00:00,  2.36it/s]100%|█████████▉| 286/287 [02:03<00:00,  2.41it/s]100%|██████████| 287/287 [02:03<00:00,  2.58it/s]100%|██████████| 287/287 [02:03<00:00,  2.32it/s]
/home3/qljx17/MMOln-ssos/mmdetection/mmdet/models/dense_heads/anchor_head.py:115: UserWarning: DeprecationWarning: anchor_generator is deprecated, please use "prior_generator" instead
  warnings.warn('DeprecationWarning: anchor_generator is deprecated, '
/home3/qljx17/MMOln-ssos/mmdetection/mmdet/models/task_modules/samplers/sampling_result.py:132: UserWarning: DeprecationWarning: pos_bboxes is deprecated, please use "pos_priors" instead
  warnings.warn('DeprecationWarning: pos_bboxes is deprecated, '
loading annotations into memory...
Done (t=0.04s)
creating index...
index created!
05/05 16:55:08 - mmengine - INFO - Epoch(train) [13][ 50/287]  base_lr: 1.0000e-04 lr: 6.9834e-05  eta: 0:50:21  time: 3.9157  data_time: 2.6532  memory: 47312  loss: 0.3555  loss_rpn_cls: 0.0000  loss_rpn_bbox: 0.0858  loss_rpn_obj: 0.0187  loss_bbox: 0.0316  loss_bbox_score: 0.0018  loss_ood: 0.0216  loss_pseudo_class: 0.1961
05/05 16:56:20 - mmengine - INFO - Epoch(train) [13][100/287]  base_lr: 1.0000e-04 lr: 6.9834e-05  eta: 0:48:42  time: 1.4404  data_time: 0.1725  memory: 47313  loss: 0.4434  loss_rpn_cls: 0.0000  loss_rpn_bbox: 0.0965  loss_rpn_obj: 0.0208  loss_bbox: 0.0339  loss_bbox_score: 0.0018  loss_ood: 0.0217  loss_pseudo_class: 0.2688
05/05 16:57:30 - mmengine - INFO - Epoch(train) [13][150/287]  base_lr: 1.0000e-04 lr: 6.9834e-05  eta: 0:47:03  time: 1.4003  data_time: 0.1642  memory: 47313  loss: 0.3425  loss_rpn_cls: 0.0000  loss_rpn_bbox: 0.0890  loss_rpn_obj: 0.0197  loss_bbox: 0.0312  loss_bbox_score: 0.0017  loss_ood: 0.0210  loss_pseudo_class: 0.1798
05/05 16:58:42 - mmengine - INFO - Epoch(train) [13][200/287]  base_lr: 1.0000e-04 lr: 6.9834e-05  eta: 0:45:26  time: 1.4429  data_time: 0.1694  memory: 47313  loss: 0.4403  loss_rpn_cls: 0.0000  loss_rpn_bbox: 0.0857  loss_rpn_obj: 0.0187  loss_bbox: 0.0321  loss_bbox_score: 0.0017  loss_ood: 0.0212  loss_pseudo_class: 0.2810
05/05 16:59:52 - mmengine - INFO - Epoch(train) [13][250/287]  base_lr: 1.0000e-04 lr: 6.9834e-05  eta: 0:43:48  time: 1.3933  data_time: 0.1634  memory: 47312  loss: 0.3240  loss_rpn_cls: 0.0000  loss_rpn_bbox: 0.0963  loss_rpn_obj: 0.0188  loss_bbox: 0.0322  loss_bbox_score: 0.0017  loss_ood: 0.0211  loss_pseudo_class: 0.1540
05/05 17:00:44 - mmengine - INFO - Exp name: oln_ssos_box_convnext-t-p4-w7_fpn_amp-ms-crop-3x_dbf6_oodsampling1_startepoch3_k10_20250505_144606
05/05 17:00:48 - mmengine - INFO - Epoch(val) [13][ 50/572]    eta: 0:00:41  time: 0.0795  data_time: 0.0204  memory: 47313  
05/05 17:00:52 - mmengine - INFO - Epoch(val) [13][100/572]    eta: 0:00:38  time: 0.0842  data_time: 0.0225  memory: 1139  
05/05 17:00:56 - mmengine - INFO - Epoch(val) [13][150/572]    eta: 0:00:34  time: 0.0793  data_time: 0.0210  memory: 1021  
05/05 17:01:00 - mmengine - INFO - Epoch(val) [13][200/572]    eta: 0:00:30  time: 0.0803  data_time: 0.0213  memory: 1059  
05/05 17:01:04 - mmengine - INFO - Epoch(val) [13][250/572]    eta: 0:00:26  time: 0.0815  data_time: 0.0216  memory: 1139  
05/05 17:01:08 - mmengine - INFO - Epoch(val) [13][300/572]    eta: 0:00:22  time: 0.0806  data_time: 0.0216  memory: 1046  
05/05 17:01:12 - mmengine - INFO - Epoch(val) [13][350/572]    eta: 0:00:17  time: 0.0803  data_time: 0.0216  memory: 1059  
05/05 17:01:16 - mmengine - INFO - Epoch(val) [13][400/572]    eta: 0:00:13  time: 0.0752  data_time: 0.0161  memory: 1113  
05/05 17:01:20 - mmengine - INFO - Epoch(val) [13][450/572]    eta: 0:00:09  time: 0.0746  data_time: 0.0154  memory: 1113  
05/05 17:01:24 - mmengine - INFO - Epoch(val) [13][500/572]    eta: 0:00:05  time: 0.0824  data_time: 0.0227  memory: 1087  
05/05 17:01:28 - mmengine - INFO - Epoch(val) [13][550/572]    eta: 0:00:01  time: 0.0797  data_time: 0.0210  memory: 1033  
05/05 17:01:43 - mmengine - INFO - Evaluating bbox...
Loading and preparing results...
DONE (t=2.81s)
creating index...
index created!
Running per image evaluation...
Evaluate annotation type *bbox*
DONE (t=24.70s).
Accumulating evaluation results...
DONE (t=24.22s).
 Average Precision  (AP) @[ IoU=0.50:0.95 | area=   all | maxDets=100 ] = 0.143
 Average Precision  (AP) @[ IoU=0.50      | area=   all | maxDets=100 ] = 0.214
 Average Precision  (AP) @[ IoU=0.75      | area=   all | maxDets=100 ] = 0.142
 Average Precision  (AP) @[ IoU=0.50:0.95 | area= small | maxDets=100 ] = 0.017
 Average Precision  (AP) @[ IoU=0.50:0.95 | area=medium | maxDets=100 ] = 0.033
 Average Precision  (AP) @[ IoU=0.50:0.95 | area= large | maxDets=100 ] = 0.393
 Average Recall     (AR) @[ IoU=0.50:0.95 | area=   all | maxDets= 10 ] = 0.396
 Average Recall     (AR) @[ IoU=0.50:0.95 | area=   all | maxDets= 20 ] = 0.433
 Average Recall     (AR) @[ IoU=0.50:0.95 | area=   all | maxDets= 30 ] = 0.453
 Average Recall     (AR) @[ IoU=0.50:0.95 | area=   all | maxDets= 50 ] = 0.477
 Average Recall     (AR) @[ IoU=0.50:0.95 | area=   all | maxDets=100 ] = 0.501
 Average Recall     (AR) @[ IoU=0.50:0.95 | area=   all | maxDets=300 ] = 0.533
 Average Recall     (AR) @[ IoU=0.50:0.95 | area=   all | maxDets=500 ] = 0.542
 Average Recall     (AR) @[ IoU=0.50:0.95 | area=   all | maxDets=1000 ] = 0.546
 Average Recall     (AR) @[ IoU=0.50:0.95 | area=   all | maxDets=1500 ] = 0.546
05/05 17:02:39 - mmengine - INFO - Optimal score threshold: 0.6104496777057647
05/05 17:02:39 - mmengine - INFO - Non OS Detected Anomaly Score Threshold: 0.8892795443534851
05/05 17:02:40 - mmengine - INFO - Non OS All Anomaly Score Threshold: 0.7359244227409363
05/05 17:02:40 - mmengine - INFO - Detected Anomaly Score Threshold: 0.8959314823150635
05/05 17:02:40 - mmengine - INFO - All Anomaly Score Threshold: 0.7996822595596313
05/05 17:02:40 - mmengine - INFO - bbox_mAP_copypaste: 0.143 0.214 0.142 0.017 0.033 0.393
05/05 17:02:40 - mmengine - INFO - Epoch(val) [13][572/572]    dbf6/bbox_mAP: 0.1430  dbf6/bbox_mAP_50: 0.2140  dbf6/bbox_mAP_75: 0.1420  dbf6/bbox_mAP_s: 0.0170  dbf6/bbox_mAP_m: 0.0330  dbf6/bbox_mAP_l: 0.3930  data_time: 0.0204  time: 0.0796
  0%|          | 0/287 [00:00<?, ?it/s]  0%|          | 1/287 [00:00<02:04,  2.29it/s]  1%|          | 2/287 [00:00<02:17,  2.08it/s]  1%|          | 3/287 [00:01<02:07,  2.22it/s]  1%|▏         | 4/287 [00:01<02:05,  2.25it/s]  2%|▏         | 5/287 [00:02<01:59,  2.37it/s]  2%|▏         | 6/287 [00:02<02:04,  2.25it/s]  2%|▏         | 7/287 [00:03<02:04,  2.25it/s]  3%|▎         | 8/287 [00:03<02:01,  2.31it/s]  3%|▎         | 9/287 [00:03<01:56,  2.39it/s]  3%|▎         | 10/287 [00:04<01:56,  2.39it/s]  4%|▍         | 11/287 [00:04<01:55,  2.40it/s]  4%|▍         | 12/287 [00:05<01:50,  2.48it/s]  5%|▍         | 13/287 [00:05<01:47,  2.54it/s]  5%|▍         | 14/287 [00:05<01:47,  2.54it/s]  5%|▌         | 15/287 [00:06<01:48,  2.51it/s]  6%|▌         | 16/287 [00:06<01:53,  2.39it/s]  6%|▌         | 17/287 [00:07<01:52,  2.39it/s]  6%|▋         | 18/287 [00:07<01:49,  2.45it/s]  7%|▋         | 19/287 [00:07<01:49,  2.45it/s]  7%|▋         | 20/287 [00:08<01:46,  2.52it/s]  7%|▋         | 21/287 [00:08<01:43,  2.58it/s]  8%|▊         | 22/287 [00:09<01:42,  2.58it/s]  8%|▊         | 23/287 [00:09<01:44,  2.54it/s]  8%|▊         | 24/287 [00:09<01:45,  2.50it/s]  9%|▊         | 25/287 [00:10<01:44,  2.51it/s]  9%|▉         | 26/287 [00:10<01:45,  2.48it/s]  9%|▉         | 27/287 [00:11<01:46,  2.43it/s] 10%|▉         | 28/287 [00:11<01:43,  2.51it/s] 10%|█         | 29/287 [00:11<01:44,  2.47it/s] 10%|█         | 30/287 [00:12<01:45,  2.44it/s] 11%|█         | 31/287 [00:12<01:50,  2.32it/s] 11%|█         | 32/287 [00:13<01:51,  2.29it/s] 11%|█▏        | 33/287 [00:13<01:47,  2.36it/s] 12%|█▏        | 34/287 [00:14<01:46,  2.37it/s] 12%|█▏        | 35/287 [00:14<01:44,  2.41it/s] 13%|█▎        | 36/287 [00:14<01:44,  2.40it/s] 13%|█▎        | 37/287 [00:15<01:44,  2.40it/s] 13%|█▎        | 38/287 [00:15<01:41,  2.45it/s] 14%|█▎        | 39/287 [00:16<01:43,  2.39it/s] 14%|█▍        | 40/287 [00:16<01:44,  2.35it/s] 14%|█▍        | 41/287 [00:17<01:44,  2.37it/s] 15%|█▍        | 42/287 [00:17<01:42,  2.39it/s] 15%|█▍        | 43/287 [00:17<01:49,  2.24it/s] 15%|█▌        | 44/287 [00:18<01:45,  2.30it/s] 16%|█▌        | 45/287 [00:18<01:51,  2.17it/s] 16%|█▌        | 46/287 [00:19<01:49,  2.21it/s] 16%|█▋        | 47/287 [00:19<01:53,  2.11it/s] 17%|█▋        | 48/287 [00:20<01:51,  2.15it/s] 17%|█▋        | 49/287 [00:20<01:51,  2.13it/s] 17%|█▋        | 50/287 [00:21<01:45,  2.25it/s] 18%|█▊        | 51/287 [00:21<01:44,  2.25it/s] 18%|█▊        | 52/287 [00:22<01:48,  2.16it/s] 18%|█▊        | 53/287 [00:22<01:47,  2.18it/s] 19%|█▉        | 54/287 [00:23<01:51,  2.10it/s] 19%|█▉        | 55/287 [00:23<01:46,  2.18it/s] 20%|█▉        | 56/287 [00:23<01:42,  2.25it/s] 20%|█▉        | 57/287 [00:24<01:37,  2.35it/s] 20%|██        | 58/287 [00:24<01:34,  2.42it/s] 21%|██        | 59/287 [00:25<01:38,  2.31it/s] 21%|██        | 60/287 [00:25<01:36,  2.36it/s] 21%|██▏       | 61/287 [00:26<01:39,  2.27it/s] 22%|██▏       | 62/287 [00:26<01:36,  2.32it/s] 22%|██▏       | 63/287 [00:26<01:34,  2.37it/s] 22%|██▏       | 64/287 [00:27<01:40,  2.21it/s] 23%|██▎       | 65/287 [00:27<01:39,  2.23it/s] 23%|██▎       | 66/287 [00:28<01:35,  2.31it/s] 23%|██▎       | 67/287 [00:28<01:37,  2.27it/s] 24%|██▎       | 68/287 [00:29<01:41,  2.15it/s] 24%|██▍       | 69/287 [00:29<01:45,  2.07it/s] 24%|██▍       | 70/287 [00:30<01:37,  2.23it/s] 25%|██▍       | 71/287 [00:30<01:32,  2.34it/s] 25%|██▌       | 72/287 [00:30<01:37,  2.21it/s] 25%|██▌       | 73/287 [00:31<01:31,  2.34it/s] 26%|██▌       | 74/287 [00:31<01:32,  2.30it/s] 26%|██▌       | 75/287 [00:32<01:29,  2.38it/s] 26%|██▋       | 76/287 [00:32<01:25,  2.48it/s] 27%|██▋       | 77/287 [00:32<01:25,  2.45it/s] 27%|██▋       | 78/287 [00:33<01:30,  2.30it/s] 28%|██▊       | 79/287 [00:33<01:27,  2.37it/s] 28%|██▊       | 80/287 [00:34<01:28,  2.35it/s] 28%|██▊       | 81/287 [00:34<01:33,  2.20it/s] 29%|██▊       | 82/287 [00:35<01:29,  2.30it/s] 29%|██▉       | 83/287 [00:35<01:29,  2.29it/s] 29%|██▉       | 84/287 [00:36<01:28,  2.29it/s] 30%|██▉       | 85/287 [00:36<01:26,  2.33it/s] 30%|██▉       | 86/287 [00:36<01:24,  2.37it/s] 30%|███       | 87/287 [00:37<01:27,  2.28it/s] 31%|███       | 88/287 [00:37<01:23,  2.38it/s] 31%|███       | 89/287 [00:38<01:28,  2.24it/s] 31%|███▏      | 90/287 [00:38<01:26,  2.28it/s] 32%|███▏      | 91/287 [00:39<01:28,  2.23it/s] 32%|███▏      | 92/287 [00:39<01:25,  2.29it/s] 32%|███▏      | 93/287 [00:39<01:26,  2.24it/s] 33%|███▎      | 94/287 [00:40<01:26,  2.24it/s] 33%|███▎      | 95/287 [00:40<01:27,  2.19it/s] 33%|███▎      | 96/287 [00:41<01:23,  2.29it/s] 34%|███▍      | 97/287 [00:41<01:23,  2.26it/s] 34%|███▍      | 98/287 [00:42<01:21,  2.33it/s] 34%|███▍      | 99/287 [00:42<01:24,  2.22it/s] 35%|███▍      | 100/287 [00:43<01:27,  2.14it/s] 35%|███▌      | 101/287 [00:43<01:22,  2.25it/s] 36%|███▌      | 102/287 [00:44<01:21,  2.27it/s] 36%|███▌      | 103/287 [00:44<01:17,  2.37it/s] 36%|███▌      | 104/287 [00:44<01:16,  2.39it/s] 37%|███▋      | 105/287 [00:45<01:13,  2.47it/s] 37%|███▋      | 106/287 [00:45<01:19,  2.28it/s] 37%|███▋      | 107/287 [00:46<01:21,  2.21it/s] 38%|███▊      | 108/287 [00:46<01:18,  2.29it/s] 38%|███▊      | 109/287 [00:46<01:15,  2.35it/s] 38%|███▊      | 110/287 [00:47<01:14,  2.39it/s] 39%|███▊      | 111/287 [00:47<01:17,  2.26it/s] 39%|███▉      | 112/287 [00:48<01:15,  2.33it/s] 39%|███▉      | 113/287 [00:48<01:14,  2.33it/s] 40%|███▉      | 114/287 [00:49<01:14,  2.32it/s] 40%|████      | 115/287 [00:49<01:11,  2.41it/s] 40%|████      | 116/287 [00:49<01:13,  2.33it/s] 41%|████      | 117/287 [00:50<01:15,  2.25it/s] 41%|████      | 118/287 [00:50<01:14,  2.27it/s] 41%|████▏     | 119/287 [00:51<01:12,  2.30it/s] 42%|████▏     | 120/287 [00:51<01:17,  2.16it/s] 42%|████▏     | 121/287 [00:52<01:19,  2.08it/s] 43%|████▎     | 122/287 [00:52<01:14,  2.21it/s] 43%|████▎     | 123/287 [00:53<01:15,  2.18it/s] 43%|████▎     | 124/287 [00:53<01:13,  2.23it/s] 44%|████▎     | 125/287 [00:54<01:13,  2.20it/s] 44%|████▍     | 126/287 [00:54<01:15,  2.14it/s] 44%|████▍     | 127/287 [00:55<01:11,  2.23it/s] 45%|████▍     | 128/287 [00:55<01:09,  2.30it/s] 45%|████▍     | 129/287 [00:55<01:12,  2.19it/s] 45%|████▌     | 130/287 [00:56<01:11,  2.20it/s] 46%|████▌     | 131/287 [00:56<01:08,  2.27it/s] 46%|████▌     | 132/287 [00:57<01:07,  2.30it/s] 46%|████▋     | 133/287 [00:57<01:04,  2.40it/s] 47%|████▋     | 134/287 [00:57<01:02,  2.44it/s] 47%|████▋     | 135/287 [00:58<01:02,  2.44it/s] 47%|████▋     | 136/287 [00:58<01:02,  2.40it/s] 48%|████▊     | 137/287 [00:59<01:05,  2.28it/s] 48%|████▊     | 138/287 [00:59<01:04,  2.32it/s] 48%|████▊     | 139/287 [01:00<01:02,  2.36it/s] 49%|████▉     | 140/287 [01:00<01:01,  2.39it/s] 49%|████▉     | 141/287 [01:00<01:00,  2.42it/s] 49%|████▉     | 142/287 [01:01<00:58,  2.48it/s] 50%|████▉     | 143/287 [01:01<00:58,  2.48it/s] 50%|█████     | 144/287 [01:02<01:02,  2.29it/s] 51%|█████     | 145/287 [01:02<01:01,  2.30it/s] 51%|█████     | 146/287 [01:03<01:00,  2.33it/s] 51%|█████     | 147/287 [01:03<00:59,  2.34it/s] 52%|█████▏    | 148/287 [01:03<01:00,  2.31it/s] 52%|█████▏    | 149/287 [01:04<00:57,  2.39it/s] 52%|█████▏    | 150/287 [01:04<00:55,  2.47it/s] 53%|█████▎    | 151/287 [01:05<00:55,  2.43it/s] 53%|█████▎    | 152/287 [01:05<00:55,  2.41it/s] 53%|█████▎    | 153/287 [01:06<00:58,  2.29it/s] 54%|█████▎    | 154/287 [01:06<01:01,  2.17it/s] 54%|█████▍    | 155/287 [01:06<00:58,  2.25it/s] 54%|█████▍    | 156/287 [01:07<00:57,  2.27it/s] 55%|█████▍    | 157/287 [01:07<00:57,  2.28it/s] 55%|█████▌    | 158/287 [01:08<00:55,  2.32it/s] 55%|█████▌    | 159/287 [01:08<00:55,  2.30it/s] 56%|█████▌    | 160/287 [01:09<00:52,  2.40it/s] 56%|█████▌    | 161/287 [01:09<00:56,  2.25it/s] 56%|█████▋    | 162/287 [01:09<00:53,  2.36it/s] 57%|█████▋    | 163/287 [01:10<00:51,  2.39it/s] 57%|█████▋    | 164/287 [01:10<00:51,  2.41it/s] 57%|█████▋    | 165/287 [01:11<00:50,  2.43it/s] 58%|█████▊    | 166/287 [01:11<00:50,  2.39it/s] 58%|█████▊    | 167/287 [01:12<00:50,  2.40it/s] 59%|█████▊    | 168/287 [01:12<00:48,  2.47it/s] 59%|█████▉    | 169/287 [01:12<00:48,  2.46it/s] 59%|█████▉    | 170/287 [01:13<00:47,  2.47it/s] 60%|█████▉    | 171/287 [01:13<00:48,  2.39it/s] 60%|█████▉    | 172/287 [01:14<00:51,  2.23it/s] 60%|██████    | 173/287 [01:14<00:50,  2.25it/s] 61%|██████    | 174/287 [01:14<00:48,  2.32it/s] 61%|██████    | 175/287 [01:15<00:46,  2.40it/s] 61%|██████▏   | 176/287 [01:15<00:46,  2.37it/s] 62%|██████▏   | 177/287 [01:16<00:45,  2.42it/s] 62%|██████▏   | 178/287 [01:16<00:45,  2.42it/s] 62%|██████▏   | 179/287 [01:17<00:46,  2.35it/s] 63%|██████▎   | 180/287 [01:17<00:48,  2.20it/s] 63%|██████▎   | 181/287 [01:18<00:47,  2.24it/s] 63%|██████▎   | 182/287 [01:18<00:46,  2.24it/s] 64%|██████▍   | 183/287 [01:18<00:47,  2.21it/s] 64%|██████▍   | 184/287 [01:19<00:45,  2.28it/s] 64%|██████▍   | 185/287 [01:19<00:43,  2.32it/s] 65%|██████▍   | 186/287 [01:20<00:43,  2.32it/s] 65%|██████▌   | 187/287 [01:20<00:41,  2.40it/s] 66%|██████▌   | 188/287 [01:21<00:41,  2.36it/s] 66%|██████▌   | 189/287 [01:21<00:42,  2.32it/s] 66%|██████▌   | 190/287 [01:21<00:43,  2.21it/s] 67%|██████▋   | 191/287 [01:22<00:45,  2.09it/s] 67%|██████▋   | 192/287 [01:22<00:42,  2.22it/s] 67%|██████▋   | 193/287 [01:23<00:44,  2.13it/s] 68%|██████▊   | 194/287 [01:23<00:42,  2.18it/s] 68%|██████▊   | 195/287 [01:24<00:40,  2.29it/s] 68%|██████▊   | 196/287 [01:24<00:41,  2.19it/s] 69%|██████▊   | 197/287 [01:25<00:42,  2.14it/s] 69%|██████▉   | 198/287 [01:25<00:41,  2.12it/s] 69%|██████▉   | 199/287 [01:26<00:38,  2.28it/s] 70%|██████▉   | 200/287 [01:26<00:38,  2.25it/s] 70%|███████   | 201/287 [01:26<00:36,  2.34it/s] 70%|███████   | 202/287 [01:27<00:37,  2.27it/s] 71%|███████   | 203/287 [01:27<00:37,  2.26it/s] 71%|███████   | 204/287 [01:28<00:37,  2.21it/s] 71%|███████▏  | 205/287 [01:28<00:38,  2.11it/s] 72%|███████▏  | 206/287 [01:29<00:36,  2.23it/s] 72%|███████▏  | 207/287 [01:29<00:35,  2.27it/s] 72%|███████▏  | 208/287 [01:30<00:35,  2.25it/s] 73%|███████▎  | 209/287 [01:30<00:36,  2.16it/s] 73%|███████▎  | 210/287 [01:31<00:35,  2.18it/s] 74%|███████▎  | 211/287 [01:31<00:34,  2.18it/s] 74%|███████▍  | 212/287 [01:31<00:33,  2.22it/s] 74%|███████▍  | 213/287 [01:32<00:32,  2.26it/s] 75%|███████▍  | 214/287 [01:32<00:31,  2.31it/s] 75%|███████▍  | 215/287 [01:33<00:31,  2.30it/s] 75%|███████▌  | 216/287 [01:33<00:30,  2.36it/s] 76%|███████▌  | 217/287 [01:34<00:29,  2.35it/s] 76%|███████▌  | 218/287 [01:34<00:29,  2.34it/s] 76%|███████▋  | 219/287 [01:34<00:29,  2.34it/s] 77%|███████▋  | 220/287 [01:35<00:28,  2.35it/s] 77%|███████▋  | 221/287 [01:35<00:29,  2.21it/s] 77%|███████▋  | 222/287 [01:36<00:28,  2.25it/s] 78%|███████▊  | 223/287 [01:36<00:27,  2.30it/s] 78%|███████▊  | 224/287 [01:37<00:28,  2.21it/s] 78%|███████▊  | 225/287 [01:37<00:27,  2.28it/s] 79%|███████▊  | 226/287 [01:37<00:25,  2.35it/s] 79%|███████▉  | 227/287 [01:38<00:27,  2.21it/s] 79%|███████▉  | 228/287 [01:38<00:27,  2.11it/s] 80%|███████▉  | 229/287 [01:39<00:25,  2.25it/s] 80%|████████  | 230/287 [01:39<00:24,  2.29it/s] 80%|████████  | 231/287 [01:40<00:24,  2.31it/s] 81%|████████  | 232/287 [01:40<00:24,  2.24it/s] 81%|████████  | 233/287 [01:41<00:23,  2.34it/s] 82%|████████▏ | 234/287 [01:41<00:22,  2.38it/s] 82%|████████▏ | 235/287 [01:41<00:21,  2.44it/s] 82%|████████▏ | 236/287 [01:42<00:22,  2.27it/s] 83%|████████▎ | 237/287 [01:42<00:23,  2.14it/s] 83%|████████▎ | 238/287 [01:43<00:23,  2.07it/s] 83%|████████▎ | 239/287 [01:43<00:23,  2.07it/s] 84%|████████▎ | 240/287 [01:44<00:21,  2.17it/s] 84%|████████▍ | 241/287 [01:44<00:20,  2.28it/s] 84%|████████▍ | 242/287 [01:45<00:19,  2.27it/s] 85%|████████▍ | 243/287 [01:45<00:19,  2.27it/s] 85%|████████▌ | 244/287 [01:45<00:18,  2.31it/s] 85%|████████▌ | 245/287 [01:46<00:17,  2.34it/s] 86%|████████▌ | 246/287 [01:46<00:17,  2.38it/s] 86%|████████▌ | 247/287 [01:47<00:16,  2.45it/s] 86%|████████▋ | 248/287 [01:47<00:16,  2.39it/s] 87%|████████▋ | 249/287 [01:48<00:15,  2.38it/s] 87%|████████▋ | 250/287 [01:48<00:15,  2.39it/s] 87%|████████▋ | 251/287 [01:48<00:14,  2.46it/s] 88%|████████▊ | 252/287 [01:49<00:14,  2.48it/s] 88%|████████▊ | 253/287 [01:49<00:13,  2.44it/s] 89%|████████▊ | 254/287 [01:50<00:13,  2.43it/s] 89%|████████▉ | 255/287 [01:50<00:13,  2.44it/s] 89%|████████▉ | 256/287 [01:50<00:12,  2.47it/s] 90%|████████▉ | 257/287 [01:51<00:12,  2.42it/s] 90%|████████▉ | 258/287 [01:51<00:11,  2.43it/s] 90%|█████████ | 259/287 [01:52<00:11,  2.48it/s] 91%|█████████ | 260/287 [01:52<00:11,  2.41it/s] 91%|█████████ | 261/287 [01:52<00:10,  2.43it/s] 91%|█████████▏| 262/287 [01:53<00:10,  2.35it/s] 92%|█████████▏| 263/287 [01:53<00:10,  2.35it/s] 92%|█████████▏| 264/287 [01:54<00:10,  2.26it/s] 92%|█████████▏| 265/287 [01:54<00:09,  2.33it/s] 93%|█████████▎| 266/287 [01:55<00:08,  2.40it/s] 93%|█████████▎| 267/287 [01:55<00:08,  2.46it/s] 93%|█████████▎| 268/287 [01:55<00:07,  2.39it/s] 94%|█████████▎| 269/287 [01:56<00:08,  2.24it/s] 94%|█████████▍| 270/287 [01:56<00:07,  2.28it/s] 94%|█████████▍| 271/287 [01:57<00:06,  2.30it/s] 95%|█████████▍| 272/287 [01:57<00:06,  2.32it/s] 95%|█████████▌| 273/287 [01:58<00:05,  2.38it/s] 95%|█████████▌| 274/287 [01:58<00:05,  2.32it/s] 96%|█████████▌| 275/287 [01:58<00:05,  2.37it/s] 96%|█████████▌| 276/287 [01:59<00:04,  2.34it/s] 97%|█████████▋| 277/287 [01:59<00:04,  2.21it/s] 97%|█████████▋| 278/287 [02:00<00:04,  2.20it/s] 97%|█████████▋| 279/287 [02:00<00:03,  2.25it/s] 98%|█████████▊| 280/287 [02:01<00:03,  2.31it/s] 98%|█████████▊| 281/287 [02:01<00:02,  2.38it/s] 98%|█████████▊| 282/287 [02:02<00:02,  2.31it/s] 99%|█████████▊| 283/287 [02:02<00:01,  2.21it/s] 99%|█████████▉| 284/287 [02:03<00:01,  2.19it/s] 99%|█████████▉| 285/287 [02:03<00:00,  2.24it/s]100%|█████████▉| 286/287 [02:03<00:00,  2.36it/s]100%|██████████| 287/287 [02:04<00:00,  2.55it/s]100%|██████████| 287/287 [02:04<00:00,  2.31it/s]
/home3/qljx17/MMOln-ssos/mmdetection/mmdet/models/dense_heads/anchor_head.py:115: UserWarning: DeprecationWarning: anchor_generator is deprecated, please use "prior_generator" instead
  warnings.warn('DeprecationWarning: anchor_generator is deprecated, '
/home3/qljx17/MMOln-ssos/mmdetection/mmdet/models/task_modules/samplers/sampling_result.py:132: UserWarning: DeprecationWarning: pos_bboxes is deprecated, please use "pos_priors" instead
  warnings.warn('DeprecationWarning: pos_bboxes is deprecated, '
loading annotations into memory...
Done (t=0.04s)
creating index...
index created!
05/05 17:05:54 - mmengine - INFO - Epoch(train) [14][ 50/287]  base_lr: 1.0000e-04 lr: 6.9834e-05  eta: 0:41:46  time: 3.8712  data_time: 2.6562  memory: 47312  loss: 0.3737  loss_rpn_cls: 0.0000  loss_rpn_bbox: 0.0900  loss_rpn_obj: 0.0189  loss_bbox: 0.0328  loss_bbox_score: 0.0019  loss_ood: 0.0200  loss_pseudo_class: 0.2101
05/05 17:07:06 - mmengine - INFO - Epoch(train) [14][100/287]  base_lr: 1.0000e-04 lr: 6.9834e-05  eta: 0:40:09  time: 1.4427  data_time: 0.1676  memory: 47313  loss: 0.3530  loss_rpn_cls: 0.0000  loss_rpn_bbox: 0.0830  loss_rpn_obj: 0.0201  loss_bbox: 0.0327  loss_bbox_score: 0.0018  loss_ood: 0.0203  loss_pseudo_class: 0.1951
05/05 17:08:18 - mmengine - INFO - Epoch(train) [14][150/287]  base_lr: 1.0000e-04 lr: 6.9834e-05  eta: 0:38:33  time: 1.4344  data_time: 0.1645  memory: 47313  loss: 0.4376  loss_rpn_cls: 0.0000  loss_rpn_bbox: 0.0862  loss_rpn_obj: 0.0209  loss_bbox: 0.0342  loss_bbox_score: 0.0018  loss_ood: 0.0203  loss_pseudo_class: 0.2743
05/05 17:09:28 - mmengine - INFO - Epoch(train) [14][200/287]  base_lr: 1.0000e-04 lr: 6.9834e-05  eta: 0:36:57  time: 1.4022  data_time: 0.1594  memory: 47312  loss: 0.3793  loss_rpn_cls: 0.0000  loss_rpn_bbox: 0.0905  loss_rpn_obj: 0.0195  loss_bbox: 0.0327  loss_bbox_score: 0.0017  loss_ood: 0.0203  loss_pseudo_class: 0.2146
05/05 17:10:38 - mmengine - INFO - Epoch(train) [14][250/287]  base_lr: 1.0000e-04 lr: 6.9834e-05  eta: 0:35:21  time: 1.4011  data_time: 0.1566  memory: 47312  loss: 0.3406  loss_rpn_cls: 0.0000  loss_rpn_bbox: 0.0935  loss_rpn_obj: 0.0189  loss_bbox: 0.0326  loss_bbox_score: 0.0017  loss_ood: 0.0196  loss_pseudo_class: 0.1743
05/05 17:11:03 - mmengine - INFO - Exp name: oln_ssos_box_convnext-t-p4-w7_fpn_amp-ms-crop-3x_dbf6_oodsampling1_startepoch3_k10_20250505_144606
05/05 17:11:28 - mmengine - INFO - Exp name: oln_ssos_box_convnext-t-p4-w7_fpn_amp-ms-crop-3x_dbf6_oodsampling1_startepoch3_k10_20250505_144606
05/05 17:11:28 - mmengine - INFO - Saving checkpoint at 14 epochs
/home3/qljx17/MMOln-ssos/mmdetection/mmdet/models/dense_heads/anchor_head.py:115: UserWarning: DeprecationWarning: anchor_generator is deprecated, please use "prior_generator" instead
  warnings.warn('DeprecationWarning: anchor_generator is deprecated, '
05/05 17:11:35 - mmengine - INFO - Epoch(val) [14][ 50/572]    eta: 0:00:40  time: 0.0773  data_time: 0.0193  memory: 47312  
05/05 17:11:39 - mmengine - INFO - Epoch(val) [14][100/572]    eta: 0:00:37  time: 0.0804  data_time: 0.0205  memory: 1139  
05/05 17:11:43 - mmengine - INFO - Epoch(val) [14][150/572]    eta: 0:00:33  time: 0.0783  data_time: 0.0205  memory: 1021  
05/05 17:11:46 - mmengine - INFO - Epoch(val) [14][200/572]    eta: 0:00:29  time: 0.0790  data_time: 0.0206  memory: 1059  
05/05 17:11:50 - mmengine - INFO - Epoch(val) [14][250/572]    eta: 0:00:25  time: 0.0790  data_time: 0.0202  memory: 1139  
05/05 17:11:54 - mmengine - INFO - Epoch(val) [14][300/572]    eta: 0:00:21  time: 0.0792  data_time: 0.0208  memory: 1046  
05/05 17:11:58 - mmengine - INFO - Epoch(val) [14][350/572]    eta: 0:00:17  time: 0.0768  data_time: 0.0195  memory: 1059  
05/05 17:12:02 - mmengine - INFO - Epoch(val) [14][400/572]    eta: 0:00:13  time: 0.0742  data_time: 0.0156  memory: 1113  
05/05 17:12:06 - mmengine - INFO - Epoch(val) [14][450/572]    eta: 0:00:09  time: 0.0734  data_time: 0.0148  memory: 1113  
05/05 17:12:10 - mmengine - INFO - Epoch(val) [14][500/572]    eta: 0:00:05  time: 0.0799  data_time: 0.0210  memory: 1087  
05/05 17:12:14 - mmengine - INFO - Epoch(val) [14][550/572]    eta: 0:00:01  time: 0.0780  data_time: 0.0202  memory: 1033  
05/05 17:12:28 - mmengine - INFO - Evaluating bbox...
Loading and preparing results...
DONE (t=2.11s)
creating index...
index created!
Running per image evaluation...
Evaluate annotation type *bbox*
DONE (t=23.59s).
Accumulating evaluation results...
DONE (t=24.12s).
 Average Precision  (AP) @[ IoU=0.50:0.95 | area=   all | maxDets=100 ] = 0.234
 Average Precision  (AP) @[ IoU=0.50      | area=   all | maxDets=100 ] = 0.424
 Average Precision  (AP) @[ IoU=0.75      | area=   all | maxDets=100 ] = 0.244
 Average Precision  (AP) @[ IoU=0.50:0.95 | area= small | maxDets=100 ] = 0.039
 Average Precision  (AP) @[ IoU=0.50:0.95 | area=medium | maxDets=100 ] = 0.068
 Average Precision  (AP) @[ IoU=0.50:0.95 | area= large | maxDets=100 ] = 0.583
 Average Recall     (AR) @[ IoU=0.50:0.95 | area=   all | maxDets= 10 ] = 0.403
 Average Recall     (AR) @[ IoU=0.50:0.95 | area=   all | maxDets= 20 ] = 0.432
 Average Recall     (AR) @[ IoU=0.50:0.95 | area=   all | maxDets= 30 ] = 0.451
 Average Recall     (AR) @[ IoU=0.50:0.95 | area=   all | maxDets= 50 ] = 0.471
 Average Recall     (AR) @[ IoU=0.50:0.95 | area=   all | maxDets=100 ] = 0.494
 Average Recall     (AR) @[ IoU=0.50:0.95 | area=   all | maxDets=300 ] = 0.520
 Average Recall     (AR) @[ IoU=0.50:0.95 | area=   all | maxDets=500 ] = 0.526
 Average Recall     (AR) @[ IoU=0.50:0.95 | area=   all | maxDets=1000 ] = 0.530
 Average Recall     (AR) @[ IoU=0.50:0.95 | area=   all | maxDets=1500 ] = 0.530
05/05 17:13:22 - mmengine - INFO - Optimal score threshold: 0.5303134620189667
05/05 17:13:22 - mmengine - INFO - Non OS Detected Anomaly Score Threshold: 0.8591873645782471
05/05 17:13:22 - mmengine - INFO - Non OS All Anomaly Score Threshold: 0.7837295532226562
05/05 17:13:23 - mmengine - INFO - Detected Anomaly Score Threshold: 0.8739984035491943
05/05 17:13:23 - mmengine - INFO - All Anomaly Score Threshold: 0.7511644959449768
05/05 17:13:23 - mmengine - INFO - bbox_mAP_copypaste: 0.234 0.424 0.244 0.039 0.068 0.583
05/05 17:13:23 - mmengine - INFO - Epoch(val) [14][572/572]    dbf6/bbox_mAP: 0.2340  dbf6/bbox_mAP_50: 0.4240  dbf6/bbox_mAP_75: 0.2440  dbf6/bbox_mAP_s: 0.0390  dbf6/bbox_mAP_m: 0.0680  dbf6/bbox_mAP_l: 0.5830  data_time: 0.0193  time: 0.0776
  0%|          | 0/287 [00:00<?, ?it/s]  0%|          | 1/287 [00:00<02:14,  2.13it/s]  1%|          | 2/287 [00:00<02:00,  2.37it/s]  1%|          | 3/287 [00:01<01:59,  2.38it/s]  1%|▏         | 4/287 [00:01<02:01,  2.33it/s]  2%|▏         | 5/287 [00:02<01:58,  2.38it/s]  2%|▏         | 6/287 [00:02<01:55,  2.44it/s]  2%|▏         | 7/287 [00:02<01:52,  2.49it/s]  3%|▎         | 8/287 [00:03<01:51,  2.51it/s]  3%|▎         | 9/287 [00:03<01:48,  2.55it/s]  3%|▎         | 10/287 [00:04<01:51,  2.48it/s]  4%|▍         | 11/287 [00:04<01:51,  2.49it/s]  4%|▍         | 12/287 [00:05<02:00,  2.28it/s]  5%|▍         | 13/287 [00:05<01:59,  2.30it/s]  5%|▍         | 14/287 [00:05<01:56,  2.34it/s]  5%|▌         | 15/287 [00:06<02:00,  2.25it/s]  6%|▌         | 16/287 [00:06<01:53,  2.39it/s]  6%|▌         | 17/287 [00:07<02:01,  2.22it/s]  6%|▋         | 18/287 [00:07<02:00,  2.23it/s]  7%|▋         | 19/287 [00:08<01:59,  2.24it/s]  7%|▋         | 20/287 [00:08<01:57,  2.27it/s]  7%|▋         | 21/287 [00:08<01:58,  2.24it/s]  8%|▊         | 22/287 [00:09<01:55,  2.28it/s]  8%|▊         | 23/287 [00:09<02:00,  2.20it/s]  8%|▊         | 24/287 [00:10<01:55,  2.28it/s]  9%|▊         | 25/287 [00:10<01:49,  2.40it/s]  9%|▉         | 26/287 [00:11<01:45,  2.48it/s]  9%|▉         | 27/287 [00:11<01:47,  2.41it/s] 10%|▉         | 28/287 [00:11<01:50,  2.35it/s] 10%|█         | 29/287 [00:12<01:55,  2.23it/s] 10%|█         | 30/287 [00:12<01:52,  2.29it/s] 11%|█         | 31/287 [00:13<01:51,  2.30it/s] 11%|█         | 32/287 [00:13<01:48,  2.36it/s] 11%|█▏        | 33/287 [00:14<01:53,  2.25it/s] 12%|█▏        | 34/287 [00:14<01:51,  2.28it/s] 12%|█▏        | 35/287 [00:15<01:48,  2.32it/s] 13%|█▎        | 36/287 [00:15<01:48,  2.31it/s] 13%|█▎        | 37/287 [00:15<01:47,  2.34it/s] 13%|█▎        | 38/287 [00:16<01:45,  2.35it/s] 14%|█▎        | 39/287 [00:16<01:44,  2.38it/s] 14%|█▍        | 40/287 [00:17<01:44,  2.35it/s] 14%|█▍        | 41/287 [00:17<01:45,  2.33it/s] 15%|█▍        | 42/287 [00:18<01:47,  2.29it/s] 15%|█▍        | 43/287 [00:18<01:44,  2.34it/s] 15%|█▌        | 44/287 [00:18<01:43,  2.34it/s] 16%|█▌        | 45/287 [00:19<01:40,  2.40it/s] 16%|█▌        | 46/287 [00:19<01:44,  2.30it/s] 16%|█▋        | 47/287 [00:20<01:43,  2.32it/s] 17%|█▋        | 48/287 [00:20<01:39,  2.40it/s] 17%|█▋        | 49/287 [00:20<01:38,  2.43it/s] 17%|█▋        | 50/287 [00:21<01:38,  2.41it/s] 18%|█▊        | 51/287 [00:21<01:38,  2.40it/s] 18%|█▊        | 52/287 [00:22<01:38,  2.37it/s] 18%|█▊        | 53/287 [00:22<01:38,  2.37it/s] 19%|█▉        | 54/287 [00:23<01:44,  2.22it/s] 19%|█▉        | 55/287 [00:23<01:41,  2.29it/s] 20%|█▉        | 56/287 [00:24<01:44,  2.20it/s] 20%|█▉        | 57/287 [00:24<01:42,  2.24it/s] 20%|██        | 58/287 [00:24<01:39,  2.30it/s] 21%|██        | 59/287 [00:25<01:33,  2.44it/s] 21%|██        | 60/287 [00:25<01:39,  2.29it/s] 21%|██▏       | 61/287 [00:26<01:38,  2.28it/s] 22%|██▏       | 62/287 [00:26<01:42,  2.20it/s] 22%|██▏       | 63/287 [00:27<01:39,  2.25it/s] 22%|██▏       | 64/287 [00:27<01:38,  2.27it/s] 23%|██▎       | 65/287 [00:27<01:33,  2.38it/s] 23%|██▎       | 66/287 [00:28<01:34,  2.35it/s] 23%|██▎       | 67/287 [00:28<01:33,  2.35it/s] 24%|██▎       | 68/287 [00:29<01:33,  2.34it/s] 24%|██▍       | 69/287 [00:29<01:33,  2.34it/s] 24%|██▍       | 70/287 [00:30<01:30,  2.39it/s] 25%|██▍       | 71/287 [00:30<01:29,  2.42it/s] 25%|██▌       | 72/287 [00:30<01:25,  2.50it/s] 25%|██▌       | 73/287 [00:31<01:31,  2.34it/s] 26%|██▌       | 74/287 [00:31<01:32,  2.31it/s] 26%|██▌       | 75/287 [00:32<01:31,  2.31it/s] 26%|██▋       | 76/287 [00:32<01:29,  2.35it/s] 27%|██▋       | 77/287 [00:32<01:27,  2.40it/s] 27%|██▋       | 78/287 [00:33<01:31,  2.28it/s] 28%|██▊       | 79/287 [00:33<01:29,  2.32it/s] 28%|██▊       | 80/287 [00:34<01:28,  2.34it/s] 28%|██▊       | 81/287 [00:34<01:25,  2.40it/s] 29%|██▊       | 82/287 [00:35<01:31,  2.23it/s] 29%|██▉       | 83/287 [00:35<01:31,  2.22it/s] 29%|██▉       | 84/287 [00:36<01:27,  2.33it/s] 30%|██▉       | 85/287 [00:36<01:28,  2.29it/s] 30%|██▉       | 86/287 [00:36<01:29,  2.24it/s] 30%|███       | 87/287 [00:37<01:33,  2.13it/s] 31%|███       | 88/287 [00:37<01:30,  2.19it/s] 31%|███       | 89/287 [00:38<01:29,  2.22it/s] 31%|███▏      | 90/287 [00:38<01:31,  2.16it/s] 32%|███▏      | 91/287 [00:39<01:26,  2.26it/s] 32%|███▏      | 92/287 [00:39<01:24,  2.32it/s] 32%|███▏      | 93/287 [00:40<01:26,  2.24it/s] 33%|███▎      | 94/287 [00:40<01:24,  2.30it/s] 33%|███▎      | 95/287 [00:40<01:20,  2.38it/s] 33%|███▎      | 96/287 [00:41<01:17,  2.45it/s] 34%|███▍      | 97/287 [00:41<01:21,  2.32it/s] 34%|███▍      | 98/287 [00:42<01:20,  2.35it/s] 34%|███▍      | 99/287 [00:42<01:23,  2.26it/s] 35%|███▍      | 100/287 [00:43<01:18,  2.37it/s] 35%|███▌      | 101/287 [00:43<01:15,  2.45it/s] 36%|███▌      | 102/287 [00:43<01:15,  2.44it/s] 36%|███▌      | 103/287 [00:44<01:15,  2.45it/s] 36%|███▌      | 104/287 [00:44<01:17,  2.37it/s] 37%|███▋      | 105/287 [00:45<01:16,  2.39it/s] 37%|███▋      | 106/287 [00:45<01:18,  2.29it/s] 37%|███▋      | 107/287 [00:46<01:18,  2.29it/s] 38%|███▊      | 108/287 [00:46<01:14,  2.39it/s] 38%|███▊      | 109/287 [00:46<01:17,  2.28it/s] 38%|███▊      | 110/287 [00:47<01:16,  2.31it/s] 39%|███▊      | 111/287 [00:47<01:15,  2.34it/s] 39%|███▉      | 112/287 [00:48<01:11,  2.44it/s] 39%|███▉      | 113/287 [00:48<01:15,  2.32it/s] 40%|███▉      | 114/287 [00:48<01:14,  2.31it/s] 40%|████      | 115/287 [00:49<01:17,  2.22it/s] 40%|████      | 116/287 [00:49<01:14,  2.30it/s] 41%|████      | 117/287 [00:50<01:15,  2.27it/s] 41%|████      | 118/287 [00:50<01:12,  2.32it/s] 41%|████▏     | 119/287 [00:51<01:13,  2.30it/s] 42%|████▏     | 120/287 [00:51<01:11,  2.35it/s] 42%|████▏     | 121/287 [00:52<01:14,  2.21it/s] 43%|████▎     | 122/287 [00:52<01:12,  2.26it/s] 43%|████▎     | 123/287 [00:53<01:14,  2.19it/s] 43%|████▎     | 124/287 [00:53<01:12,  2.23it/s] 44%|████▎     | 125/287 [00:53<01:10,  2.28it/s] 44%|████▍     | 126/287 [00:54<01:09,  2.32it/s] 44%|████▍     | 127/287 [00:54<01:13,  2.18it/s] 45%|████▍     | 128/287 [00:55<01:08,  2.31it/s] 45%|████▍     | 129/287 [00:55<01:05,  2.41it/s] 45%|████▌     | 130/287 [00:55<01:05,  2.39it/s] 46%|████▌     | 131/287 [00:56<01:04,  2.41it/s] 46%|████▌     | 132/287 [00:56<01:09,  2.24it/s] 46%|████▋     | 133/287 [00:57<01:05,  2.35it/s] 47%|████▋     | 134/287 [00:57<01:04,  2.36it/s] 47%|████▋     | 135/287 [00:58<01:08,  2.21it/s] 47%|████▋     | 136/287 [00:58<01:06,  2.28it/s] 48%|████▊     | 137/287 [00:59<01:04,  2.32it/s] 48%|████▊     | 138/287 [00:59<01:02,  2.40it/s] 48%|████▊     | 139/287 [00:59<00:59,  2.47it/s] 49%|████▉     | 140/287 [01:00<00:58,  2.53it/s] 49%|████▉     | 141/287 [01:00<00:57,  2.53it/s] 49%|████▉     | 142/287 [01:00<00:57,  2.53it/s] 50%|████▉     | 143/287 [01:01<00:58,  2.45it/s] 50%|█████     | 144/287 [01:01<00:57,  2.48it/s] 51%|█████     | 145/287 [01:02<00:57,  2.46it/s] 51%|█████     | 146/287 [01:02<01:00,  2.33it/s] 51%|█████     | 147/287 [01:03<01:01,  2.29it/s] 52%|█████▏    | 148/287 [01:03<01:00,  2.29it/s] 52%|█████▏    | 149/287 [01:04<01:01,  2.26it/s] 52%|█████▏    | 150/287 [01:04<01:02,  2.18it/s] 53%|█████▎    | 151/287 [01:04<00:58,  2.31it/s] 53%|█████▎    | 152/287 [01:05<01:00,  2.23it/s] 53%|█████▎    | 153/287 [01:05<00:58,  2.29it/s] 54%|█████▎    | 154/287 [01:06<01:01,  2.18it/s] 54%|█████▍    | 155/287 [01:06<00:58,  2.24it/s] 54%|█████▍    | 156/287 [01:07<00:57,  2.28it/s] 55%|█████▍    | 157/287 [01:07<00:56,  2.30it/s] 55%|█████▌    | 158/287 [01:08<00:56,  2.29it/s] 55%|█████▌    | 159/287 [01:08<00:54,  2.33it/s] 56%|█████▌    | 160/287 [01:08<00:56,  2.24it/s] 56%|█████▌    | 161/287 [01:09<00:54,  2.32it/s] 56%|█████▋    | 162/287 [01:09<00:52,  2.37it/s] 57%|█████▋    | 163/287 [01:10<00:52,  2.36it/s] 57%|█████▋    | 164/287 [01:10<00:50,  2.42it/s] 57%|█████▋    | 165/287 [01:10<00:52,  2.33it/s] 58%|█████▊    | 166/287 [01:11<00:50,  2.38it/s] 58%|█████▊    | 167/287 [01:11<00:50,  2.40it/s] 59%|█████▊    | 168/287 [01:12<00:48,  2.44it/s] 59%|█████▉    | 169/287 [01:12<00:49,  2.39it/s] 59%|█████▉    | 170/287 [01:13<00:50,  2.31it/s] 60%|█████▉    | 171/287 [01:13<00:49,  2.36it/s] 60%|█████▉    | 172/287 [01:13<00:47,  2.40it/s] 60%|██████    | 173/287 [01:14<00:50,  2.24it/s] 61%|██████    | 174/287 [01:14<00:50,  2.24it/s] 61%|██████    | 175/287 [01:15<00:47,  2.36it/s] 61%|██████▏   | 176/287 [01:15<00:47,  2.34it/s] 62%|██████▏   | 177/287 [01:16<00:47,  2.34it/s] 62%|██████▏   | 178/287 [01:16<00:45,  2.39it/s] 62%|██████▏   | 179/287 [01:16<00:46,  2.33it/s] 63%|██████▎   | 180/287 [01:17<00:44,  2.41it/s] 63%|██████▎   | 181/287 [01:17<00:43,  2.42it/s] 63%|██████▎   | 182/287 [01:18<00:46,  2.26it/s] 64%|██████▍   | 183/287 [01:18<00:48,  2.15it/s] 64%|██████▍   | 184/287 [01:19<00:44,  2.29it/s] 64%|██████▍   | 185/287 [01:19<00:44,  2.31it/s] 65%|██████▍   | 186/287 [01:19<00:43,  2.30it/s] 65%|██████▌   | 187/287 [01:20<00:42,  2.36it/s] 66%|██████▌   | 188/287 [01:20<00:43,  2.25it/s] 66%|██████▌   | 189/287 [01:21<00:42,  2.33it/s] 66%|██████▌   | 190/287 [01:21<00:41,  2.35it/s] 67%|██████▋   | 191/287 [01:22<00:40,  2.35it/s] 67%|██████▋   | 192/287 [01:22<00:40,  2.36it/s] 67%|██████▋   | 193/287 [01:22<00:40,  2.33it/s] 68%|██████▊   | 194/287 [01:23<00:39,  2.35it/s] 68%|██████▊   | 195/287 [01:23<00:39,  2.34it/s] 68%|██████▊   | 196/287 [01:24<00:38,  2.35it/s] 69%|██████▊   | 197/287 [01:24<00:40,  2.21it/s] 69%|██████▉   | 198/287 [01:25<00:40,  2.22it/s] 69%|██████▉   | 199/287 [01:25<00:38,  2.29it/s] 70%|██████▉   | 200/287 [01:26<00:40,  2.15it/s] 70%|███████   | 201/287 [01:26<00:39,  2.15it/s] 70%|███████   | 202/287 [01:27<00:40,  2.09it/s] 71%|███████   | 203/287 [01:27<00:37,  2.23it/s] 71%|███████   | 204/287 [01:27<00:38,  2.17it/s] 71%|███████▏  | 205/287 [01:28<00:35,  2.32it/s] 72%|███████▏  | 206/287 [01:28<00:34,  2.38it/s] 72%|███████▏  | 207/287 [01:29<00:35,  2.23it/s] 72%|███████▏  | 208/287 [01:29<00:34,  2.26it/s] 73%|███████▎  | 209/287 [01:30<00:33,  2.34it/s] 73%|███████▎  | 210/287 [01:30<00:31,  2.43it/s] 74%|███████▎  | 211/287 [01:30<00:30,  2.52it/s] 74%|███████▍  | 212/287 [01:31<00:30,  2.46it/s] 74%|███████▍  | 213/287 [01:31<00:32,  2.30it/s] 75%|███████▍  | 214/287 [01:32<00:31,  2.35it/s] 75%|███████▍  | 215/287 [01:32<00:29,  2.41it/s] 75%|███████▌  | 216/287 [01:32<00:28,  2.48it/s] 76%|███████▌  | 217/287 [01:33<00:28,  2.45it/s] 76%|███████▌  | 218/287 [01:33<00:28,  2.42it/s] 76%|███████▋  | 219/287 [01:34<00:30,  2.27it/s] 77%|███████▋  | 220/287 [01:34<00:30,  2.22it/s] 77%|███████▋  | 221/287 [01:35<00:30,  2.19it/s] 77%|███████▋  | 222/287 [01:35<00:28,  2.30it/s] 78%|███████▊  | 223/287 [01:36<00:28,  2.25it/s] 78%|███████▊  | 224/287 [01:36<00:28,  2.23it/s] 78%|███████▊  | 225/287 [01:36<00:27,  2.24it/s] 79%|███████▊  | 226/287 [01:37<00:26,  2.28it/s] 79%|███████▉  | 227/287 [01:37<00:25,  2.39it/s] 79%|███████▉  | 228/287 [01:38<00:24,  2.39it/s] 80%|███████▉  | 229/287 [01:38<00:25,  2.30it/s] 80%|████████  | 230/287 [01:39<00:24,  2.37it/s] 80%|████████  | 231/287 [01:39<00:24,  2.33it/s] 81%|████████  | 232/287 [01:39<00:23,  2.37it/s] 81%|████████  | 233/287 [01:40<00:22,  2.43it/s] 82%|████████▏ | 234/287 [01:40<00:21,  2.44it/s] 82%|████████▏ | 235/287 [01:41<00:21,  2.37it/s] 82%|████████▏ | 236/287 [01:41<00:21,  2.39it/s] 83%|████████▎ | 237/287 [01:42<00:21,  2.31it/s] 83%|████████▎ | 238/287 [01:42<00:20,  2.36it/s] 83%|████████▎ | 239/287 [01:42<00:20,  2.34it/s] 84%|████████▎ | 240/287 [01:43<00:20,  2.33it/s] 84%|████████▍ | 241/287 [01:43<00:19,  2.42it/s] 84%|████████▍ | 242/287 [01:44<00:19,  2.36it/s] 85%|████████▍ | 243/287 [01:44<00:19,  2.22it/s] 85%|████████▌ | 244/287 [01:45<00:20,  2.14it/s] 85%|████████▌ | 245/287 [01:45<00:18,  2.24it/s] 86%|████████▌ | 246/287 [01:45<00:17,  2.31it/s] 86%|████████▌ | 247/287 [01:46<00:17,  2.31it/s] 86%|████████▋ | 248/287 [01:46<00:15,  2.49it/s] 87%|████████▋ | 249/287 [01:47<00:15,  2.38it/s] 87%|████████▋ | 250/287 [01:47<00:15,  2.42it/s] 87%|████████▋ | 251/287 [01:47<00:14,  2.44it/s] 88%|████████▊ | 252/287 [01:48<00:14,  2.47it/s] 88%|████████▊ | 253/287 [01:48<00:13,  2.53it/s] 89%|████████▊ | 254/287 [01:49<00:13,  2.41it/s] 89%|████████▉ | 255/287 [01:49<00:12,  2.49it/s] 89%|████████▉ | 256/287 [01:49<00:12,  2.51it/s] 90%|████████▉ | 257/287 [01:50<00:11,  2.51it/s] 90%|████████▉ | 258/287 [01:50<00:11,  2.47it/s] 90%|█████████ | 259/287 [01:51<00:12,  2.31it/s] 91%|█████████ | 260/287 [01:51<00:12,  2.18it/s] 91%|█████████ | 261/287 [01:52<00:12,  2.16it/s] 91%|█████████▏| 262/287 [01:52<00:10,  2.30it/s] 92%|█████████▏| 263/287 [01:53<00:10,  2.32it/s] 92%|█████████▏| 264/287 [01:53<00:09,  2.36it/s] 92%|█████████▏| 265/287 [01:53<00:09,  2.39it/s] 93%|█████████▎| 266/287 [01:54<00:08,  2.42it/s] 93%|█████████▎| 267/287 [01:54<00:08,  2.41it/s] 93%|█████████▎| 268/287 [01:55<00:07,  2.49it/s] 94%|█████████▎| 269/287 [01:55<00:07,  2.33it/s] 94%|█████████▍| 270/287 [01:56<00:07,  2.27it/s] 94%|█████████▍| 271/287 [01:56<00:07,  2.16it/s] 95%|█████████▍| 272/287 [01:56<00:06,  2.20it/s] 95%|█████████▌| 273/287 [01:57<00:06,  2.14it/s] 95%|█████████▌| 274/287 [01:57<00:05,  2.20it/s] 96%|█████████▌| 275/287 [01:58<00:05,  2.17it/s] 96%|█████████▌| 276/287 [01:58<00:04,  2.23it/s] 97%|█████████▋| 277/287 [01:59<00:04,  2.28it/s] 97%|█████████▋| 278/287 [01:59<00:03,  2.28it/s] 97%|█████████▋| 279/287 [02:00<00:03,  2.21it/s] 98%|█████████▊| 280/287 [02:00<00:03,  2.27it/s] 98%|█████████▊| 281/287 [02:00<00:02,  2.25it/s] 98%|█████████▊| 282/287 [02:01<00:02,  2.18it/s] 99%|█████████▊| 283/287 [02:01<00:01,  2.31it/s] 99%|█████████▉| 284/287 [02:02<00:01,  2.38it/s] 99%|█████████▉| 285/287 [02:02<00:00,  2.34it/s]100%|█████████▉| 286/287 [02:03<00:00,  2.41it/s]100%|██████████| 287/287 [02:03<00:00,  2.62it/s]100%|██████████| 287/287 [02:03<00:00,  2.33it/s]
/home3/qljx17/MMOln-ssos/mmdetection/mmdet/models/dense_heads/anchor_head.py:115: UserWarning: DeprecationWarning: anchor_generator is deprecated, please use "prior_generator" instead
  warnings.warn('DeprecationWarning: anchor_generator is deprecated, '
/home3/qljx17/MMOln-ssos/mmdetection/mmdet/models/task_modules/samplers/sampling_result.py:132: UserWarning: DeprecationWarning: pos_bboxes is deprecated, please use "pos_priors" instead
  warnings.warn('DeprecationWarning: pos_bboxes is deprecated, '
loading annotations into memory...
Done (t=0.04s)
creating index...
index created!
05/05 17:16:37 - mmengine - INFO - Epoch(train) [15][ 50/287]  base_lr: 1.0000e-04 lr: 6.9834e-05  eta: 0:33:09  time: 3.8731  data_time: 2.6386  memory: 47312  loss: 0.3654  loss_rpn_cls: 0.0000  loss_rpn_bbox: 0.0931  loss_rpn_obj: 0.0192  loss_bbox: 0.0325  loss_bbox_score: 0.0017  loss_ood: 0.0205  loss_pseudo_class: 0.1984
05/05 17:17:48 - mmengine - INFO - Epoch(train) [15][100/287]  base_lr: 1.0000e-04 lr: 6.9834e-05  eta: 0:31:34  time: 1.4278  data_time: 0.1636  memory: 47313  loss: 0.3717  loss_rpn_cls: 0.0000  loss_rpn_bbox: 0.0811  loss_rpn_obj: 0.0193  loss_bbox: 0.0330  loss_bbox_score: 0.0017  loss_ood: 0.0186  loss_pseudo_class: 0.2180
05/05 17:18:59 - mmengine - INFO - Epoch(train) [15][150/287]  base_lr: 1.0000e-04 lr: 6.9834e-05  eta: 0:29:59  time: 1.4270  data_time: 0.1638  memory: 47313  loss: 0.3108  loss_rpn_cls: 0.0000  loss_rpn_bbox: 0.0872  loss_rpn_obj: 0.0186  loss_bbox: 0.0313  loss_bbox_score: 0.0016  loss_ood: 0.0187  loss_pseudo_class: 0.1533
05/05 17:20:10 - mmengine - INFO - Epoch(train) [15][200/287]  base_lr: 1.0000e-04 lr: 6.9834e-05  eta: 0:28:24  time: 1.4049  data_time: 0.1648  memory: 47313  loss: 0.3538  loss_rpn_cls: 0.0000  loss_rpn_bbox: 0.0913  loss_rpn_obj: 0.0187  loss_bbox: 0.0325  loss_bbox_score: 0.0017  loss_ood: 0.0186  loss_pseudo_class: 0.1911
05/05 17:21:18 - mmengine - INFO - Epoch(train) [15][250/287]  base_lr: 1.0000e-04 lr: 6.9834e-05  eta: 0:26:50  time: 1.3767  data_time: 0.1615  memory: 47312  loss: 0.4001  loss_rpn_cls: 0.0000  loss_rpn_bbox: 0.0837  loss_rpn_obj: 0.0185  loss_bbox: 0.0333  loss_bbox_score: 0.0017  loss_ood: 0.0192  loss_pseudo_class: 0.2436
05/05 17:22:11 - mmengine - INFO - Exp name: oln_ssos_box_convnext-t-p4-w7_fpn_amp-ms-crop-3x_dbf6_oodsampling1_startepoch3_k10_20250505_144606
05/05 17:22:14 - mmengine - INFO - Epoch(val) [15][ 50/572]    eta: 0:00:41  time: 0.0793  data_time: 0.0203  memory: 47312  
05/05 17:22:19 - mmengine - INFO - Epoch(val) [15][100/572]    eta: 0:00:38  time: 0.0835  data_time: 0.0223  memory: 1139  
05/05 17:22:23 - mmengine - INFO - Epoch(val) [15][150/572]    eta: 0:00:34  time: 0.0803  data_time: 0.0215  memory: 1021  
05/05 17:22:27 - mmengine - INFO - Epoch(val) [15][200/572]    eta: 0:00:30  time: 0.0799  data_time: 0.0210  memory: 1059  
05/05 17:22:31 - mmengine - INFO - Epoch(val) [15][250/572]    eta: 0:00:25  time: 0.0806  data_time: 0.0208  memory: 1139  
05/05 17:22:35 - mmengine - INFO - Epoch(val) [15][300/572]    eta: 0:00:21  time: 0.0801  data_time: 0.0212  memory: 1046  
05/05 17:22:39 - mmengine - INFO - Epoch(val) [15][350/572]    eta: 0:00:17  time: 0.0793  data_time: 0.0209  memory: 1059  
05/05 17:22:42 - mmengine - INFO - Epoch(val) [15][400/572]    eta: 0:00:13  time: 0.0759  data_time: 0.0167  memory: 1113  
05/05 17:22:46 - mmengine - INFO - Epoch(val) [15][450/572]    eta: 0:00:09  time: 0.0739  data_time: 0.0151  memory: 1113  
05/05 17:22:50 - mmengine - INFO - Epoch(val) [15][500/572]    eta: 0:00:05  time: 0.0806  data_time: 0.0215  memory: 1087  
05/05 17:22:54 - mmengine - INFO - Epoch(val) [15][550/572]    eta: 0:00:01  time: 0.0798  data_time: 0.0210  memory: 1033  
05/05 17:23:09 - mmengine - INFO - Evaluating bbox...
Loading and preparing results...
DONE (t=2.85s)
creating index...
index created!
Running per image evaluation...
Evaluate annotation type *bbox*
DONE (t=25.69s).
Accumulating evaluation results...
DONE (t=24.40s).
 Average Precision  (AP) @[ IoU=0.50:0.95 | area=   all | maxDets=100 ] = 0.215
 Average Precision  (AP) @[ IoU=0.50      | area=   all | maxDets=100 ] = 0.388
 Average Precision  (AP) @[ IoU=0.75      | area=   all | maxDets=100 ] = 0.225
 Average Precision  (AP) @[ IoU=0.50:0.95 | area= small | maxDets=100 ] = 0.027
 Average Precision  (AP) @[ IoU=0.50:0.95 | area=medium | maxDets=100 ] = 0.055
 Average Precision  (AP) @[ IoU=0.50:0.95 | area= large | maxDets=100 ] = 0.559
 Average Recall     (AR) @[ IoU=0.50:0.95 | area=   all | maxDets= 10 ] = 0.374
 Average Recall     (AR) @[ IoU=0.50:0.95 | area=   all | maxDets= 20 ] = 0.406
 Average Recall     (AR) @[ IoU=0.50:0.95 | area=   all | maxDets= 30 ] = 0.426
 Average Recall     (AR) @[ IoU=0.50:0.95 | area=   all | maxDets= 50 ] = 0.446
 Average Recall     (AR) @[ IoU=0.50:0.95 | area=   all | maxDets=100 ] = 0.472
 Average Recall     (AR) @[ IoU=0.50:0.95 | area=   all | maxDets=300 ] = 0.498
 Average Recall     (AR) @[ IoU=0.50:0.95 | area=   all | maxDets=500 ] = 0.506
 Average Recall     (AR) @[ IoU=0.50:0.95 | area=   all | maxDets=1000 ] = 0.509
 Average Recall     (AR) @[ IoU=0.50:0.95 | area=   all | maxDets=1500 ] = 0.509
05/05 17:24:08 - mmengine - INFO - Optimal score threshold: 0.5087078034877777
05/05 17:24:08 - mmengine - INFO - Non OS Detected Anomaly Score Threshold: 0.8234673142433167
05/05 17:24:08 - mmengine - INFO - Non OS All Anomaly Score Threshold: 0.5914840698242188
05/05 17:24:08 - mmengine - INFO - Detected Anomaly Score Threshold: 0.8390746116638184
05/05 17:24:08 - mmengine - INFO - All Anomaly Score Threshold: 0.7215394973754883
05/05 17:24:08 - mmengine - INFO - bbox_mAP_copypaste: 0.215 0.388 0.225 0.027 0.055 0.559
05/05 17:24:09 - mmengine - INFO - Epoch(val) [15][572/572]    dbf6/bbox_mAP: 0.2150  dbf6/bbox_mAP_50: 0.3880  dbf6/bbox_mAP_75: 0.2250  dbf6/bbox_mAP_s: 0.0270  dbf6/bbox_mAP_m: 0.0550  dbf6/bbox_mAP_l: 0.5590  data_time: 0.0202  time: 0.0793
  0%|          | 0/287 [00:00<?, ?it/s]  0%|          | 1/287 [00:00<02:19,  2.05it/s]  1%|          | 2/287 [00:00<02:20,  2.03it/s]  1%|          | 3/287 [00:01<02:09,  2.19it/s]  1%|▏         | 4/287 [00:01<02:06,  2.24it/s]  2%|▏         | 5/287 [00:02<01:58,  2.38it/s]  2%|▏         | 6/287 [00:02<01:59,  2.36it/s]  2%|▏         | 7/287 [00:03<01:57,  2.38it/s]  3%|▎         | 8/287 [00:03<01:54,  2.44it/s]  3%|▎         | 9/287 [00:03<01:52,  2.47it/s]  3%|▎         | 10/287 [00:04<01:51,  2.48it/s]  4%|▍         | 11/287 [00:04<02:00,  2.29it/s]  4%|▍         | 12/287 [00:05<01:56,  2.37it/s]  5%|▍         | 13/287 [00:05<01:54,  2.39it/s]  5%|▍         | 14/287 [00:05<01:52,  2.42it/s]  5%|▌         | 15/287 [00:06<01:52,  2.41it/s]  6%|▌         | 16/287 [00:06<01:58,  2.28it/s]  6%|▌         | 17/287 [00:07<01:57,  2.31it/s]  6%|▋         | 18/287 [00:07<01:52,  2.39it/s]  7%|▋         | 19/287 [00:08<01:54,  2.35it/s]  7%|▋         | 20/287 [00:08<01:51,  2.41it/s]  7%|▋         | 21/287 [00:08<01:49,  2.43it/s]  8%|▊         | 22/287 [00:09<01:54,  2.31it/s]  8%|▊         | 23/287 [00:09<01:52,  2.34it/s]  8%|▊         | 24/287 [00:10<01:51,  2.35it/s]  9%|▊         | 25/287 [00:10<01:47,  2.43it/s]  9%|▉         | 26/287 [00:11<01:47,  2.43it/s]  9%|▉         | 27/287 [00:11<01:46,  2.45it/s] 10%|▉         | 28/287 [00:11<01:47,  2.41it/s] 10%|█         | 29/287 [00:12<01:51,  2.31it/s] 10%|█         | 30/287 [00:12<01:48,  2.37it/s] 11%|█         | 31/287 [00:13<01:45,  2.43it/s] 11%|█         | 32/287 [00:13<01:42,  2.49it/s] 11%|█▏        | 33/287 [00:13<01:42,  2.47it/s] 12%|█▏        | 34/287 [00:14<01:42,  2.46it/s] 12%|█▏        | 35/287 [00:14<01:42,  2.45it/s] 13%|█▎        | 36/287 [00:15<01:47,  2.33it/s] 13%|█▎        | 37/287 [00:15<01:50,  2.25it/s] 13%|█▎        | 38/287 [00:16<01:45,  2.36it/s] 14%|█▎        | 39/287 [00:16<01:45,  2.36it/s] 14%|█▍        | 40/287 [00:16<01:49,  2.25it/s] 14%|█▍        | 41/287 [00:17<01:46,  2.30it/s] 15%|█▍        | 42/287 [00:17<01:45,  2.33it/s] 15%|█▍        | 43/287 [00:18<01:47,  2.28it/s] 15%|█▌        | 44/287 [00:18<01:44,  2.32it/s] 16%|█▌        | 45/287 [00:19<01:42,  2.37it/s] 16%|█▌        | 46/287 [00:19<01:41,  2.38it/s] 16%|█▋        | 47/287 [00:19<01:40,  2.39it/s] 17%|█▋        | 48/287 [00:20<01:41,  2.34it/s] 17%|█▋        | 49/287 [00:20<01:40,  2.36it/s] 17%|█▋        | 50/287 [00:21<01:36,  2.45it/s] 18%|█▊        | 51/287 [00:21<01:37,  2.42it/s] 18%|█▊        | 52/287 [00:21<01:38,  2.40it/s] 18%|█▊        | 53/287 [00:22<01:41,  2.30it/s] 19%|█▉        | 54/287 [00:22<01:48,  2.15it/s] 19%|█▉        | 55/287 [00:23<01:42,  2.26it/s] 20%|█▉        | 56/287 [00:23<01:48,  2.14it/s] 20%|█▉        | 57/287 [00:24<01:44,  2.20it/s] 20%|██        | 58/287 [00:24<01:49,  2.10it/s] 21%|██        | 59/287 [00:25<01:43,  2.20it/s] 21%|██        | 60/287 [00:25<01:41,  2.24it/s] 21%|██▏       | 61/287 [00:26<01:37,  2.32it/s] 22%|██▏       | 62/287 [00:26<01:42,  2.19it/s] 22%|██▏       | 63/287 [00:26<01:36,  2.32it/s] 22%|██▏       | 64/287 [00:27<01:34,  2.35it/s] 23%|██▎       | 65/287 [00:27<01:33,  2.36it/s] 23%|██▎       | 66/287 [00:28<01:39,  2.21it/s] 23%|██▎       | 67/287 [00:28<01:38,  2.24it/s] 24%|██▎       | 68/287 [00:29<01:35,  2.30it/s] 24%|██▍       | 69/287 [00:29<01:40,  2.17it/s] 24%|██▍       | 70/287 [00:30<01:33,  2.32it/s] 25%|██▍       | 71/287 [00:30<01:34,  2.30it/s] 25%|██▌       | 72/287 [00:30<01:32,  2.33it/s] 25%|██▌       | 73/287 [00:31<01:35,  2.24it/s] 26%|██▌       | 74/287 [00:31<01:32,  2.30it/s] 26%|██▌       | 75/287 [00:32<01:32,  2.29it/s] 26%|██▋       | 76/287 [00:32<01:33,  2.25it/s] 27%|██▋       | 77/287 [00:33<01:29,  2.34it/s] 27%|██▋       | 78/287 [00:33<01:31,  2.30it/s] 28%|██▊       | 79/287 [00:33<01:28,  2.34it/s] 28%|██▊       | 80/287 [00:34<01:27,  2.35it/s] 28%|██▊       | 81/287 [00:34<01:33,  2.21it/s] 29%|██▊       | 82/287 [00:35<01:31,  2.24it/s] 29%|██▉       | 83/287 [00:35<01:27,  2.33it/s] 29%|██▉       | 84/287 [00:36<01:26,  2.35it/s] 30%|██▉       | 85/287 [00:36<01:25,  2.35it/s] 30%|██▉       | 86/287 [00:36<01:24,  2.39it/s] 30%|███       | 87/287 [00:37<01:24,  2.38it/s] 31%|███       | 88/287 [00:37<01:20,  2.48it/s] 31%|███       | 89/287 [00:38<01:20,  2.45it/s] 31%|███▏      | 90/287 [00:38<01:19,  2.49it/s] 32%|███▏      | 91/287 [00:38<01:18,  2.49it/s] 32%|███▏      | 92/287 [00:39<01:17,  2.52it/s] 32%|███▏      | 93/287 [00:39<01:17,  2.51it/s] 33%|███▎      | 94/287 [00:40<01:20,  2.40it/s] 33%|███▎      | 95/287 [00:40<01:19,  2.42it/s] 33%|███▎      | 96/287 [00:41<01:18,  2.43it/s] 34%|███▍      | 97/287 [00:41<01:18,  2.41it/s] 34%|███▍      | 98/287 [00:41<01:18,  2.40it/s] 34%|███▍      | 99/287 [00:42<01:16,  2.46it/s] 35%|███▍      | 100/287 [00:42<01:21,  2.29it/s] 35%|███▌      | 101/287 [00:43<01:18,  2.38it/s] 36%|███▌      | 102/287 [00:43<01:14,  2.47it/s] 36%|███▌      | 103/287 [00:43<01:13,  2.52it/s] 36%|███▌      | 104/287 [00:44<01:15,  2.43it/s] 37%|███▋      | 105/287 [00:44<01:14,  2.45it/s] 37%|███▋      | 106/287 [00:45<01:14,  2.42it/s] 37%|███▋      | 107/287 [00:45<01:13,  2.46it/s] 38%|███▊      | 108/287 [00:45<01:13,  2.42it/s] 38%|███▊      | 109/287 [00:46<01:14,  2.40it/s] 38%|███▊      | 110/287 [00:46<01:18,  2.27it/s] 39%|███▊      | 111/287 [00:47<01:15,  2.32it/s] 39%|███▉      | 112/287 [00:47<01:15,  2.32it/s] 39%|███▉      | 113/287 [00:48<01:13,  2.37it/s] 40%|███▉      | 114/287 [00:48<01:12,  2.39it/s] 40%|████      | 115/287 [00:48<01:13,  2.35it/s] 40%|████      | 116/287 [00:49<01:14,  2.31it/s] 41%|████      | 117/287 [00:49<01:11,  2.38it/s] 41%|████      | 118/287 [00:50<01:09,  2.43it/s] 41%|████▏     | 119/287 [00:50<01:10,  2.37it/s] 42%|████▏     | 120/287 [00:51<01:14,  2.24it/s] 42%|████▏     | 121/287 [00:51<01:12,  2.29it/s] 43%|████▎     | 122/287 [00:51<01:10,  2.36it/s] 43%|████▎     | 123/287 [00:52<01:14,  2.21it/s] 43%|████▎     | 124/287 [00:52<01:10,  2.30it/s] 44%|████▎     | 125/287 [00:53<01:07,  2.39it/s] 44%|████▍     | 126/287 [00:53<01:05,  2.44it/s] 44%|████▍     | 127/287 [00:54<01:05,  2.43it/s] 45%|████▍     | 128/287 [00:54<01:05,  2.43it/s] 45%|████▍     | 129/287 [00:54<01:04,  2.44it/s] 45%|████▌     | 130/287 [00:55<01:03,  2.46it/s] 46%|████▌     | 131/287 [00:55<01:02,  2.50it/s] 46%|████▌     | 132/287 [00:56<01:04,  2.42it/s] 46%|████▋     | 133/287 [00:56<01:04,  2.39it/s] 47%|████▋     | 134/287 [00:56<01:01,  2.48it/s] 47%|████▋     | 135/287 [00:57<01:02,  2.45it/s] 47%|████▋     | 136/287 [00:57<01:01,  2.47it/s] 48%|████▊     | 137/287 [00:58<01:01,  2.45it/s] 48%|████▊     | 138/287 [00:58<00:58,  2.54it/s] 48%|████▊     | 139/287 [00:58<00:58,  2.54it/s] 49%|████▉     | 140/287 [00:59<00:56,  2.60it/s] 49%|████▉     | 141/287 [00:59<00:57,  2.52it/s] 49%|████▉     | 142/287 [01:00<00:59,  2.45it/s] 50%|████▉     | 143/287 [01:00<00:58,  2.44it/s] 50%|█████     | 144/287 [01:00<00:59,  2.42it/s] 51%|█████     | 145/287 [01:01<00:57,  2.47it/s] 51%|█████     | 146/287 [01:01<00:56,  2.51it/s] 51%|█████     | 147/287 [01:02<00:58,  2.39it/s] 52%|█████▏    | 148/287 [01:02<01:00,  2.29it/s] 52%|█████▏    | 149/287 [01:03<01:00,  2.29it/s] 52%|█████▏    | 150/287 [01:03<00:59,  2.31it/s] 53%|█████▎    | 151/287 [01:04<01:01,  2.22it/s] 53%|█████▎    | 152/287 [01:04<00:58,  2.33it/s] 53%|█████▎    | 153/287 [01:04<00:58,  2.30it/s] 54%|█████▎    | 154/287 [01:05<00:56,  2.34it/s] 54%|█████▍    | 155/287 [01:05<00:56,  2.36it/s] 54%|█████▍    | 156/287 [01:06<00:57,  2.28it/s] 55%|█████▍    | 157/287 [01:06<00:56,  2.30it/s] 55%|█████▌    | 158/287 [01:06<00:53,  2.40it/s] 55%|█████▌    | 159/287 [01:07<00:56,  2.26it/s] 56%|█████▌    | 160/287 [01:07<00:56,  2.24it/s] 56%|█████▌    | 161/287 [01:08<00:58,  2.16it/s] 56%|█████▋    | 162/287 [01:08<00:54,  2.28it/s] 57%|█████▋    | 163/287 [01:09<00:54,  2.26it/s] 57%|█████▋    | 164/287 [01:09<00:50,  2.43it/s] 57%|█████▋    | 165/287 [01:10<00:51,  2.37it/s] 58%|█████▊    | 166/287 [01:10<00:50,  2.38it/s] 58%|█████▊    | 167/287 [01:10<00:49,  2.44it/s] 59%|█████▊    | 168/287 [01:11<00:48,  2.46it/s] 59%|█████▉    | 169/287 [01:11<00:48,  2.42it/s] 59%|█████▉    | 170/287 [01:12<00:46,  2.49it/s] 60%|█████▉    | 171/287 [01:12<00:47,  2.43it/s] 60%|█████▉    | 172/287 [01:12<00:47,  2.41it/s] 60%|██████    | 173/287 [01:13<00:49,  2.32it/s] 61%|██████    | 174/287 [01:13<00:47,  2.38it/s] 61%|██████    | 175/287 [01:14<00:47,  2.34it/s] 61%|██████▏   | 176/287 [01:14<00:47,  2.36it/s] 62%|██████▏   | 177/287 [01:14<00:44,  2.47it/s] 62%|██████▏   | 178/287 [01:15<00:43,  2.50it/s] 62%|██████▏   | 179/287 [01:15<00:42,  2.51it/s] 63%|██████▎   | 180/287 [01:16<00:43,  2.45it/s] 63%|██████▎   | 181/287 [01:16<00:42,  2.48it/s] 63%|██████▎   | 182/287 [01:17<00:43,  2.42it/s] 64%|██████▍   | 183/287 [01:17<00:43,  2.41it/s] 64%|██████▍   | 184/287 [01:17<00:41,  2.47it/s] 64%|██████▍   | 185/287 [01:18<00:42,  2.39it/s] 65%|██████▍   | 186/287 [01:18<00:41,  2.41it/s] 65%|██████▌   | 187/287 [01:19<00:40,  2.45it/s] 66%|██████▌   | 188/287 [01:19<00:43,  2.26it/s] 66%|██████▌   | 189/287 [01:20<00:44,  2.21it/s] 66%|██████▌   | 190/287 [01:20<00:44,  2.19it/s] 67%|██████▋   | 191/287 [01:20<00:43,  2.22it/s] 67%|██████▋   | 192/287 [01:21<00:41,  2.28it/s] 67%|██████▋   | 193/287 [01:21<00:39,  2.36it/s] 68%|██████▊   | 194/287 [01:22<00:38,  2.39it/s] 68%|██████▊   | 195/287 [01:22<00:38,  2.39it/s] 68%|██████▊   | 196/287 [01:22<00:37,  2.46it/s] 69%|██████▊   | 197/287 [01:23<00:36,  2.44it/s] 69%|██████▉   | 198/287 [01:23<00:36,  2.46it/s] 69%|██████▉   | 199/287 [01:24<00:35,  2.50it/s] 70%|██████▉   | 200/287 [01:24<00:36,  2.41it/s] 70%|███████   | 201/287 [01:25<00:35,  2.41it/s] 70%|███████   | 202/287 [01:25<00:34,  2.49it/s] 71%|███████   | 203/287 [01:25<00:33,  2.50it/s] 71%|███████   | 204/287 [01:26<00:34,  2.44it/s] 71%|███████▏  | 205/287 [01:26<00:33,  2.44it/s] 72%|███████▏  | 206/287 [01:27<00:35,  2.28it/s] 72%|███████▏  | 207/287 [01:27<00:36,  2.19it/s] 72%|███████▏  | 208/287 [01:28<00:34,  2.29it/s] 73%|███████▎  | 209/287 [01:28<00:33,  2.31it/s] 73%|███████▎  | 210/287 [01:28<00:32,  2.33it/s] 74%|███████▎  | 211/287 [01:29<00:31,  2.41it/s] 74%|███████▍  | 212/287 [01:29<00:30,  2.43it/s] 74%|███████▍  | 213/287 [01:30<00:29,  2.48it/s] 75%|███████▍  | 214/287 [01:30<00:30,  2.37it/s] 75%|███████▍  | 215/287 [01:30<00:30,  2.33it/s] 75%|███████▌  | 216/287 [01:31<00:29,  2.39it/s] 76%|███████▌  | 217/287 [01:31<00:28,  2.45it/s] 76%|███████▌  | 218/287 [01:32<00:28,  2.42it/s] 76%|███████▋  | 219/287 [01:32<00:27,  2.46it/s] 77%|███████▋  | 220/287 [01:33<00:28,  2.32it/s] 77%|███████▋  | 221/287 [01:33<00:28,  2.34it/s] 77%|███████▋  | 222/287 [01:33<00:27,  2.38it/s] 78%|███████▊  | 223/287 [01:34<00:26,  2.45it/s] 78%|███████▊  | 224/287 [01:34<00:25,  2.45it/s] 78%|███████▊  | 225/287 [01:35<00:25,  2.45it/s] 79%|███████▊  | 226/287 [01:35<00:24,  2.47it/s] 79%|███████▉  | 227/287 [01:35<00:23,  2.50it/s] 79%|███████▉  | 228/287 [01:36<00:22,  2.59it/s] 80%|███████▉  | 229/287 [01:36<00:22,  2.53it/s] 80%|████████  | 230/287 [01:37<00:23,  2.40it/s] 80%|████████  | 231/287 [01:37<00:22,  2.46it/s] 81%|████████  | 232/287 [01:37<00:22,  2.41it/s] 81%|████████  | 233/287 [01:38<00:22,  2.40it/s] 82%|████████▏ | 234/287 [01:38<00:21,  2.52it/s] 82%|████████▏ | 235/287 [01:39<00:21,  2.37it/s] 82%|████████▏ | 236/287 [01:39<00:22,  2.23it/s] 83%|████████▎ | 237/287 [01:40<00:21,  2.30it/s] 83%|████████▎ | 238/287 [01:40<00:21,  2.31it/s] 83%|████████▎ | 239/287 [01:40<00:20,  2.32it/s] 84%|████████▎ | 240/287 [01:41<00:20,  2.35it/s] 84%|████████▍ | 241/287 [01:41<00:18,  2.46it/s] 84%|████████▍ | 242/287 [01:42<00:18,  2.49it/s] 85%|████████▍ | 243/287 [01:42<00:17,  2.45it/s] 85%|████████▌ | 244/287 [01:42<00:17,  2.42it/s] 85%|████████▌ | 245/287 [01:43<00:17,  2.45it/s] 86%|████████▌ | 246/287 [01:43<00:16,  2.41it/s] 86%|████████▌ | 247/287 [01:44<00:17,  2.28it/s] 86%|████████▋ | 248/287 [01:44<00:17,  2.19it/s] 87%|████████▋ | 249/287 [01:45<00:17,  2.12it/s] 87%|████████▋ | 250/287 [01:45<00:17,  2.10it/s] 87%|████████▋ | 251/287 [01:46<00:16,  2.23it/s] 88%|████████▊ | 252/287 [01:46<00:15,  2.28it/s] 88%|████████▊ | 253/287 [01:46<00:14,  2.36it/s] 89%|████████▊ | 254/287 [01:47<00:13,  2.46it/s] 89%|████████▉ | 255/287 [01:47<00:12,  2.50it/s] 89%|████████▉ | 256/287 [01:48<00:12,  2.56it/s] 90%|████████▉ | 257/287 [01:48<00:11,  2.54it/s] 90%|████████▉ | 258/287 [01:48<00:11,  2.42it/s] 90%|█████████ | 259/287 [01:49<00:11,  2.52it/s] 91%|█████████ | 260/287 [01:49<00:11,  2.43it/s] 91%|█████████ | 261/287 [01:50<00:10,  2.41it/s] 91%|█████████▏| 262/287 [01:50<00:10,  2.43it/s] 92%|█████████▏| 263/287 [01:50<00:10,  2.40it/s] 92%|█████████▏| 264/287 [01:51<00:09,  2.44it/s] 92%|█████████▏| 265/287 [01:51<00:09,  2.30it/s] 93%|█████████▎| 266/287 [01:52<00:09,  2.31it/s] 93%|█████████▎| 267/287 [01:52<00:08,  2.31it/s] 93%|█████████▎| 268/287 [01:53<00:08,  2.23it/s] 94%|█████████▎| 269/287 [01:53<00:07,  2.31it/s] 94%|█████████▍| 270/287 [01:54<00:07,  2.34it/s] 94%|█████████▍| 271/287 [01:54<00:06,  2.37it/s] 95%|█████████▍| 272/287 [01:54<00:06,  2.40it/s] 95%|█████████▌| 273/287 [01:55<00:06,  2.32it/s] 95%|█████████▌| 274/287 [01:55<00:05,  2.32it/s] 96%|█████████▌| 275/287 [01:56<00:05,  2.37it/s] 96%|█████████▌| 276/287 [01:56<00:04,  2.37it/s] 97%|█████████▋| 277/287 [01:56<00:04,  2.40it/s] 97%|█████████▋| 278/287 [01:57<00:03,  2.28it/s] 97%|█████████▋| 279/287 [01:57<00:03,  2.35it/s] 98%|█████████▊| 280/287 [01:58<00:02,  2.38it/s] 98%|█████████▊| 281/287 [01:58<00:02,  2.27it/s] 98%|█████████▊| 282/287 [01:59<00:02,  2.25it/s] 99%|█████████▊| 283/287 [01:59<00:01,  2.38it/s] 99%|█████████▉| 284/287 [02:00<00:01,  2.28it/s] 99%|█████████▉| 285/287 [02:00<00:00,  2.35it/s]100%|█████████▉| 286/287 [02:00<00:00,  2.42it/s]100%|██████████| 287/287 [02:01<00:00,  2.58it/s]100%|██████████| 287/287 [02:01<00:00,  2.37it/s]
/home3/qljx17/MMOln-ssos/mmdetection/mmdet/models/dense_heads/anchor_head.py:115: UserWarning: DeprecationWarning: anchor_generator is deprecated, please use "prior_generator" instead
  warnings.warn('DeprecationWarning: anchor_generator is deprecated, '
/home3/qljx17/MMOln-ssos/mmdetection/mmdet/models/task_modules/samplers/sampling_result.py:132: UserWarning: DeprecationWarning: pos_bboxes is deprecated, please use "pos_priors" instead
  warnings.warn('DeprecationWarning: pos_bboxes is deprecated, '
loading annotations into memory...
Done (t=0.04s)
creating index...
index created!
05/05 17:27:20 - mmengine - INFO - Epoch(train) [16][ 50/287]  base_lr: 1.0000e-04 lr: 6.9834e-05  eta: 0:24:30  time: 3.8312  data_time: 2.5881  memory: 47313  loss: 0.3314  loss_rpn_cls: 0.0000  loss_rpn_bbox: 0.0996  loss_rpn_obj: 0.0202  loss_bbox: 0.0328  loss_bbox_score: 0.0018  loss_ood: 0.0186  loss_pseudo_class: 0.1584
05/05 17:28:29 - mmengine - INFO - Epoch(train) [16][100/287]  base_lr: 1.0000e-04 lr: 6.9834e-05  eta: 0:22:56  time: 1.3858  data_time: 0.1601  memory: 47313  loss: 0.3698  loss_rpn_cls: 0.0000  loss_rpn_bbox: 0.0877  loss_rpn_obj: 0.0185  loss_bbox: 0.0319  loss_bbox_score: 0.0017  loss_ood: 0.0187  loss_pseudo_class: 0.2112
05/05 17:29:38 - mmengine - INFO - Epoch(train) [16][150/287]  base_lr: 1.0000e-04 lr: 6.9834e-05  eta: 0:21:22  time: 1.3759  data_time: 0.1619  memory: 47313  loss: 0.3776  loss_rpn_cls: 0.0000  loss_rpn_bbox: 0.1005  loss_rpn_obj: 0.0212  loss_bbox: 0.0343  loss_bbox_score: 0.0018  loss_ood: 0.0173  loss_pseudo_class: 0.2024
05/05 17:30:49 - mmengine - INFO - Epoch(train) [16][200/287]  base_lr: 1.0000e-04 lr: 6.9834e-05  eta: 0:19:49  time: 1.4142  data_time: 0.1611  memory: 47312  loss: 0.2853  loss_rpn_cls: 0.0000  loss_rpn_bbox: 0.0798  loss_rpn_obj: 0.0181  loss_bbox: 0.0298  loss_bbox_score: 0.0017  loss_ood: 0.0178  loss_pseudo_class: 0.1382
05/05 17:31:59 - mmengine - INFO - Epoch(train) [16][250/287]  base_lr: 1.0000e-04 lr: 6.9834e-05  eta: 0:18:16  time: 1.4082  data_time: 0.1580  memory: 47313  loss: 0.3883  loss_rpn_cls: 0.0000  loss_rpn_bbox: 0.0892  loss_rpn_obj: 0.0196  loss_bbox: 0.0331  loss_bbox_score: 0.0017  loss_ood: 0.0170  loss_pseudo_class: 0.2278
05/05 17:32:49 - mmengine - INFO - Exp name: oln_ssos_box_convnext-t-p4-w7_fpn_amp-ms-crop-3x_dbf6_oodsampling1_startepoch3_k10_20250505_144606
05/05 17:32:49 - mmengine - INFO - Saving checkpoint at 16 epochs
/home3/qljx17/MMOln-ssos/mmdetection/mmdet/models/dense_heads/anchor_head.py:115: UserWarning: DeprecationWarning: anchor_generator is deprecated, please use "prior_generator" instead
  warnings.warn('DeprecationWarning: anchor_generator is deprecated, '
05/05 17:32:56 - mmengine - INFO - Epoch(val) [16][ 50/572]    eta: 0:00:40  time: 0.0773  data_time: 0.0192  memory: 47312  
05/05 17:33:00 - mmengine - INFO - Epoch(val) [16][100/572]    eta: 0:00:37  time: 0.0803  data_time: 0.0203  memory: 1139  
05/05 17:33:04 - mmengine - INFO - Epoch(val) [16][150/572]    eta: 0:00:33  time: 0.0787  data_time: 0.0209  memory: 1021  
05/05 17:33:08 - mmengine - INFO - Epoch(val) [16][200/572]    eta: 0:00:29  time: 0.0790  data_time: 0.0209  memory: 1059  
05/05 17:33:12 - mmengine - INFO - Epoch(val) [16][250/572]    eta: 0:00:25  time: 0.0792  data_time: 0.0201  memory: 1139  
05/05 17:33:16 - mmengine - INFO - Epoch(val) [16][300/572]    eta: 0:00:21  time: 0.0781  data_time: 0.0200  memory: 1046  
05/05 17:33:19 - mmengine - INFO - Epoch(val) [16][350/572]    eta: 0:00:17  time: 0.0761  data_time: 0.0190  memory: 1059  
05/05 17:33:23 - mmengine - INFO - Epoch(val) [16][400/572]    eta: 0:00:13  time: 0.0737  data_time: 0.0154  memory: 1113  
05/05 17:33:27 - mmengine - INFO - Epoch(val) [16][450/572]    eta: 0:00:09  time: 0.0735  data_time: 0.0154  memory: 1113  
05/05 17:33:31 - mmengine - INFO - Epoch(val) [16][500/572]    eta: 0:00:05  time: 0.0786  data_time: 0.0204  memory: 1087  
05/05 17:33:35 - mmengine - INFO - Epoch(val) [16][550/572]    eta: 0:00:01  time: 0.0781  data_time: 0.0202  memory: 1033  
05/05 17:33:49 - mmengine - INFO - Evaluating bbox...
Loading and preparing results...
DONE (t=2.14s)
creating index...
index created!
Running per image evaluation...
Evaluate annotation type *bbox*
DONE (t=23.49s).
Accumulating evaluation results...
DONE (t=24.85s).
 Average Precision  (AP) @[ IoU=0.50:0.95 | area=   all | maxDets=100 ] = 0.234
 Average Precision  (AP) @[ IoU=0.50      | area=   all | maxDets=100 ] = 0.369
 Average Precision  (AP) @[ IoU=0.75      | area=   all | maxDets=100 ] = 0.249
 Average Precision  (AP) @[ IoU=0.50:0.95 | area= small | maxDets=100 ] = 0.029
 Average Precision  (AP) @[ IoU=0.50:0.95 | area=medium | maxDets=100 ] = 0.059
 Average Precision  (AP) @[ IoU=0.50:0.95 | area= large | maxDets=100 ] = 0.615
 Average Recall     (AR) @[ IoU=0.50:0.95 | area=   all | maxDets= 10 ] = 0.394
 Average Recall     (AR) @[ IoU=0.50:0.95 | area=   all | maxDets= 20 ] = 0.422
 Average Recall     (AR) @[ IoU=0.50:0.95 | area=   all | maxDets= 30 ] = 0.438
 Average Recall     (AR) @[ IoU=0.50:0.95 | area=   all | maxDets= 50 ] = 0.459
 Average Recall     (AR) @[ IoU=0.50:0.95 | area=   all | maxDets=100 ] = 0.482
 Average Recall     (AR) @[ IoU=0.50:0.95 | area=   all | maxDets=300 ] = 0.512
 Average Recall     (AR) @[ IoU=0.50:0.95 | area=   all | maxDets=500 ] = 0.520
 Average Recall     (AR) @[ IoU=0.50:0.95 | area=   all | maxDets=1000 ] = 0.523
 Average Recall     (AR) @[ IoU=0.50:0.95 | area=   all | maxDets=1500 ] = 0.523
05/05 17:34:44 - mmengine - INFO - Optimal score threshold: 0.5355623006820679
05/05 17:34:44 - mmengine - INFO - Non OS Detected Anomaly Score Threshold: 0.7014349102973938
05/05 17:34:45 - mmengine - INFO - Non OS All Anomaly Score Threshold: 0.45664533972740173
05/05 17:34:45 - mmengine - INFO - Detected Anomaly Score Threshold: 0.7485983371734619
05/05 17:34:45 - mmengine - INFO - All Anomaly Score Threshold: 0.458125501871109
05/05 17:34:45 - mmengine - INFO - bbox_mAP_copypaste: 0.234 0.369 0.249 0.029 0.059 0.615
05/05 17:34:45 - mmengine - INFO - Epoch(val) [16][572/572]    dbf6/bbox_mAP: 0.2340  dbf6/bbox_mAP_50: 0.3690  dbf6/bbox_mAP_75: 0.2490  dbf6/bbox_mAP_s: 0.0290  dbf6/bbox_mAP_m: 0.0590  dbf6/bbox_mAP_l: 0.6150  data_time: 0.0192  time: 0.0774
  0%|          | 0/287 [00:00<?, ?it/s]  0%|          | 1/287 [00:00<01:58,  2.41it/s]  1%|          | 2/287 [00:00<01:56,  2.45it/s]  1%|          | 3/287 [00:01<02:01,  2.33it/s]  1%|▏         | 4/287 [00:01<01:59,  2.36it/s]  2%|▏         | 5/287 [00:02<01:56,  2.41it/s]  2%|▏         | 6/287 [00:02<02:02,  2.29it/s]  2%|▏         | 7/287 [00:02<01:56,  2.41it/s]  3%|▎         | 8/287 [00:03<01:54,  2.44it/s]  3%|▎         | 9/287 [00:03<01:52,  2.46it/s]  3%|▎         | 10/287 [00:04<01:48,  2.55it/s]  4%|▍         | 11/287 [00:04<01:49,  2.51it/s]  4%|▍         | 12/287 [00:04<01:49,  2.52it/s]  5%|▍         | 13/287 [00:05<01:51,  2.46it/s]  5%|▍         | 14/287 [00:05<01:49,  2.49it/s]  5%|▌         | 15/287 [00:06<01:48,  2.51it/s]  6%|▌         | 16/287 [00:06<01:51,  2.44it/s]  6%|▌         | 17/287 [00:06<01:46,  2.53it/s]  6%|▋         | 18/287 [00:07<01:52,  2.40it/s]  7%|▋         | 19/287 [00:07<01:47,  2.49it/s]  7%|▋         | 20/287 [00:08<01:53,  2.34it/s]  7%|▋         | 21/287 [00:08<01:50,  2.42it/s]  8%|▊         | 22/287 [00:08<01:45,  2.50it/s]  8%|▊         | 23/287 [00:09<01:41,  2.60it/s]  8%|▊         | 24/287 [00:09<01:49,  2.41it/s]  9%|▊         | 25/287 [00:10<01:48,  2.42it/s]  9%|▉         | 26/287 [00:10<01:48,  2.41it/s]  9%|▉         | 27/287 [00:11<01:48,  2.40it/s] 10%|▉         | 28/287 [00:11<01:46,  2.44it/s] 10%|█         | 29/287 [00:11<01:44,  2.47it/s] 10%|█         | 30/287 [00:12<01:40,  2.56it/s] 11%|█         | 31/287 [00:12<01:43,  2.48it/s] 11%|█         | 32/287 [00:13<01:42,  2.48it/s] 11%|█▏        | 33/287 [00:13<01:48,  2.34it/s] 12%|█▏        | 34/287 [00:13<01:46,  2.37it/s] 12%|█▏        | 35/287 [00:14<01:47,  2.33it/s] 13%|█▎        | 36/287 [00:14<01:43,  2.42it/s] 13%|█▎        | 37/287 [00:15<01:42,  2.43it/s] 13%|█▎        | 38/287 [00:15<01:41,  2.45it/s] 14%|█▎        | 39/287 [00:15<01:41,  2.45it/s] 14%|█▍        | 40/287 [00:16<01:45,  2.34it/s] 14%|█▍        | 41/287 [00:16<01:42,  2.39it/s] 15%|█▍        | 42/287 [00:17<01:42,  2.38it/s] 15%|█▍        | 43/287 [00:17<01:37,  2.49it/s] 15%|█▌        | 44/287 [00:18<01:39,  2.45it/s] 16%|█▌        | 45/287 [00:18<01:39,  2.42it/s] 16%|█▌        | 46/287 [00:18<01:38,  2.44it/s] 16%|█▋        | 47/287 [00:19<01:38,  2.43it/s] 17%|█▋        | 48/287 [00:19<01:35,  2.50it/s] 17%|█▋        | 49/287 [00:20<01:31,  2.61it/s] 17%|█▋        | 50/287 [00:20<01:30,  2.63it/s] 18%|█▊        | 51/287 [00:20<01:30,  2.60it/s] 18%|█▊        | 52/287 [00:21<01:31,  2.56it/s] 18%|█▊        | 53/287 [00:21<01:36,  2.42it/s] 19%|█▉        | 54/287 [00:21<01:31,  2.55it/s] 19%|█▉        | 55/287 [00:22<01:35,  2.42it/s] 20%|█▉        | 56/287 [00:22<01:36,  2.39it/s] 20%|█▉        | 57/287 [00:23<01:36,  2.37it/s] 20%|██        | 58/287 [00:23<01:36,  2.36it/s] 21%|██        | 59/287 [00:24<01:34,  2.42it/s] 21%|██        | 60/287 [00:24<01:37,  2.33it/s] 21%|██▏       | 61/287 [00:24<01:32,  2.43it/s] 22%|██▏       | 62/287 [00:25<01:31,  2.47it/s] 22%|██▏       | 63/287 [00:25<01:36,  2.33it/s] 22%|██▏       | 64/287 [00:26<01:36,  2.32it/s] 23%|██▎       | 65/287 [00:26<01:34,  2.36it/s] 23%|██▎       | 66/287 [00:27<01:38,  2.25it/s] 23%|██▎       | 67/287 [00:27<01:32,  2.37it/s] 24%|██▎       | 68/287 [00:27<01:33,  2.34it/s] 24%|██▍       | 69/287 [00:28<01:35,  2.28it/s] 24%|██▍       | 70/287 [00:28<01:36,  2.25it/s] 25%|██▍       | 71/287 [00:29<01:39,  2.17it/s] 25%|██▌       | 72/287 [00:29<01:36,  2.23it/s] 25%|██▌       | 73/287 [00:30<01:32,  2.30it/s] 26%|██▌       | 74/287 [00:30<01:28,  2.41it/s] 26%|██▌       | 75/287 [00:30<01:23,  2.55it/s] 26%|██▋       | 76/287 [00:31<01:24,  2.49it/s] 27%|██▋       | 77/287 [00:31<01:24,  2.48it/s] 27%|██▋       | 78/287 [00:32<01:26,  2.42it/s] 28%|██▊       | 79/287 [00:32<01:25,  2.45it/s] 28%|██▊       | 80/287 [00:33<01:25,  2.43it/s] 28%|██▊       | 81/287 [00:33<01:27,  2.35it/s] 29%|██▊       | 82/287 [00:33<01:24,  2.42it/s] 29%|██▉       | 83/287 [00:34<01:24,  2.40it/s] 29%|██▉       | 84/287 [00:34<01:29,  2.26it/s] 30%|██▉       | 85/287 [00:35<01:31,  2.21it/s] 30%|██▉       | 86/287 [00:35<01:32,  2.16it/s] 30%|███       | 87/287 [00:36<01:35,  2.10it/s] 31%|███       | 88/287 [00:36<01:30,  2.21it/s] 31%|███       | 89/287 [00:37<01:24,  2.33it/s] 31%|███▏      | 90/287 [00:37<01:23,  2.35it/s] 32%|███▏      | 91/287 [00:37<01:28,  2.22it/s] 32%|███▏      | 92/287 [00:38<01:25,  2.28it/s] 32%|███▏      | 93/287 [00:38<01:20,  2.40it/s] 33%|███▎      | 94/287 [00:39<01:19,  2.44it/s] 33%|███▎      | 95/287 [00:39<01:19,  2.43it/s] 33%|███▎      | 96/287 [00:39<01:18,  2.43it/s] 34%|███▍      | 97/287 [00:40<01:16,  2.48it/s] 34%|███▍      | 98/287 [00:40<01:18,  2.42it/s] 34%|███▍      | 99/287 [00:41<01:18,  2.40it/s] 35%|███▍      | 100/287 [00:41<01:17,  2.42it/s] 35%|███▌      | 101/287 [00:41<01:15,  2.46it/s] 36%|███▌      | 102/287 [00:42<01:12,  2.54it/s] 36%|███▌      | 103/287 [00:42<01:14,  2.47it/s] 36%|███▌      | 104/287 [00:43<01:12,  2.54it/s] 37%|███▋      | 105/287 [00:43<01:14,  2.43it/s] 37%|███▋      | 106/287 [00:43<01:12,  2.50it/s] 37%|███▋      | 107/287 [00:44<01:10,  2.55it/s] 38%|███▊      | 108/287 [00:44<01:09,  2.56it/s] 38%|███▊      | 109/287 [00:45<01:15,  2.37it/s] 38%|███▊      | 110/287 [00:45<01:17,  2.27it/s] 39%|███▊      | 111/287 [00:46<01:15,  2.34it/s] 39%|███▉      | 112/287 [00:46<01:13,  2.37it/s] 39%|███▉      | 113/287 [00:46<01:11,  2.45it/s] 40%|███▉      | 114/287 [00:47<01:09,  2.50it/s] 40%|████      | 115/287 [00:47<01:12,  2.38it/s] 40%|████      | 116/287 [00:48<01:15,  2.27it/s] 41%|████      | 117/287 [00:48<01:12,  2.36it/s] 41%|████      | 118/287 [00:49<01:10,  2.41it/s] 41%|████▏     | 119/287 [00:49<01:06,  2.52it/s] 42%|████▏     | 120/287 [00:49<01:06,  2.50it/s] 42%|████▏     | 121/287 [00:50<01:06,  2.51it/s] 43%|████▎     | 122/287 [00:50<01:06,  2.50it/s] 43%|████▎     | 123/287 [00:50<01:06,  2.48it/s] 43%|████▎     | 124/287 [00:51<01:04,  2.54it/s] 44%|████▎     | 125/287 [00:51<01:03,  2.54it/s] 44%|████▍     | 126/287 [00:52<01:01,  2.62it/s] 44%|████▍     | 127/287 [00:52<01:01,  2.59it/s] 45%|████▍     | 128/287 [00:52<01:00,  2.64it/s] 45%|████▍     | 129/287 [00:53<01:00,  2.63it/s] 45%|████▌     | 130/287 [00:53<01:04,  2.44it/s] 46%|████▌     | 131/287 [00:54<01:03,  2.45it/s] 46%|████▌     | 132/287 [00:54<01:02,  2.48it/s] 46%|████▋     | 133/287 [00:54<01:00,  2.54it/s] 47%|████▋     | 134/287 [00:55<01:00,  2.55it/s] 47%|████▋     | 135/287 [00:55<01:02,  2.44it/s] 47%|████▋     | 136/287 [00:56<01:00,  2.50it/s] 48%|████▊     | 137/287 [00:56<01:00,  2.50it/s] 48%|████▊     | 138/287 [00:56<01:00,  2.46it/s] 48%|████▊     | 139/287 [00:57<00:59,  2.47it/s] 49%|████▉     | 140/287 [00:57<00:58,  2.49it/s] 49%|████▉     | 141/287 [00:58<00:57,  2.54it/s] 49%|████▉     | 142/287 [00:58<00:54,  2.65it/s] 50%|████▉     | 143/287 [00:58<00:55,  2.60it/s] 50%|█████     | 144/287 [00:59<00:55,  2.57it/s] 51%|█████     | 145/287 [00:59<00:55,  2.55it/s] 51%|█████     | 146/287 [01:00<00:56,  2.51it/s] 51%|█████     | 147/287 [01:00<00:56,  2.47it/s] 52%|█████▏    | 148/287 [01:00<00:55,  2.49it/s] 52%|█████▏    | 149/287 [01:01<00:56,  2.46it/s] 52%|█████▏    | 150/287 [01:01<00:55,  2.47it/s] 53%|█████▎    | 151/287 [01:02<00:53,  2.52it/s] 53%|█████▎    | 152/287 [01:02<00:52,  2.58it/s] 53%|█████▎    | 153/287 [01:02<00:52,  2.57it/s] 54%|█████▎    | 154/287 [01:03<00:52,  2.51it/s] 54%|█████▍    | 155/287 [01:03<00:53,  2.47it/s] 54%|█████▍    | 156/287 [01:04<00:53,  2.43it/s] 55%|█████▍    | 157/287 [01:04<00:56,  2.28it/s] 55%|█████▌    | 158/287 [01:04<00:54,  2.36it/s] 55%|█████▌    | 159/287 [01:05<00:54,  2.35it/s] 56%|█████▌    | 160/287 [01:05<00:55,  2.30it/s] 56%|█████▌    | 161/287 [01:06<00:54,  2.32it/s] 56%|█████▋    | 162/287 [01:06<00:52,  2.39it/s] 57%|█████▋    | 163/287 [01:07<00:52,  2.36it/s] 57%|█████▋    | 164/287 [01:07<00:51,  2.39it/s] 57%|█████▋    | 165/287 [01:07<00:49,  2.45it/s] 58%|█████▊    | 166/287 [01:08<00:49,  2.47it/s] 58%|█████▊    | 167/287 [01:08<00:48,  2.48it/s] 59%|█████▊    | 168/287 [01:09<00:47,  2.53it/s] 59%|█████▉    | 169/287 [01:09<00:48,  2.46it/s] 59%|█████▉    | 170/287 [01:09<00:46,  2.52it/s] 60%|█████▉    | 171/287 [01:10<00:50,  2.32it/s] 60%|█████▉    | 172/287 [01:10<00:47,  2.43it/s] 60%|██████    | 173/287 [01:11<00:46,  2.47it/s] 61%|██████    | 174/287 [01:11<00:44,  2.53it/s] 61%|██████    | 175/287 [01:11<00:46,  2.41it/s] 61%|██████▏   | 176/287 [01:12<00:48,  2.28it/s] 62%|██████▏   | 177/287 [01:12<00:47,  2.33it/s] 62%|██████▏   | 178/287 [01:13<00:44,  2.45it/s] 62%|██████▏   | 179/287 [01:13<00:43,  2.47it/s] 63%|██████▎   | 180/287 [01:14<00:42,  2.53it/s] 63%|██████▎   | 181/287 [01:14<00:44,  2.36it/s] 63%|██████▎   | 182/287 [01:14<00:44,  2.38it/s] 64%|██████▍   | 183/287 [01:15<00:41,  2.49it/s] 64%|██████▍   | 184/287 [01:15<00:40,  2.51it/s] 64%|██████▍   | 185/287 [01:16<00:43,  2.34it/s] 65%|██████▍   | 186/287 [01:16<00:42,  2.37it/s] 65%|██████▌   | 187/287 [01:16<00:42,  2.38it/s] 66%|██████▌   | 188/287 [01:17<00:39,  2.49it/s] 66%|██████▌   | 189/287 [01:17<00:40,  2.44it/s] 66%|██████▌   | 190/287 [01:18<00:38,  2.51it/s] 67%|██████▋   | 191/287 [01:18<00:37,  2.55it/s] 67%|██████▋   | 192/287 [01:19<00:40,  2.36it/s] 67%|██████▋   | 193/287 [01:19<00:38,  2.41it/s] 68%|██████▊   | 194/287 [01:19<00:39,  2.36it/s] 68%|██████▊   | 195/287 [01:20<00:38,  2.40it/s] 68%|██████▊   | 196/287 [01:20<00:36,  2.52it/s] 69%|██████▊   | 197/287 [01:21<00:37,  2.38it/s] 69%|██████▉   | 198/287 [01:21<00:39,  2.25it/s] 69%|██████▉   | 199/287 [01:21<00:38,  2.31it/s] 70%|██████▉   | 200/287 [01:22<00:36,  2.41it/s] 70%|███████   | 201/287 [01:22<00:35,  2.43it/s] 70%|███████   | 202/287 [01:23<00:36,  2.33it/s] 71%|███████   | 203/287 [01:23<00:37,  2.24it/s] 71%|███████   | 204/287 [01:24<00:34,  2.40it/s] 71%|███████▏  | 205/287 [01:24<00:33,  2.43it/s] 72%|███████▏  | 206/287 [01:24<00:34,  2.34it/s] 72%|███████▏  | 207/287 [01:25<00:32,  2.44it/s] 72%|███████▏  | 208/287 [01:25<00:31,  2.48it/s] 73%|███████▎  | 209/287 [01:26<00:31,  2.50it/s] 73%|███████▎  | 210/287 [01:26<00:31,  2.46it/s] 74%|███████▎  | 211/287 [01:26<00:31,  2.44it/s] 74%|███████▍  | 212/287 [01:27<00:31,  2.36it/s] 74%|███████▍  | 213/287 [01:27<00:29,  2.48it/s] 75%|███████▍  | 214/287 [01:28<00:31,  2.33it/s] 75%|███████▍  | 215/287 [01:28<00:30,  2.38it/s] 75%|███████▌  | 216/287 [01:29<00:28,  2.45it/s] 76%|███████▌  | 217/287 [01:29<00:28,  2.44it/s] 76%|███████▌  | 218/287 [01:29<00:29,  2.31it/s] 76%|███████▋  | 219/287 [01:30<00:28,  2.43it/s] 77%|███████▋  | 220/287 [01:30<00:27,  2.48it/s] 77%|███████▋  | 221/287 [01:31<00:26,  2.47it/s] 77%|███████▋  | 222/287 [01:31<00:26,  2.49it/s] 78%|███████▊  | 223/287 [01:31<00:25,  2.47it/s] 78%|███████▊  | 224/287 [01:32<00:25,  2.48it/s] 78%|███████▊  | 225/287 [01:32<00:26,  2.36it/s] 79%|███████▊  | 226/287 [01:33<00:24,  2.47it/s] 79%|███████▉  | 227/287 [01:33<00:24,  2.49it/s] 79%|███████▉  | 228/287 [01:34<00:25,  2.30it/s] 80%|███████▉  | 229/287 [01:34<00:24,  2.33it/s] 80%|████████  | 230/287 [01:34<00:26,  2.19it/s] 80%|████████  | 231/287 [01:35<00:25,  2.19it/s] 81%|████████  | 232/287 [01:35<00:23,  2.32it/s] 81%|████████  | 233/287 [01:36<00:23,  2.25it/s] 82%|████████▏ | 234/287 [01:36<00:24,  2.16it/s] 82%|████████▏ | 235/287 [01:37<00:23,  2.21it/s] 82%|████████▏ | 236/287 [01:37<00:22,  2.30it/s] 83%|████████▎ | 237/287 [01:38<00:22,  2.21it/s] 83%|████████▎ | 238/287 [01:38<00:21,  2.31it/s] 83%|████████▎ | 239/287 [01:38<00:21,  2.22it/s] 84%|████████▎ | 240/287 [01:39<00:20,  2.29it/s] 84%|████████▍ | 241/287 [01:39<00:20,  2.25it/s] 84%|████████▍ | 242/287 [01:40<00:20,  2.23it/s] 85%|████████▍ | 243/287 [01:40<00:19,  2.27it/s] 85%|████████▌ | 244/287 [01:41<00:18,  2.33it/s] 85%|████████▌ | 245/287 [01:41<00:17,  2.45it/s] 86%|████████▌ | 246/287 [01:41<00:17,  2.31it/s] 86%|████████▌ | 247/287 [01:42<00:17,  2.24it/s] 86%|████████▋ | 248/287 [01:42<00:17,  2.28it/s] 87%|████████▋ | 249/287 [01:43<00:16,  2.34it/s] 87%|████████▋ | 250/287 [01:43<00:16,  2.27it/s] 87%|████████▋ | 251/287 [01:44<00:15,  2.33it/s] 88%|████████▊ | 252/287 [01:44<00:14,  2.38it/s] 88%|████████▊ | 253/287 [01:44<00:13,  2.45it/s] 89%|████████▊ | 254/287 [01:45<00:13,  2.46it/s] 89%|████████▉ | 255/287 [01:45<00:12,  2.48it/s] 89%|████████▉ | 256/287 [01:46<00:12,  2.41it/s] 90%|████████▉ | 257/287 [01:46<00:12,  2.36it/s] 90%|████████▉ | 258/287 [01:46<00:11,  2.45it/s] 90%|█████████ | 259/287 [01:47<00:12,  2.30it/s] 91%|█████████ | 260/287 [01:47<00:12,  2.19it/s] 91%|█████████ | 261/287 [01:48<00:11,  2.25it/s] 91%|█████████▏| 262/287 [01:48<00:10,  2.33it/s] 92%|█████████▏| 263/287 [01:49<00:10,  2.37it/s] 92%|█████████▏| 264/287 [01:49<00:09,  2.42it/s] 92%|█████████▏| 265/287 [01:50<00:09,  2.39it/s] 93%|█████████▎| 266/287 [01:50<00:08,  2.52it/s] 93%|█████████▎| 267/287 [01:50<00:07,  2.50it/s] 93%|█████████▎| 268/287 [01:51<00:07,  2.48it/s] 94%|█████████▎| 269/287 [01:51<00:07,  2.40it/s] 94%|█████████▍| 270/287 [01:52<00:07,  2.37it/s] 94%|█████████▍| 271/287 [01:52<00:06,  2.30it/s] 95%|█████████▍| 272/287 [01:52<00:06,  2.38it/s] 95%|█████████▌| 273/287 [01:53<00:05,  2.43it/s] 95%|█████████▌| 274/287 [01:53<00:05,  2.49it/s] 96%|█████████▌| 275/287 [01:54<00:04,  2.52it/s] 96%|█████████▌| 276/287 [01:54<00:04,  2.32it/s] 97%|█████████▋| 277/287 [01:54<00:04,  2.41it/s] 97%|█████████▋| 278/287 [01:55<00:03,  2.38it/s] 97%|█████████▋| 279/287 [01:55<00:03,  2.22it/s] 98%|█████████▊| 280/287 [01:56<00:03,  2.26it/s] 98%|█████████▊| 281/287 [01:56<00:02,  2.35it/s] 98%|█████████▊| 282/287 [01:57<00:02,  2.34it/s] 99%|█████████▊| 283/287 [01:57<00:01,  2.34it/s] 99%|█████████▉| 284/287 [01:57<00:01,  2.34it/s] 99%|█████████▉| 285/287 [01:58<00:00,  2.23it/s]100%|█████████▉| 286/287 [01:58<00:00,  2.15it/s]100%|██████████| 287/287 [01:59<00:00,  2.37it/s]100%|██████████| 287/287 [01:59<00:00,  2.41it/s]
/home3/qljx17/MMOln-ssos/mmdetection/mmdet/models/dense_heads/anchor_head.py:115: UserWarning: DeprecationWarning: anchor_generator is deprecated, please use "prior_generator" instead
  warnings.warn('DeprecationWarning: anchor_generator is deprecated, '
/home3/qljx17/MMOln-ssos/mmdetection/mmdet/models/task_modules/samplers/sampling_result.py:132: UserWarning: DeprecationWarning: pos_bboxes is deprecated, please use "pos_priors" instead
  warnings.warn('DeprecationWarning: pos_bboxes is deprecated, '
loading annotations into memory...
Done (t=0.04s)
creating index...
index created!
05/05 17:37:55 - mmengine - INFO - Epoch(train) [17][ 50/287]  base_lr: 1.0000e-04 lr: 6.9834e-05  eta: 0:15:49  time: 3.7924  data_time: 2.5528  memory: 47312  loss: 0.3191  loss_rpn_cls: 0.0000  loss_rpn_bbox: 0.0806  loss_rpn_obj: 0.0179  loss_bbox: 0.0310  loss_bbox_score: 0.0016  loss_ood: 0.0156  loss_pseudo_class: 0.1723
05/05 17:39:06 - mmengine - INFO - Epoch(train) [17][100/287]  base_lr: 1.0000e-04 lr: 6.9834e-05  eta: 0:14:17  time: 1.4290  data_time: 0.1631  memory: 47312  loss: 0.2976  loss_rpn_cls: 0.0000  loss_rpn_bbox: 0.0867  loss_rpn_obj: 0.0185  loss_bbox: 0.0318  loss_bbox_score: 0.0017  loss_ood: 0.0157  loss_pseudo_class: 0.1433
05/05 17:40:15 - mmengine - INFO - Epoch(train) [17][150/287]  base_lr: 1.0000e-04 lr: 6.9834e-05  eta: 0:12:45  time: 1.3831  data_time: 0.1557  memory: 47313  loss: 0.3355  loss_rpn_cls: 0.0000  loss_rpn_bbox: 0.0869  loss_rpn_obj: 0.0194  loss_bbox: 0.0318  loss_bbox_score: 0.0016  loss_ood: 0.0165  loss_pseudo_class: 0.1794
05/05 17:41:25 - mmengine - INFO - Epoch(train) [17][200/287]  base_lr: 1.0000e-04 lr: 6.9834e-05  eta: 0:11:13  time: 1.3929  data_time: 0.1546  memory: 47313  loss: 0.3705  loss_rpn_cls: 0.0000  loss_rpn_bbox: 0.0866  loss_rpn_obj: 0.0192  loss_bbox: 0.0325  loss_bbox_score: 0.0016  loss_ood: 0.0164  loss_pseudo_class: 0.2143
05/05 17:42:36 - mmengine - INFO - Epoch(train) [17][250/287]  base_lr: 1.0000e-04 lr: 6.9834e-05  eta: 0:09:41  time: 1.4205  data_time: 0.1574  memory: 47313  loss: 0.3607  loss_rpn_cls: 0.0000  loss_rpn_bbox: 0.0869  loss_rpn_obj: 0.0199  loss_bbox: 0.0317  loss_bbox_score: 0.0016  loss_ood: 0.0164  loss_pseudo_class: 0.2042
05/05 17:43:27 - mmengine - INFO - Exp name: oln_ssos_box_convnext-t-p4-w7_fpn_amp-ms-crop-3x_dbf6_oodsampling1_startepoch3_k10_20250505_144606
05/05 17:43:31 - mmengine - INFO - Epoch(val) [17][ 50/572]    eta: 0:00:39  time: 0.0762  data_time: 0.0185  memory: 47313  
05/05 17:43:35 - mmengine - INFO - Epoch(val) [17][100/572]    eta: 0:00:36  time: 0.0800  data_time: 0.0202  memory: 1139  
05/05 17:43:38 - mmengine - INFO - Epoch(val) [17][150/572]    eta: 0:00:32  time: 0.0758  data_time: 0.0188  memory: 1021  
05/05 17:43:42 - mmengine - INFO - Epoch(val) [17][200/572]    eta: 0:00:28  time: 0.0781  data_time: 0.0200  memory: 1059  
05/05 17:43:46 - mmengine - INFO - Epoch(val) [17][250/572]    eta: 0:00:24  time: 0.0775  data_time: 0.0189  memory: 1139  
05/05 17:43:50 - mmengine - INFO - Epoch(val) [17][300/572]    eta: 0:00:21  time: 0.0775  data_time: 0.0196  memory: 1046  
05/05 17:43:54 - mmengine - INFO - Epoch(val) [17][350/572]    eta: 0:00:17  time: 0.0756  data_time: 0.0186  memory: 1059  
05/05 17:43:58 - mmengine - INFO - Epoch(val) [17][400/572]    eta: 0:00:13  time: 0.0724  data_time: 0.0147  memory: 1113  
05/05 17:44:01 - mmengine - INFO - Epoch(val) [17][450/572]    eta: 0:00:09  time: 0.0728  data_time: 0.0146  memory: 1113  
05/05 17:44:05 - mmengine - INFO - Epoch(val) [17][500/572]    eta: 0:00:05  time: 0.0779  data_time: 0.0199  memory: 1087  
05/05 17:44:09 - mmengine - INFO - Epoch(val) [17][550/572]    eta: 0:00:01  time: 0.0763  data_time: 0.0189  memory: 1033  
05/05 17:44:22 - mmengine - INFO - Evaluating bbox...
Loading and preparing results...
DONE (t=2.59s)
creating index...
index created!
Running per image evaluation...
Evaluate annotation type *bbox*
DONE (t=21.72s).
Accumulating evaluation results...
DONE (t=22.70s).
 Average Precision  (AP) @[ IoU=0.50:0.95 | area=   all | maxDets=100 ] = 0.171
 Average Precision  (AP) @[ IoU=0.50      | area=   all | maxDets=100 ] = 0.256
 Average Precision  (AP) @[ IoU=0.75      | area=   all | maxDets=100 ] = 0.194
 Average Precision  (AP) @[ IoU=0.50:0.95 | area= small | maxDets=100 ] = 0.037
 Average Precision  (AP) @[ IoU=0.50:0.95 | area=medium | maxDets=100 ] = 0.032
 Average Precision  (AP) @[ IoU=0.50:0.95 | area= large | maxDets=100 ] = 0.485
 Average Recall     (AR) @[ IoU=0.50:0.95 | area=   all | maxDets= 10 ] = 0.407
 Average Recall     (AR) @[ IoU=0.50:0.95 | area=   all | maxDets= 20 ] = 0.443
 Average Recall     (AR) @[ IoU=0.50:0.95 | area=   all | maxDets= 30 ] = 0.461
 Average Recall     (AR) @[ IoU=0.50:0.95 | area=   all | maxDets= 50 ] = 0.481
 Average Recall     (AR) @[ IoU=0.50:0.95 | area=   all | maxDets=100 ] = 0.503
 Average Recall     (AR) @[ IoU=0.50:0.95 | area=   all | maxDets=300 ] = 0.533
 Average Recall     (AR) @[ IoU=0.50:0.95 | area=   all | maxDets=500 ] = 0.540
 Average Recall     (AR) @[ IoU=0.50:0.95 | area=   all | maxDets=1000 ] = 0.543
 Average Recall     (AR) @[ IoU=0.50:0.95 | area=   all | maxDets=1500 ] = 0.543
05/05 17:45:13 - mmengine - INFO - Optimal score threshold: 0.6146043956279754
05/05 17:45:13 - mmengine - INFO - Non OS Detected Anomaly Score Threshold: 0.9019519686698914
05/05 17:45:14 - mmengine - INFO - Non OS All Anomaly Score Threshold: 0.6659767031669617
05/05 17:45:14 - mmengine - INFO - Detected Anomaly Score Threshold: 0.9019519686698914
05/05 17:45:14 - mmengine - INFO - All Anomaly Score Threshold: 0.7798100113868713
05/05 17:45:14 - mmengine - INFO - bbox_mAP_copypaste: 0.171 0.256 0.194 0.037 0.032 0.485
05/05 17:45:14 - mmengine - INFO - Epoch(val) [17][572/572]    dbf6/bbox_mAP: 0.1710  dbf6/bbox_mAP_50: 0.2560  dbf6/bbox_mAP_75: 0.1940  dbf6/bbox_mAP_s: 0.0370  dbf6/bbox_mAP_m: 0.0320  dbf6/bbox_mAP_l: 0.4850  data_time: 0.0184  time: 0.0763
  0%|          | 0/287 [00:00<?, ?it/s]  0%|          | 1/287 [00:00<01:53,  2.53it/s]  1%|          | 2/287 [00:00<01:55,  2.47it/s]  1%|          | 3/287 [00:01<02:04,  2.27it/s]  1%|▏         | 4/287 [00:01<02:00,  2.34it/s]  2%|▏         | 5/287 [00:02<01:55,  2.43it/s]  2%|▏         | 6/287 [00:02<01:53,  2.47it/s]  2%|▏         | 7/287 [00:02<02:00,  2.33it/s]  3%|▎         | 8/287 [00:03<01:57,  2.38it/s]  3%|▎         | 9/287 [00:03<02:00,  2.32it/s]  3%|▎         | 10/287 [00:04<01:59,  2.32it/s]  4%|▍         | 11/287 [00:04<01:57,  2.34it/s]  4%|▍         | 12/287 [00:05<01:54,  2.40it/s]  5%|▍         | 13/287 [00:05<01:52,  2.44it/s]  5%|▍         | 14/287 [00:05<01:49,  2.48it/s]  5%|▌         | 15/287 [00:06<01:47,  2.54it/s]  6%|▌         | 16/287 [00:06<01:47,  2.52it/s]  6%|▌         | 17/287 [00:07<01:48,  2.49it/s]  6%|▋         | 18/287 [00:07<01:51,  2.42it/s]  7%|▋         | 19/287 [00:07<01:49,  2.46it/s]  7%|▋         | 20/287 [00:08<01:48,  2.47it/s]  7%|▋         | 21/287 [00:08<01:49,  2.43it/s]  8%|▊         | 22/287 [00:09<01:46,  2.48it/s]  8%|▊         | 23/287 [00:09<01:45,  2.50it/s]  8%|▊         | 24/287 [00:09<01:45,  2.49it/s]  9%|▊         | 25/287 [00:10<01:43,  2.52it/s]  9%|▉         | 26/287 [00:10<01:51,  2.35it/s]  9%|▉         | 27/287 [00:11<01:50,  2.36it/s] 10%|▉         | 28/287 [00:11<01:46,  2.43it/s] 10%|█         | 29/287 [00:11<01:42,  2.51it/s] 10%|█         | 30/287 [00:12<01:40,  2.55it/s] 11%|█         | 31/287 [00:12<01:38,  2.60it/s] 11%|█         | 32/287 [00:13<01:39,  2.57it/s] 11%|█▏        | 33/287 [00:13<01:46,  2.39it/s] 12%|█▏        | 34/287 [00:13<01:44,  2.41it/s] 12%|█▏        | 35/287 [00:14<01:44,  2.42it/s] 13%|█▎        | 36/287 [00:14<01:43,  2.42it/s] 13%|█▎        | 37/287 [00:15<01:42,  2.45it/s] 13%|█▎        | 38/287 [00:15<01:45,  2.36it/s] 14%|█▎        | 39/287 [00:16<01:41,  2.44it/s] 14%|█▍        | 40/287 [00:16<01:42,  2.42it/s] 14%|█▍        | 41/287 [00:16<01:42,  2.40it/s] 15%|█▍        | 42/287 [00:17<01:46,  2.31it/s] 15%|█▍        | 43/287 [00:17<01:44,  2.33it/s] 15%|█▌        | 44/287 [00:18<01:49,  2.22it/s] 16%|█▌        | 45/287 [00:18<01:42,  2.36it/s] 16%|█▌        | 46/287 [00:19<01:40,  2.40it/s] 16%|█▋        | 47/287 [00:19<01:42,  2.35it/s] 17%|█▋        | 48/287 [00:19<01:40,  2.37it/s] 17%|█▋        | 49/287 [00:20<01:38,  2.43it/s] 17%|█▋        | 50/287 [00:20<01:42,  2.30it/s] 18%|█▊        | 51/287 [00:21<01:44,  2.26it/s] 18%|█▊        | 52/287 [00:21<01:42,  2.28it/s] 18%|█▊        | 53/287 [00:21<01:36,  2.44it/s] 19%|█▉        | 54/287 [00:22<01:39,  2.35it/s] 19%|█▉        | 55/287 [00:22<01:43,  2.24it/s] 20%|█▉        | 56/287 [00:23<01:41,  2.28it/s] 20%|█▉        | 57/287 [00:23<01:38,  2.33it/s] 20%|██        | 58/287 [00:24<01:41,  2.25it/s] 21%|██        | 59/287 [00:24<01:40,  2.27it/s] 21%|██        | 60/287 [00:25<01:42,  2.22it/s] 21%|██▏       | 61/287 [00:25<01:41,  2.23it/s] 22%|██▏       | 62/287 [00:25<01:38,  2.29it/s] 22%|██▏       | 63/287 [00:26<01:39,  2.25it/s] 22%|██▏       | 64/287 [00:26<01:42,  2.18it/s] 23%|██▎       | 65/287 [00:27<01:39,  2.24it/s] 23%|██▎       | 66/287 [00:27<01:43,  2.14it/s] 23%|██▎       | 67/287 [00:28<01:38,  2.23it/s] 24%|██▎       | 68/287 [00:28<01:33,  2.33it/s] 24%|██▍       | 69/287 [00:29<01:31,  2.38it/s] 24%|██▍       | 70/287 [00:29<01:35,  2.26it/s] 25%|██▍       | 71/287 [00:30<01:37,  2.22it/s] 25%|██▌       | 72/287 [00:30<01:33,  2.30it/s] 25%|██▌       | 73/287 [00:30<01:28,  2.41it/s] 26%|██▌       | 74/287 [00:31<01:26,  2.45it/s] 26%|██▌       | 75/287 [00:31<01:27,  2.43it/s] 26%|██▋       | 76/287 [00:32<01:26,  2.44it/s] 27%|██▋       | 77/287 [00:32<01:25,  2.45it/s] 27%|██▋       | 78/287 [00:32<01:23,  2.51it/s] 28%|██▊       | 79/287 [00:33<01:22,  2.53it/s] 28%|██▊       | 80/287 [00:33<01:21,  2.53it/s] 28%|██▊       | 81/287 [00:34<01:23,  2.46it/s] 29%|██▊       | 82/287 [00:34<01:23,  2.46it/s] 29%|██▉       | 83/287 [00:34<01:23,  2.45it/s] 29%|██▉       | 84/287 [00:35<01:18,  2.58it/s] 30%|██▉       | 85/287 [00:35<01:21,  2.46it/s] 30%|██▉       | 86/287 [00:36<01:25,  2.34it/s] 30%|███       | 87/287 [00:36<01:28,  2.27it/s] 31%|███       | 88/287 [00:37<01:30,  2.21it/s] 31%|███       | 89/287 [00:37<01:24,  2.36it/s] 31%|███▏      | 90/287 [00:37<01:23,  2.37it/s] 32%|███▏      | 91/287 [00:38<01:21,  2.42it/s] 32%|███▏      | 92/287 [00:38<01:20,  2.44it/s] 32%|███▏      | 93/287 [00:38<01:17,  2.49it/s] 33%|███▎      | 94/287 [00:39<01:16,  2.51it/s] 33%|███▎      | 95/287 [00:39<01:17,  2.47it/s] 33%|███▎      | 96/287 [00:40<01:17,  2.48it/s] 34%|███▍      | 97/287 [00:40<01:21,  2.32it/s] 34%|███▍      | 98/287 [00:41<01:19,  2.38it/s] 34%|███▍      | 99/287 [00:41<01:17,  2.43it/s] 35%|███▍      | 100/287 [00:41<01:16,  2.44it/s] 35%|███▌      | 101/287 [00:42<01:21,  2.29it/s] 36%|███▌      | 102/287 [00:42<01:24,  2.20it/s] 36%|███▌      | 103/287 [00:43<01:22,  2.24it/s] 36%|███▌      | 104/287 [00:43<01:18,  2.33it/s] 37%|███▋      | 105/287 [00:44<01:15,  2.40it/s] 37%|███▋      | 106/287 [00:44<01:18,  2.32it/s] 37%|███▋      | 107/287 [00:44<01:14,  2.41it/s] 38%|███▊      | 108/287 [00:45<01:17,  2.30it/s] 38%|███▊      | 109/287 [00:45<01:15,  2.35it/s] 38%|███▊      | 110/287 [00:46<01:12,  2.43it/s] 39%|███▊      | 111/287 [00:46<01:12,  2.44it/s] 39%|███▉      | 112/287 [00:46<01:10,  2.50it/s] 39%|███▉      | 113/287 [00:47<01:09,  2.49it/s] 40%|███▉      | 114/287 [00:47<01:09,  2.48it/s] 40%|████      | 115/287 [00:48<01:09,  2.48it/s] 40%|████      | 116/287 [00:48<01:10,  2.43it/s] 41%|████      | 117/287 [00:49<01:08,  2.47it/s] 41%|████      | 118/287 [00:49<01:08,  2.47it/s] 41%|████▏     | 119/287 [00:49<01:05,  2.55it/s] 42%|████▏     | 120/287 [00:50<01:10,  2.37it/s] 42%|████▏     | 121/287 [00:50<01:07,  2.44it/s] 43%|████▎     | 122/287 [00:51<01:07,  2.46it/s] 43%|████▎     | 123/287 [00:51<01:06,  2.46it/s] 43%|████▎     | 124/287 [00:51<01:10,  2.32it/s] 44%|████▎     | 125/287 [00:52<01:07,  2.41it/s] 44%|████▍     | 126/287 [00:52<01:04,  2.48it/s] 44%|████▍     | 127/287 [00:53<01:03,  2.52it/s] 45%|████▍     | 128/287 [00:53<01:06,  2.40it/s] 45%|████▍     | 129/287 [00:53<01:05,  2.40it/s] 45%|████▌     | 130/287 [00:54<01:05,  2.41it/s] 46%|████▌     | 131/287 [00:54<01:03,  2.46it/s] 46%|████▌     | 132/287 [00:55<01:07,  2.29it/s] 46%|████▋     | 133/287 [00:55<01:03,  2.41it/s] 47%|████▋     | 134/287 [00:56<01:02,  2.43it/s] 47%|████▋     | 135/287 [00:56<01:05,  2.33it/s] 47%|████▋     | 136/287 [00:56<01:04,  2.33it/s] 48%|████▊     | 137/287 [00:57<01:04,  2.31it/s] 48%|████▊     | 138/287 [00:57<01:03,  2.35it/s] 48%|████▊     | 139/287 [00:58<01:06,  2.23it/s] 49%|████▉     | 140/287 [00:58<01:03,  2.31it/s] 49%|████▉     | 141/287 [00:59<01:02,  2.33it/s] 49%|████▉     | 142/287 [00:59<01:04,  2.24it/s] 50%|████▉     | 143/287 [01:00<01:05,  2.19it/s] 50%|█████     | 144/287 [01:00<01:06,  2.16it/s] 51%|█████     | 145/287 [01:00<01:03,  2.23it/s] 51%|█████     | 146/287 [01:01<01:01,  2.31it/s] 51%|█████     | 147/287 [01:01<01:00,  2.33it/s] 52%|█████▏    | 148/287 [01:02<00:57,  2.42it/s] 52%|█████▏    | 149/287 [01:02<00:57,  2.40it/s] 52%|█████▏    | 150/287 [01:03<00:56,  2.41it/s] 53%|█████▎    | 151/287 [01:03<00:55,  2.46it/s] 53%|█████▎    | 152/287 [01:03<00:58,  2.31it/s] 53%|█████▎    | 153/287 [01:04<00:57,  2.33it/s] 54%|█████▎    | 154/287 [01:04<00:54,  2.44it/s] 54%|█████▍    | 155/287 [01:05<00:53,  2.48it/s] 54%|█████▍    | 156/287 [01:05<00:51,  2.53it/s] 55%|█████▍    | 157/287 [01:05<00:53,  2.45it/s] 55%|█████▌    | 158/287 [01:06<00:52,  2.48it/s] 55%|█████▌    | 159/287 [01:06<00:52,  2.45it/s] 56%|█████▌    | 160/287 [01:07<00:51,  2.48it/s] 56%|█████▌    | 161/287 [01:07<00:49,  2.54it/s] 56%|█████▋    | 162/287 [01:07<00:50,  2.46it/s] 57%|█████▋    | 163/287 [01:08<00:55,  2.24it/s] 57%|█████▋    | 164/287 [01:08<00:53,  2.30it/s] 57%|█████▋    | 165/287 [01:09<00:54,  2.25it/s] 58%|█████▊    | 166/287 [01:09<00:50,  2.37it/s] 58%|█████▊    | 167/287 [01:10<00:51,  2.33it/s] 59%|█████▊    | 168/287 [01:10<00:49,  2.42it/s] 59%|█████▉    | 169/287 [01:10<00:47,  2.49it/s] 59%|█████▉    | 170/287 [01:11<00:46,  2.49it/s] 60%|█████▉    | 171/287 [01:11<00:48,  2.41it/s] 60%|█████▉    | 172/287 [01:12<00:47,  2.42it/s] 60%|██████    | 173/287 [01:12<00:46,  2.43it/s] 61%|██████    | 174/287 [01:12<00:46,  2.40it/s] 61%|██████    | 175/287 [01:13<00:44,  2.54it/s] 61%|██████▏   | 176/287 [01:13<00:46,  2.41it/s] 62%|██████▏   | 177/287 [01:14<00:44,  2.45it/s] 62%|██████▏   | 178/287 [01:14<00:43,  2.52it/s] 62%|██████▏   | 179/287 [01:14<00:42,  2.52it/s] 63%|██████▎   | 180/287 [01:15<00:42,  2.54it/s] 63%|██████▎   | 181/287 [01:15<00:45,  2.33it/s] 63%|██████▎   | 182/287 [01:16<00:45,  2.28it/s] 64%|██████▍   | 183/287 [01:16<00:44,  2.35it/s] 64%|██████▍   | 184/287 [01:17<00:42,  2.43it/s] 64%|██████▍   | 185/287 [01:17<00:42,  2.40it/s] 65%|██████▍   | 186/287 [01:17<00:43,  2.32it/s] 65%|██████▌   | 187/287 [01:18<00:44,  2.27it/s] 66%|██████▌   | 188/287 [01:18<00:43,  2.29it/s] 66%|██████▌   | 189/287 [01:19<00:41,  2.37it/s] 66%|██████▌   | 190/287 [01:19<00:39,  2.46it/s] 67%|██████▋   | 191/287 [01:19<00:37,  2.53it/s] 67%|██████▋   | 192/287 [01:20<00:37,  2.52it/s] 67%|██████▋   | 193/287 [01:20<00:37,  2.51it/s] 68%|██████▊   | 194/287 [01:21<00:39,  2.35it/s] 68%|██████▊   | 195/287 [01:21<00:38,  2.37it/s] 68%|██████▊   | 196/287 [01:22<00:37,  2.43it/s] 69%|██████▊   | 197/287 [01:22<00:38,  2.31it/s] 69%|██████▉   | 198/287 [01:22<00:38,  2.32it/s] 69%|██████▉   | 199/287 [01:23<00:36,  2.40it/s] 70%|██████▉   | 200/287 [01:23<00:35,  2.43it/s] 70%|███████   | 201/287 [01:24<00:35,  2.45it/s] 70%|███████   | 202/287 [01:24<00:36,  2.30it/s] 71%|███████   | 203/287 [01:25<00:36,  2.29it/s] 71%|███████   | 204/287 [01:25<00:34,  2.38it/s] 71%|███████▏  | 205/287 [01:25<00:34,  2.39it/s] 72%|███████▏  | 206/287 [01:26<00:34,  2.35it/s] 72%|███████▏  | 207/287 [01:26<00:32,  2.46it/s] 72%|███████▏  | 208/287 [01:27<00:32,  2.42it/s] 73%|███████▎  | 209/287 [01:27<00:31,  2.44it/s] 73%|███████▎  | 210/287 [01:27<00:32,  2.35it/s] 74%|███████▎  | 211/287 [01:28<00:31,  2.39it/s] 74%|███████▍  | 212/287 [01:28<00:31,  2.37it/s] 74%|███████▍  | 213/287 [01:29<00:31,  2.39it/s] 75%|███████▍  | 214/287 [01:29<00:30,  2.37it/s] 75%|███████▍  | 215/287 [01:30<00:29,  2.45it/s] 75%|███████▌  | 216/287 [01:30<00:28,  2.48it/s] 76%|███████▌  | 217/287 [01:30<00:27,  2.58it/s] 76%|███████▌  | 218/287 [01:31<00:27,  2.52it/s] 76%|███████▋  | 219/287 [01:31<00:27,  2.49it/s] 77%|███████▋  | 220/287 [01:32<00:27,  2.45it/s] 77%|███████▋  | 221/287 [01:32<00:27,  2.42it/s] 77%|███████▋  | 222/287 [01:32<00:26,  2.41it/s] 78%|███████▊  | 223/287 [01:33<00:26,  2.44it/s] 78%|███████▊  | 224/287 [01:33<00:26,  2.42it/s] 78%|███████▊  | 225/287 [01:34<00:25,  2.47it/s] 79%|███████▊  | 226/287 [01:34<00:25,  2.42it/s] 79%|███████▉  | 227/287 [01:34<00:25,  2.38it/s] 79%|███████▉  | 228/287 [01:35<00:24,  2.38it/s] 80%|███████▉  | 229/287 [01:35<00:24,  2.36it/s] 80%|████████  | 230/287 [01:36<00:23,  2.48it/s] 80%|████████  | 231/287 [01:36<00:22,  2.49it/s] 81%|████████  | 232/287 [01:37<00:23,  2.32it/s] 81%|████████  | 233/287 [01:37<00:24,  2.21it/s] 82%|████████▏ | 234/287 [01:37<00:22,  2.31it/s] 82%|████████▏ | 235/287 [01:38<00:21,  2.37it/s] 82%|████████▏ | 236/287 [01:38<00:22,  2.26it/s] 83%|████████▎ | 237/287 [01:39<00:20,  2.42it/s] 83%|████████▎ | 238/287 [01:39<00:20,  2.43it/s] 83%|████████▎ | 239/287 [01:39<00:19,  2.48it/s] 84%|████████▎ | 240/287 [01:40<00:19,  2.46it/s] 84%|████████▍ | 241/287 [01:40<00:19,  2.37it/s] 84%|████████▍ | 242/287 [01:41<00:19,  2.31it/s] 85%|████████▍ | 243/287 [01:41<00:18,  2.32it/s] 85%|████████▌ | 244/287 [01:42<00:17,  2.44it/s] 85%|████████▌ | 245/287 [01:42<00:18,  2.29it/s] 86%|████████▌ | 246/287 [01:43<00:17,  2.30it/s] 86%|████████▌ | 247/287 [01:43<00:17,  2.35it/s] 86%|████████▋ | 248/287 [01:43<00:16,  2.41it/s] 87%|████████▋ | 249/287 [01:44<00:15,  2.49it/s] 87%|████████▋ | 250/287 [01:44<00:15,  2.33it/s] 87%|████████▋ | 251/287 [01:45<00:15,  2.39it/s] 88%|████████▊ | 252/287 [01:45<00:14,  2.40it/s] 88%|████████▊ | 253/287 [01:45<00:13,  2.44it/s] 89%|████████▊ | 254/287 [01:46<00:13,  2.44it/s] 89%|████████▉ | 255/287 [01:46<00:13,  2.41it/s] 89%|████████▉ | 256/287 [01:47<00:12,  2.47it/s] 90%|████████▉ | 257/287 [01:47<00:12,  2.47it/s] 90%|████████▉ | 258/287 [01:47<00:11,  2.46it/s] 90%|█████████ | 259/287 [01:48<00:11,  2.47it/s] 91%|█████████ | 260/287 [01:48<00:10,  2.48it/s] 91%|█████████ | 261/287 [01:49<00:11,  2.31it/s] 91%|█████████▏| 262/287 [01:49<00:10,  2.44it/s] 92%|█████████▏| 263/287 [01:49<00:09,  2.42it/s] 92%|█████████▏| 264/287 [01:50<00:09,  2.42it/s] 92%|█████████▏| 265/287 [01:50<00:09,  2.41it/s] 93%|█████████▎| 266/287 [01:51<00:08,  2.40it/s] 93%|█████████▎| 267/287 [01:51<00:07,  2.54it/s] 93%|█████████▎| 268/287 [01:52<00:08,  2.36it/s] 94%|█████████▎| 269/287 [01:52<00:07,  2.39it/s] 94%|█████████▍| 270/287 [01:52<00:07,  2.39it/s] 94%|█████████▍| 271/287 [01:53<00:06,  2.38it/s] 95%|█████████▍| 272/287 [01:53<00:06,  2.39it/s] 95%|█████████▌| 273/287 [01:54<00:05,  2.47it/s] 95%|█████████▌| 274/287 [01:54<00:05,  2.48it/s] 96%|█████████▌| 275/287 [01:54<00:04,  2.50it/s] 96%|█████████▌| 276/287 [01:55<00:04,  2.50it/s] 97%|█████████▋| 277/287 [01:55<00:04,  2.30it/s] 97%|█████████▋| 278/287 [01:56<00:04,  2.22it/s] 97%|█████████▋| 279/287 [01:56<00:03,  2.22it/s] 98%|█████████▊| 280/287 [01:57<00:03,  2.20it/s] 98%|█████████▊| 281/287 [01:57<00:02,  2.32it/s] 98%|█████████▊| 282/287 [01:58<00:02,  2.30it/s] 99%|█████████▊| 283/287 [01:58<00:01,  2.32it/s] 99%|█████████▉| 284/287 [01:58<00:01,  2.30it/s] 99%|█████████▉| 285/287 [01:59<00:00,  2.34it/s]100%|█████████▉| 286/287 [01:59<00:00,  2.44it/s]100%|██████████| 287/287 [02:00<00:00,  2.57it/s]100%|██████████| 287/287 [02:00<00:00,  2.39it/s]
/home3/qljx17/MMOln-ssos/mmdetection/mmdet/models/dense_heads/anchor_head.py:115: UserWarning: DeprecationWarning: anchor_generator is deprecated, please use "prior_generator" instead
  warnings.warn('DeprecationWarning: anchor_generator is deprecated, '
/home3/qljx17/MMOln-ssos/mmdetection/mmdet/models/task_modules/samplers/sampling_result.py:132: UserWarning: DeprecationWarning: pos_bboxes is deprecated, please use "pos_priors" instead
  warnings.warn('DeprecationWarning: pos_bboxes is deprecated, '
loading annotations into memory...
Done (t=0.04s)
creating index...
index created!
05/05 17:48:24 - mmengine - INFO - Epoch(train) [18][ 50/287]  base_lr: 1.0000e-04 lr: 6.9834e-05  eta: 0:07:09  time: 3.7937  data_time: 2.5682  memory: 47312  loss: 0.2931  loss_rpn_cls: 0.0000  loss_rpn_bbox: 0.0923  loss_rpn_obj: 0.0190  loss_bbox: 0.0336  loss_bbox_score: 0.0017  loss_ood: 0.0134  loss_pseudo_class: 0.1332
05/05 17:49:33 - mmengine - INFO - Epoch(train) [18][100/287]  base_lr: 1.0000e-04 lr: 6.9834e-05  eta: 0:05:38  time: 1.3833  data_time: 0.1498  memory: 47312  loss: 0.2890  loss_rpn_cls: 0.0000  loss_rpn_bbox: 0.0804  loss_rpn_obj: 0.0199  loss_bbox: 0.0337  loss_bbox_score: 0.0017  loss_ood: 0.0138  loss_pseudo_class: 0.1395
05/05 17:50:03 - mmengine - INFO - Exp name: oln_ssos_box_convnext-t-p4-w7_fpn_amp-ms-crop-3x_dbf6_oodsampling1_startepoch3_k10_20250505_144606
05/05 17:50:44 - mmengine - INFO - Epoch(train) [18][150/287]  base_lr: 1.0000e-04 lr: 6.9834e-05  eta: 0:04:07  time: 1.4214  data_time: 0.1536  memory: 47313  loss: 0.3020  loss_rpn_cls: 0.0000  loss_rpn_bbox: 0.0883  loss_rpn_obj: 0.0197  loss_bbox: 0.0345  loss_bbox_score: 0.0017  loss_ood: 0.0138  loss_pseudo_class: 0.1439
05/05 17:51:53 - mmengine - INFO - Epoch(train) [18][200/287]  base_lr: 1.0000e-04 lr: 6.9834e-05  eta: 0:02:36  time: 1.3772  data_time: 0.1516  memory: 47312  loss: 0.3817  loss_rpn_cls: 0.0000  loss_rpn_bbox: 0.0914  loss_rpn_obj: 0.0186  loss_bbox: 0.0335  loss_bbox_score: 0.0017  loss_ood: 0.0143  loss_pseudo_class: 0.2222
05/05 17:53:02 - mmengine - INFO - Epoch(train) [18][250/287]  base_lr: 1.0000e-04 lr: 6.9834e-05  eta: 0:01:06  time: 1.3816  data_time: 0.1531  memory: 47312  loss: 0.3328  loss_rpn_cls: 0.0000  loss_rpn_bbox: 0.0816  loss_rpn_obj: 0.0203  loss_bbox: 0.0322  loss_bbox_score: 0.0017  loss_ood: 0.0148  loss_pseudo_class: 0.1822
05/05 17:53:53 - mmengine - INFO - Exp name: oln_ssos_box_convnext-t-p4-w7_fpn_amp-ms-crop-3x_dbf6_oodsampling1_startepoch3_k10_20250505_144606
05/05 17:53:53 - mmengine - INFO - Saving checkpoint at 18 epochs
/home3/qljx17/MMOln-ssos/mmdetection/mmdet/models/dense_heads/anchor_head.py:115: UserWarning: DeprecationWarning: anchor_generator is deprecated, please use "prior_generator" instead
  warnings.warn('DeprecationWarning: anchor_generator is deprecated, '
05/05 17:53:59 - mmengine - INFO - Epoch(val) [18][ 50/572]    eta: 0:00:39  time: 0.0757  data_time: 0.0185  memory: 47312  
05/05 17:54:03 - mmengine - INFO - Epoch(val) [18][100/572]    eta: 0:00:37  time: 0.0814  data_time: 0.0212  memory: 1139  
05/05 17:54:07 - mmengine - INFO - Epoch(val) [18][150/572]    eta: 0:00:32  time: 0.0752  data_time: 0.0185  memory: 1021  
05/05 17:54:10 - mmengine - INFO - Epoch(val) [18][200/572]    eta: 0:00:28  time: 0.0760  data_time: 0.0187  memory: 1059  
05/05 17:54:14 - mmengine - INFO - Epoch(val) [18][250/572]    eta: 0:00:24  time: 0.0768  data_time: 0.0185  memory: 1139  
05/05 17:54:18 - mmengine - INFO - Epoch(val) [18][300/572]    eta: 0:00:20  time: 0.0775  data_time: 0.0197  memory: 1046  
05/05 17:54:22 - mmengine - INFO - Epoch(val) [18][350/572]    eta: 0:00:17  time: 0.0753  data_time: 0.0183  memory: 1059  
05/05 17:54:26 - mmengine - INFO - Epoch(val) [18][400/572]    eta: 0:00:13  time: 0.0714  data_time: 0.0140  memory: 1113  
05/05 17:54:29 - mmengine - INFO - Epoch(val) [18][450/572]    eta: 0:00:09  time: 0.0710  data_time: 0.0135  memory: 1113  
05/05 17:54:33 - mmengine - INFO - Epoch(val) [18][500/572]    eta: 0:00:05  time: 0.0779  data_time: 0.0199  memory: 1087  
05/05 17:54:37 - mmengine - INFO - Epoch(val) [18][550/572]    eta: 0:00:01  time: 0.0759  data_time: 0.0186  memory: 1033  
05/05 17:54:51 - mmengine - INFO - Evaluating bbox...
Loading and preparing results...
DONE (t=2.19s)
creating index...
index created!
Running per image evaluation...
Evaluate annotation type *bbox*
DONE (t=22.81s).
Accumulating evaluation results...
DONE (t=22.82s).
 Average Precision  (AP) @[ IoU=0.50:0.95 | area=   all | maxDets=100 ] = 0.197
 Average Precision  (AP) @[ IoU=0.50      | area=   all | maxDets=100 ] = 0.387
 Average Precision  (AP) @[ IoU=0.75      | area=   all | maxDets=100 ] = 0.186
 Average Precision  (AP) @[ IoU=0.50:0.95 | area= small | maxDets=100 ] = 0.092
 Average Precision  (AP) @[ IoU=0.50:0.95 | area=medium | maxDets=100 ] = 0.098
 Average Precision  (AP) @[ IoU=0.50:0.95 | area= large | maxDets=100 ] = 0.436
 Average Recall     (AR) @[ IoU=0.50:0.95 | area=   all | maxDets= 10 ] = 0.377
 Average Recall     (AR) @[ IoU=0.50:0.95 | area=   all | maxDets= 20 ] = 0.406
 Average Recall     (AR) @[ IoU=0.50:0.95 | area=   all | maxDets= 30 ] = 0.423
 Average Recall     (AR) @[ IoU=0.50:0.95 | area=   all | maxDets= 50 ] = 0.445
 Average Recall     (AR) @[ IoU=0.50:0.95 | area=   all | maxDets=100 ] = 0.472
 Average Recall     (AR) @[ IoU=0.50:0.95 | area=   all | maxDets=300 ] = 0.497
 Average Recall     (AR) @[ IoU=0.50:0.95 | area=   all | maxDets=500 ] = 0.504
 Average Recall     (AR) @[ IoU=0.50:0.95 | area=   all | maxDets=1000 ] = 0.507
 Average Recall     (AR) @[ IoU=0.50:0.95 | area=   all | maxDets=1500 ] = 0.507
05/05 17:55:43 - mmengine - INFO - Optimal score threshold: 0.4567691504955292
05/05 17:55:43 - mmengine - INFO - Non OS Detected Anomaly Score Threshold: 0.845548689365387
05/05 17:55:44 - mmengine - INFO - Non OS All Anomaly Score Threshold: 0.5659803748130798
05/05 17:55:44 - mmengine - INFO - Detected Anomaly Score Threshold: 0.8463031053543091
05/05 17:55:44 - mmengine - INFO - All Anomaly Score Threshold: 0.6245158314704895
05/05 17:55:44 - mmengine - INFO - bbox_mAP_copypaste: 0.197 0.387 0.186 0.092 0.098 0.436
05/05 17:55:44 - mmengine - INFO - Epoch(val) [18][572/572]    dbf6/bbox_mAP: 0.1970  dbf6/bbox_mAP_50: 0.3870  dbf6/bbox_mAP_75: 0.1860  dbf6/bbox_mAP_s: 0.0920  dbf6/bbox_mAP_m: 0.0980  dbf6/bbox_mAP_l: 0.4360  data_time: 0.0181  time: 0.0757
